<?xml version="1.0" encoding="utf-8"?>
<COLLADA xmlns="http://www.collada.org/2005/11/COLLADASchema" version="1.4.0">
  <asset>
    <contributor>
      <author></author>
      <authoring_tool>FBX COLLADA exporter</authoring_tool>
      <comments></comments>
    </contributor>
    <created>2017-01-06T23:02:26Z</created>
    <modified>2017-01-06T23:02:26Z</modified>
    <revision></revision>
    <title></title>
    <subject></subject>
    <keywords></keywords>
    <unit meter="0.010000"/>
    <up_axis>Y_UP</up_axis>
  </asset>
  <library_images>
    <image id="file5-image" name="file5">
      <init_from>FusionCore_D.png</init_from>
    </image>
    <image id="file6-image" name="file6">
      <init_from>FusionCore_S.png</init_from>
    </image>
  </library_images>
  <library_materials>
    <material id="blinn1" name="blinn1">
      <instance_effect url="#blinn1-fx"/>
    </material>
  </library_materials>
  <library_effects>
    <effect id="blinn1-fx" name="blinn1">
      <profile_COMMON>
        <technique sid="standard">
          <phong>
            <emission>
              <color sid="emission">0.000000  0.000000 0.000000 1.000000</color>
            </emission>
            <ambient>
              <color sid="ambient">0.000000  0.000000 0.000000 1.000000</color>
            </ambient>
            <diffuse>
              <texture texture="file5-image" texcoord="CHANNEL0">
                <extra>
                  <technique profile="MAYA">
                    <wrapU sid="wrapU0">TRUE</wrapU>
                    <wrapV sid="wrapV0">TRUE</wrapV>
                    <blend_mode>NONE</blend_mode>
                  </technique>
                </extra>
              </texture>
            </diffuse>
            <specular>
              <texture texture="file6-image" texcoord="CHANNEL0">
                <extra>
                  <technique profile="MAYA">
                    <wrapU sid="wrapU0">TRUE</wrapU>
                    <wrapV sid="wrapV0">TRUE</wrapV>
                    <blend_mode>NONE</blend_mode>
                  </technique>
                </extra>
              </texture>
            </specular>
            <shininess>
              <float sid="shininess">1.245731</float>
            </shininess>
            <reflective>
              <color sid="reflective">0.000000  0.000000 0.000000 1.000000</color>
            </reflective>
            <reflectivity>
              <float sid="reflectivity">0.000000</float>
            </reflectivity>
            <transparent>
              <color sid="transparent">0.000000  0.000000 0.000000 1.000000</color>
            </transparent>
            <transparency>
              <float sid="transparency">1.000000</float>
            </transparency>
          </phong>
        </technique>
      </profile_COMMON>
    </effect>
  </library_effects>
  <library_geometries>
    <geometry id="transform1-lib" name="transform1Mesh">
      <mesh>
        <source id="transform1-lib-Position">
          <float_array id="transform1-lib-Position-array" count="1458">
2.464844 -1.509766 1.098633
2.638672 -1.252930 0.602539
2.673828 3.925781 0.301270
2.439453 3.925781 1.173828
2.269531 -1.991211 1.444336
1.687500 3.925781 2.117188
1.687500 -2.873047 2.117188
0.888184 -2.873047 2.539063
1.687500 -2.873047 2.117188
1.687500 3.925781 2.117188
0.888184 3.925781 2.539063
-2.269531 -1.991211 1.444336
-1.687500 -2.873047 2.117188
-1.687500 3.925781 2.117188
-2.277344 3.925781 1.430664
-2.464844 -1.509766 1.098633
-2.638672 -1.252930 0.602539
-2.638672 3.925781 0.602539
-2.634766 3.925781 -0.424561
-2.638672 -1.252930 -0.602539
-2.464844 -1.509766 -1.098633
-2.277344 3.925781 -1.430664
-2.269531 -1.991211 -1.444336
-1.687500 3.925781 -2.117188
-1.687500 -2.873047 -2.117188
0.888184 -2.873047 -2.539063
0.888184 3.925781 -2.539063
1.687500 3.925781 -2.117188
1.687500 -2.873047 -2.117188
2.269531 -1.991211 -1.443359
2.277344 3.925781 -1.430664
2.464844 -1.509766 -1.098633
2.638672 -1.252930 -0.602539
2.638672 3.925781 -0.602539
2.589844 -6.281250 0.590820
2.298828 -6.816406 0.217041
2.630859 -6.281250 0.217041
2.130859 -6.816406 0.901367
0.871582 -6.281250 2.492188
0.762695 -6.816406 2.179688
1.352539 -6.816406 1.876953
1.560547 -6.281250 2.136719
0.217041 -6.816406 2.298828
0.217041 -6.281250 2.630859
-0.762695 -6.816406 2.179688
-0.217041 -6.816406 2.298828
-0.217041 -6.281250 2.630859
-0.871582 -6.281250 2.492188
-1.352539 -6.816406 1.876953
-1.560547 -6.281250 2.136719
-2.589844 -6.281250 0.590820
-2.130859 -6.816406 0.901367
-2.429688 -6.281250 1.045898
-2.630859 -6.281250 0.217041
-2.298828 -6.816406 0.217041
-2.589844 -6.281250 -0.590820
-2.298828 -6.816406 -0.217041
-2.630859 -6.281250 -0.217041
-2.130859 -6.816406 -0.901367
-0.762695 -6.816406 -2.179688
-1.352539 -6.816406 -1.876953
-1.560547 -6.281250 -2.136719
-0.871582 -6.281250 -2.492188
-0.217041 -6.816406 -2.298828
-0.217041 -6.281250 -2.630859
0.762695 -6.816406 -2.179688
0.217041 -6.816406 -2.298828
0.217041 -6.281250 -2.630859
0.871582 -6.281250 -2.492188
1.560547 -6.281250 -2.136719
1.352539 -6.816406 -1.876953
2.589844 -6.281250 -0.590820
2.130859 -6.816406 -0.901367
2.429688 -6.281250 -1.045898
2.630859 -6.281250 -0.217041
2.298828 -6.816406 -0.217041
2.707031 -6.000000 0.000004
2.707031 -5.253906 0.000004
2.638672 -5.253906 0.602539
2.638672 -6.000000 0.602539
2.476563 -5.253906 1.067383
2.476563 -6.000000 1.067383
0.888184 -5.253906 2.539063
0.888184 -6.000000 2.539063
1.591797 -6.000000 2.175781
1.591797 -5.253906 2.175781
0.000000 -6.000000 2.707031
0.000000 -5.253906 2.707031
-0.888184 -6.000000 2.539063
-0.888184 -5.253906 2.539063
-1.591797 -5.253906 2.175781
-1.591797 -6.000000 2.175781
-2.638672 -5.253906 0.602539
-2.638672 -6.000000 0.602539
-2.476563 -6.000000 1.067383
-2.476563 -5.253906 1.067383
-2.707031 -6.000000 0.000003
-2.707031 -5.253906 0.000003
-2.638672 -6.000000 -0.602539
-2.638672 -5.253906 -0.602539
-2.476563 -6.000000 -1.067383
-2.476563 -5.253906 -1.067383
-1.591797 -6.000000 -2.175781
-1.591797 -5.253906 -2.175781
-0.888184 -5.253906 -2.539063
-0.888184 -6.000000 -2.539063
0.000003 -6.000000 -2.707031
0.000003 -5.253906 -2.707031
0.888184 -6.000000 -2.539063
0.888184 -5.253906 -2.539063
1.591797 -5.253906 -2.175781
1.591797 -6.000000 -2.175781
2.476563 -6.000000 -1.067383
2.476563 -5.253906 -1.067383
2.638672 -5.253906 -0.602539
2.638672 -6.000000 -0.602539
1.364258 -4.359375 1.531250
1.779297 -4.363281 1.016602
1.782227 -4.070313 1.074219
1.304688 -4.117188 1.635742
0.676270 -4.359375 1.932617
1.364258 -4.359375 1.531250
1.304688 -4.117188 1.635742
0.686523 -4.117188 1.961914
0.000000 -4.359375 2.060547
0.000000 -4.117188 2.091797
-0.676270 -4.359375 1.932617
-0.686523 -4.117188 1.961914
-1.364258 -4.359375 1.531250
-1.304688 -4.117188 1.635742
-1.779297 -4.363281 1.016602
-1.782227 -4.070313 1.074219
-1.945313 -3.738281 -0.731445
-2.007813 -4.359375 0.000004
-1.945313 -3.738281 0.731445
-1.364258 -4.359375 -1.531250
-1.780273 -4.363281 -1.015625
-1.782227 -4.070313 -1.074219
-1.304688 -4.117188 -1.635742
-0.676270 -4.359375 -1.932617
-0.686523 -4.117188 -1.961914
0.000002 -4.359375 -2.060547
0.000002 -4.117188 -2.091797
0.676270 -4.359375 -1.932617
0.686523 -4.117188 -1.961914
1.304688 -4.117188 -1.635742
1.364258 -4.359375 -1.531250
1.779297 -4.363281 -1.016602
1.782227 -4.070313 -1.074219
1.945313 -3.738281 0.731445
2.007813 -4.359375 0.000003
1.945313 -3.738281 -0.731445
2.429688 -6.281250 1.045898
1.671875 -6.140625 2.095703
-2.416016 -6.140625 1.163086
-2.429688 -6.281250 -1.045898
-1.671875 -6.140625 -2.095703
2.416016 -6.140625 -1.163086
-1.988281 -2.748047 0.596680
-1.988281 -2.748047 -0.596680
-2.238281 -2.808594 -1.493164
2.238281 -2.808594 -1.493164
2.638672 -5.253906 0.602539
2.707031 -5.253906 0.000004
2.218750 -4.789063 0.000003
2.638672 -5.253906 -0.602539
2.087891 -4.789063 -0.880859
0.888184 -5.253906 -2.539063
0.747070 -4.789063 -2.134766
1.323242 -4.789063 -1.839844
1.591797 -5.253906 -2.175781
0.000003 -5.253906 -2.707031
0.000002 -4.789063 -2.275391
-0.888184 -5.253906 -2.539063
-0.747070 -4.789063 -2.134766
-1.591797 -5.253906 -2.175781
-1.323242 -4.789063 -1.839844
-2.476563 -5.253906 -1.067383
-2.638672 -5.253906 -0.602539
-2.087891 -4.789063 -0.880859
-2.707031 -5.253906 0.000003
-2.218750 -4.789063 0.000003
-2.638672 -5.253906 0.602539
-2.087891 -4.789063 0.880859
-0.888184 -5.253906 2.539063
-0.747070 -4.789063 2.134766
-1.323242 -4.789063 1.839844
-1.591797 -5.253906 2.175781
0.000000 -5.253906 2.707031
0.000000 -4.789063 2.275391
0.888184 -5.253906 2.539063
0.747070 -4.789063 2.134766
1.591797 -5.253906 2.175781
1.323242 -4.789063 1.839844
2.087891 -4.789063 0.880859
2.476563 -5.253906 1.067383
-1.396484 -5.410156 -1.661133
-1.849609 -5.425781 -1.015625
-1.795898 -4.875000 -0.989746
-1.356445 -4.843750 -1.641602
1.906250 -6.457031 1.042969
1.440430 -6.457031 1.626953
1.326172 -6.902344 1.482422
1.740234 -6.902344 0.962891
-1.440430 -6.457031 1.626953
-1.906250 -6.457031 1.042969
-1.740234 -6.902344 0.962891
-1.326172 -6.902344 1.482422
-1.906250 -6.457031 -1.042969
-1.440430 -6.457031 -1.626953
-1.326172 -6.902344 -1.482422
-1.740234 -6.902344 -0.962891
1.440430 -6.457031 -1.626953
1.906250 -6.457031 -1.042969
1.740234 -6.902344 -0.962891
1.326172 -6.902344 -1.482422
-2.236328 -6.320313 1.202148
-1.669922 -6.320313 1.913086
1.669922 -6.320313 1.913086
2.236328 -6.320313 1.202148
1.669922 -6.320313 -1.913086
2.236328 -6.320313 -1.202148
-2.236328 -6.320313 -1.202148
-1.669922 -6.320313 -1.913086
2.314453 -5.871094 -1.176758
1.930664 -5.410156 -0.991699
1.707031 -5.941406 1.959961
1.401367 -5.425781 1.577148
1.849609 -5.425781 1.015625
-1.662109 -5.871094 -1.994141
-1.396484 -5.410156 -1.661133
2.146484 -3.292969 1.415039
1.613281 -3.291016 2.023438
1.613281 -3.291016 2.023438
0.849609 -3.291016 2.427734
0.000000 -3.291016 2.587891
-0.849609 -3.291016 2.427734
-1.613281 -3.291016 2.023438
-2.146484 -3.292969 1.415039
-2.306641 -2.982422 1.167969
-2.306641 -2.298828 1.165039
-2.468750 -1.751953 0.734375
-2.468750 -1.751953 -0.734375
-2.306641 -2.298828 -1.165039
-2.306641 -2.982422 -1.167969
-2.146484 -3.292969 -1.415039
-1.613281 -3.291016 -2.023438
-0.849609 -3.291016 -2.427734
0.000003 -3.291016 -2.587891
0.849609 -3.291016 -2.427734
1.613281 -3.291016 -2.023438
2.146484 -3.292969 -1.415039
1.988281 -2.748047 -0.596680
2.468750 -1.751953 -0.734375
2.468750 -1.751953 0.734375
1.988281 -2.748047 0.596680
-2.238281 -2.808594 1.493164
2.238281 -2.808594 1.493164
0.000000 -2.873047 2.707031
-0.888184 -2.873047 2.539063
-0.888184 -2.873047 -2.539063
0.000003 -2.873047 -2.707031
1.662109 -5.871094 -1.994141
1.396484 -5.410156 -1.661133
-2.291016 -5.871094 -1.228516
-1.849609 -5.425781 -1.015625
-2.291016 -5.941406 1.228516
-1.707031 -5.941406 1.959961
-1.401367 -5.425781 1.577148
-1.849609 -5.425781 1.015625
2.291016 -5.941406 1.228516
1.849609 -5.425781 1.015625
1.878906 -4.363281 -0.814453
1.930664 -5.410156 -0.991699
1.396484 -5.410156 -1.661133
-1.849609 -5.425781 1.015625
-1.401367 -5.425781 1.577148
1.401367 -5.425781 1.577148
2.416016 -6.140625 1.163086
-1.671875 -6.140625 2.095703
-2.416016 -6.140625 -1.163086
1.671875 -6.140625 -2.095703
1.791016 -7.039063 0.729004
1.099609 -7.039063 1.561523
-1.099609 -7.039063 1.563477
-1.778320 -7.039063 0.739258
-1.772461 -7.039063 -0.731445
-1.102539 -7.039063 -1.557617
1.104492 -7.039063 -1.557617
1.773438 -7.039063 -0.733887
2.476563 -5.253906 -1.067383
-2.476563 -5.253906 1.067383
1.393555 -7.203125 0.000001
1.258789 -7.074219 0.217041
1.258789 -7.074219 -0.217041
0.000000 -7.203125 1.393555
-0.217041 -7.074219 1.258789
0.217041 -7.074219 1.258789
0.000000 -6.445313 2.710938
-1.393555 -7.203125 0.000003
-1.258789 -7.074219 -0.217041
-1.258789 -7.074219 0.217041
-2.710938 -6.445313 0.000003
0.000001 -7.203125 -1.393555
0.217041 -7.074219 -1.258789
-0.217041 -7.074219 -1.258789
0.000003 -6.445313 -2.710938
2.380859 -6.921875 0.000004
2.710938 -6.445313 0.000004
1.834961 -7.042969 0.217041
1.866211 -7.171875 0.000003
1.834961 -7.042969 -0.217041
0.000000 -6.921875 2.380859
-0.217041 -7.042969 1.834961
0.000000 -7.171875 1.866211
0.217041 -7.042969 1.834961
-2.380859 -6.921875 0.000003
-1.834961 -7.042969 -0.217041
-1.866211 -7.171875 0.000003
-1.834961 -7.042969 0.217041
0.000002 -6.921875 -2.380859
0.217041 -7.042969 -1.834961
0.000002 -7.171875 -1.866211
-0.217041 -7.042969 -1.834961
-0.888184 3.925781 -2.539063
-0.239868 4.046875 -2.675781
2.306641 -2.982422 1.167969
2.306641 -2.982422 -1.167969
2.306641 -2.298828 1.165039
2.306641 -2.298828 -1.165039
1.323242 -4.789063 1.839844
1.591797 -5.253906 2.175781
-1.842773 5.214844 -0.207642
-1.750977 5.214844 0.612793
-1.750977 6.800781 0.612793
-1.842773 6.800781 -0.207642
-1.311523 5.214844 1.311523
-1.311523 6.800781 1.311523
1.570313 6.800781 0.986816
0.921875 6.800781 1.601563
0.921875 5.214844 1.601563
1.570313 5.214844 0.986816
1.842773 6.800781 0.207642
1.842773 5.214844 0.207642
2.373047 4.667969 0.267334
2.166016 4.667969 1.042969
1.499023 4.667969 1.878906
1.499023 4.667969 1.878906
0.659668 4.500000 2.431641
0.239868 4.046875 2.675781
-0.664551 4.496094 2.431641
-1.499023 4.667969 1.878906
-2.023438 4.667969 1.270508
-2.343750 4.667969 0.534668
-2.345703 4.667969 -0.365723
0.239990 7.074219 2.675781
0.659668 7.074219 2.433594
0.901855 4.847656 2.013672
0.902344 7.074219 2.013672
-0.244873 7.074219 2.675781
-0.664551 7.074219 2.433594
-0.244751 4.042969 2.675781
-0.907227 7.074219 2.013672
-0.906738 4.843750 2.013672
-0.664551 7.074219 1.108398
-0.244873 7.074219 0.865723
-0.244751 6.800781 0.866211
-0.664551 6.800781 1.108398
0.239990 7.074219 0.865723
0.239868 6.800781 0.866211
0.659668 7.074219 1.108398
0.659668 6.800781 1.108398
0.902344 7.074219 1.528320
0.921875 6.800781 1.601563
-0.907227 7.074219 1.528320
-0.927246 6.800781 1.597656
-0.927246 6.800781 1.597656
-0.927246 5.234375 1.597656
0.921875 5.214844 1.601563
-1.311523 6.800781 1.311523
1.699219 6.800781 0.193481
1.451172 6.800781 0.918945
0.664551 6.800781 -1.108398
0.244751 6.800781 -0.866211
0.921875 6.800781 1.601563
-0.888184 3.925781 2.539063
-1.601563 6.800781 0.582520
-1.750977 6.800781 0.612793
0.244751 4.042969 -2.675781
0.245361 4.027344 -2.658203
1.750977 5.214844 -0.612793
1.750977 6.800781 -0.612793
-1.570313 6.800781 -0.986816
-0.921875 6.800781 -1.614258
-0.921875 5.234375 -1.614258
-1.570313 5.214844 -0.986816
-2.023438 4.667969 -1.270508
-1.499023 4.667969 -1.878906
-0.659668 4.500000 -2.431641
0.664551 4.496094 -2.431641
1.499023 4.667969 -1.878906
2.023438 4.667969 -1.270508
2.343750 4.667969 -0.534668
-0.239990 7.074219 -2.675781
-0.659668 7.074219 -2.433594
-0.902344 7.074219 -1.528320
-0.902344 7.074219 -2.013672
-0.901855 4.847656 -2.013672
0.244873 7.074219 -2.675781
0.664551 7.074219 -2.433594
0.907227 7.074219 -2.013672
0.906738 4.843750 -2.013672
0.907227 7.074219 -1.528320
0.664551 7.074219 -1.108398
0.927246 6.800781 -1.610352
0.244873 7.074219 -0.865723
-0.239990 7.074219 -0.865723
-0.239868 6.800781 -0.866211
-0.659668 7.074219 -1.108398
-0.659668 6.800781 -1.108398
-0.902344 7.074219 -1.528320
-0.921875 6.800781 -1.614258
0.907227 7.074219 -1.528320
0.927246 6.800781 -1.610352
-1.703125 6.800781 -0.191406
-1.842773 6.800781 -0.207642
1.311523 5.214844 -1.311523
1.311523 6.800781 -1.311523
-1.570313 6.800781 -0.986816
-1.451172 6.800781 -0.923340
0.927246 5.234375 -1.610352
1.311523 6.800781 -1.311523
1.606445 6.800781 -0.573730
-0.520996 7.074219 1.471680
-0.664551 7.074219 1.108398
-0.907227 7.074219 1.528320
-0.520996 7.074219 2.070313
-0.907227 7.074219 2.013672
-0.664551 7.074219 2.433594
-0.002470 7.074219 2.369141
-0.244873 7.074219 2.675781
0.239990 7.074219 2.675781
0.515625 7.074219 2.070313
0.659668 7.074219 2.433594
0.902344 7.074219 2.013672
0.515625 7.074219 1.471680
0.902344 7.074219 1.528320
0.659668 7.074219 1.108398
-0.002470 7.074219 1.171875
0.239990 7.074219 0.865723
-0.244873 7.074219 0.865723
-0.515625 7.074219 -2.070313
-0.659668 7.074219 -2.433594
-0.902344 7.074219 -2.013672
-0.515625 7.074219 -1.471680
-0.902344 7.074219 -1.528320
-0.659668 7.074219 -1.108398
0.002470 7.074219 -1.171875
-0.239990 7.074219 -0.865723
0.244873 7.074219 -0.865723
0.520996 7.074219 -1.471680
0.664551 7.074219 -1.108398
0.907227 7.074219 -1.528320
0.520996 7.074219 -2.070313
0.907227 7.074219 -2.013672
0.664551 7.074219 -2.433594
0.002470 7.074219 -2.369141
0.244873 7.074219 -2.675781
-0.239990 7.074219 -2.675781
-0.252197 6.761719 1.915039
-0.252197 6.761719 1.625977
-0.002470 6.761719 2.058594
0.247314 6.761719 1.915039
0.247314 6.761719 1.625977
-0.002470 6.761719 1.482422
-0.247314 6.761719 -1.625977
-0.247314 6.761719 -1.915039
0.002470 6.761719 -1.482422
0.252197 6.761719 -1.625977
0.252197 6.761719 -1.915039
0.002470 6.761719 -2.058594
-0.907227 7.074219 1.528320
0.902344 7.074219 1.528320
1.570313 6.800781 0.986816
1.842773 6.800781 0.207642
1.750977 6.800781 -0.612793
</float_array>
          <technique_common>
            <accessor source="#transform1-lib-Position-array" count="486" stride="3">
              <param name="X" type="float"/>
              <param name="Y" type="float"/>
              <param name="Z" type="float"/>
            </accessor>
          </technique_common>
        </source>
        <source id="transform1-lib-Normal0">
          <float_array id="transform1-lib-Normal0-array" count="7308">
0.303246 0.350505 0.886108
0.835494 0.368251 0.407848
0.770595 0.438646 0.462357
0.770595 0.438646 0.462357
0.271909 0.579284 0.768437
0.303246 0.350505 0.886108
-0.003950 0.351554 0.936159
0.303246 0.350505 0.886108
0.271909 0.579284 0.768437
0.271909 0.579284 0.768437
0.770595 0.438646 0.462357
0.714690 0.027640 0.698895
0.271909 0.579284 0.768437
-0.003939 0.578996 0.815321
-0.003950 0.351554 0.936159
0.714690 0.027640 0.698895
0.335649 0.161901 0.927970
0.271909 0.579284 0.768437
0.271909 0.579284 0.768437
0.335649 0.161901 0.927970
-0.003927 0.168854 0.985633
-0.003927 0.168854 0.985633
-0.003939 0.578996 0.815321
0.271909 0.579284 0.768437
-0.310372 0.349660 0.883972
-0.003950 0.351554 0.936159
-0.003939 0.578996 0.815321
0.335649 0.161901 0.927970
0.714690 0.027640 0.698895
0.570305 -0.365782 0.735497
0.570305 -0.365782 0.735497
0.312053 -0.335753 0.888759
0.335649 0.161901 0.927970
-0.003927 0.168854 0.985633
0.335649 0.161901 0.927970
0.312053 -0.335753 0.888759
-0.003939 0.578996 0.815321
-0.271487 0.570517 0.775116
-0.310372 0.349660 0.883972
-0.003939 0.578996 0.815321
-0.003927 0.168854 0.985633
-0.341718 0.176751 0.923032
-0.341718 0.176751 0.923032
-0.271487 0.570517 0.775116
-0.003939 0.578996 0.815321
0.312053 -0.335753 0.888759
-0.003932 -0.342056 0.939671
-0.003927 0.168854 0.985633
-0.341718 0.176751 0.923032
-0.003927 0.168854 0.985633
-0.003932 -0.342056 0.939671
-0.310372 0.349660 0.883972
-0.271487 0.570517 0.775116
-0.779518 0.426972 0.458309
-0.779518 0.426972 0.458309
-0.271487 0.570517 0.775116
-0.341718 0.176751 0.923032
-0.779518 0.426972 0.458309
-0.837862 0.365827 0.405163
-0.310372 0.349660 0.883972
0.312053 -0.335753 0.888759
0.570305 -0.365782 0.735497
0.569988 -0.397026 0.719364
0.569988 -0.397026 0.719364
0.302086 -0.396243 0.867027
0.312053 -0.335753 0.888759
-0.003932 -0.342056 0.939671
0.312053 -0.335753 0.888759
0.302086 -0.396243 0.867027
-0.003932 -0.342056 0.939671
-0.325345 -0.341024 0.881960
-0.341718 0.176751 0.923032
-0.341718 0.176751 0.923032
-0.725792 0.043155 0.686560
-0.779518 0.426972 0.458309
-0.725792 0.043155 0.686560
-0.341718 0.176751 0.923032
-0.325345 -0.341024 0.881960
0.302086 -0.396243 0.867027
-0.003938 -0.397715 0.917501
-0.003932 -0.342056 0.939671
-0.325345 -0.341024 0.881960
-0.003932 -0.342056 0.939671
-0.003938 -0.397715 0.917501
-0.725792 0.043155 0.686560
-0.905813 0.364678 0.215670
-0.779518 0.426972 0.458309
-0.779518 0.426972 0.458309
-0.905813 0.364678 0.215670
-0.837862 0.365827 0.405163
0.327363 -0.138045 0.934760
0.302086 -0.396243 0.867027
0.569988 -0.397026 0.719364
-0.003946 -0.138105 0.990410
-0.003938 -0.397715 0.917501
0.302086 -0.396243 0.867027
0.302086 -0.396243 0.867027
0.327363 -0.138045 0.934760
-0.003946 -0.138105 0.990410
0.569988 -0.397026 0.719364
0.612409 -0.138286 0.778352
0.327363 -0.138045 0.934760
-0.325345 -0.341024 0.881960
-0.577208 -0.373025 0.726418
-0.725792 0.043155 0.686560
-0.577208 -0.373025 0.726418
-0.325345 -0.341024 0.881960
-0.309191 -0.395295 0.864952
-0.003938 -0.397715 0.917501
-0.309191 -0.395295 0.864952
-0.325345 -0.341024 0.881960
-0.860506 0.051080 0.506873
-0.725792 0.043155 0.686560
-0.577208 -0.373025 0.726418
-0.905813 0.364678 0.215670
-0.725792 0.043155 0.686560
-0.860506 0.051080 0.506873
-0.003938 -0.397715 0.917501
-0.003946 -0.138105 0.990410
-0.334379 -0.137685 0.932327
-0.334379 -0.137685 0.932327
-0.309191 -0.395295 0.864952
-0.003938 -0.397715 0.917501
-0.860506 0.051080 0.506873
-0.422128 0.359006 0.832420
-0.905813 0.364678 0.215670
0.327363 -0.138045 0.934760
0.612409 -0.138286 0.778352
0.628645 0.185826 0.755165
-0.003946 -0.138105 0.990410
0.327363 -0.138045 0.934760
0.350396 0.145670 0.925204
0.628645 0.185826 0.755165
0.350396 0.145670 0.925204
0.327363 -0.138045 0.934760
0.350396 0.145670 0.925204
0.145743 0.035451 0.988687
-0.003946 -0.138105 0.990410
0.145743 0.035451 0.988687
-0.153392 0.043265 0.987218
-0.003946 -0.138105 0.990410
-0.334379 -0.137685 0.932327
-0.003946 -0.138105 0.990410
-0.153392 0.043265 0.987218
-0.577208 -0.373025 0.726418
-0.856862 -0.277796 0.434300
-0.860506 0.051080 0.506873
-0.856862 -0.277796 0.434300
-0.577208 -0.373025 0.726418
-0.578494 -0.397468 0.712295
-0.309191 -0.395295 0.864952
-0.578494 -0.397468 0.712295
-0.577208 -0.373025 0.726418
-0.309191 -0.395295 0.864952
-0.334379 -0.137685 0.932327
-0.621459 -0.144616 0.769984
-0.621459 -0.144616 0.769984
-0.578494 -0.397468 0.712295
-0.309191 -0.395295 0.864952
-0.153392 0.043265 0.987218
-0.357275 0.145266 0.922633
-0.334379 -0.137685 0.932327
-0.621459 -0.144616 0.769984
-0.334379 -0.137685 0.932327
-0.357275 0.145266 0.922633
0.508288 0.193071 0.839266
0.145743 0.035451 0.988687
0.350396 0.145670 0.925204
0.508288 0.193071 0.839266
0.350396 0.145670 0.925204
0.628645 0.185826 0.755165
0.541088 0.541088 0.643776
0.508288 0.193071 0.839266
0.628645 0.185826 0.755165
0.193915 0.652980 0.732129
0.145743 0.035451 0.988687
0.508288 0.193071 0.839266
0.145743 0.035451 0.988687
0.193915 0.652980 0.732129
-0.201515 0.651960 0.730985
-0.201515 0.651960 0.730985
-0.153392 0.043265 0.987218
0.145743 0.035451 0.988687
-0.514097 0.192296 0.835898
-0.153392 0.043265 0.987218
-0.201515 0.651960 0.730985
-0.514097 0.192296 0.835898
-0.357275 0.145266 0.922633
-0.153392 0.043265 0.987218
-0.357275 0.145266 0.922633
-0.621193 0.183623 0.761841
-0.621459 -0.144616 0.769984
-0.621193 0.183623 0.761841
-0.357275 0.145266 0.922633
-0.514097 0.192296 0.835898
-0.578494 -0.397468 0.712295
-0.832775 -0.410523 0.371425
-0.856862 -0.277796 0.434300
-0.879047 -0.105486 0.464918
-0.832775 -0.410523 0.371425
-0.578494 -0.397468 0.712295
-0.578494 -0.397468 0.712295
-0.621459 -0.144616 0.769984
-0.879047 -0.105486 0.464918
-0.871180 -0.050786 0.488330
-0.621459 -0.144616 0.769984
-0.621193 0.183623 0.761841
-0.871180 -0.050786 0.488330
-0.879047 -0.105486 0.464918
-0.621459 -0.144616 0.769984
0.508288 0.193071 0.839266
0.534994 0.653882 0.534994
0.193915 0.652980 0.732129
0.508288 0.193071 0.839266
0.541088 0.541088 0.643776
0.683016 0.398755 0.611951
0.534994 0.653882 0.534994
0.508288 0.193071 0.839266
0.683016 0.398755 0.611951
0.832057 0.295755 0.469265
0.683016 0.398755 0.611951
0.541088 0.541088 0.643776
-0.978002 -0.175339 -0.112996
-0.879047 -0.105486 0.464918
-0.871180 -0.050786 0.488330
-0.978002 -0.175339 -0.112996
-0.832775 -0.410523 0.371425
-0.879047 -0.105486 0.464918
-0.201515 0.651960 0.730985
-0.540616 0.651107 0.532724
-0.514097 0.192296 0.835898
-0.514097 0.192296 0.835898
-0.535602 0.535602 0.652887
-0.621193 0.183623 0.761841
-0.535602 0.535602 0.652887
-0.514097 0.192296 0.835898
-0.689324 0.389960 0.610544
-0.689324 0.389960 0.610544
-0.514097 0.192296 0.835898
-0.540616 0.651107 0.532724
-0.621193 0.183623 0.761841
-0.833744 0.183972 0.520601
-0.871180 -0.050786 0.488330
-0.717636 0.537247 0.443130
-0.833744 0.183972 0.520601
-0.621193 0.183623 0.761841
-0.621193 0.183623 0.761841
-0.535602 0.535602 0.652887
-0.717636 0.537247 0.443130
0.683016 0.398755 0.611951
0.723490 0.660234 0.201628
0.534994 0.653882 0.534994
0.723490 0.660234 0.201628
0.683016 0.398755 0.611951
0.832057 0.295755 0.469265
-0.937644 -0.098080 0.333472
-0.871180 -0.050786 0.488330
-0.833744 0.183972 0.520601
-0.987957 -0.152294 -0.027335
-0.871180 -0.050786 0.488330
-0.937644 -0.098080 0.333472
-0.871180 -0.050786 0.488330
-0.987957 -0.152294 -0.027335
-0.978002 -0.175339 -0.112996
0.832057 0.295755 0.469265
0.969213 0.225490 0.098899
0.723490 0.660234 0.201628
-0.540616 0.651107 0.532724
-0.727226 0.656469 0.200478
-0.689324 0.389960 0.610544
-0.811602 0.278376 0.513623
-0.689324 0.389960 0.610544
-0.727226 0.656469 0.200478
-0.535602 0.535602 0.652887
-0.689324 0.389960 0.610544
-0.811602 0.278376 0.513623
-0.680854 0.405364 0.610014
-0.717636 0.537247 0.443130
-0.535602 0.535602 0.652887
-0.811602 0.278376 0.513623
-0.680854 0.405364 0.610014
-0.535602 0.535602 0.652887
-0.833744 0.183972 0.520601
-0.717636 0.537247 0.443130
-0.826727 0.536785 0.168480
-0.861571 0.413082 0.295058
-0.826727 0.536785 0.168480
-0.717636 0.537247 0.443130
-0.861571 0.413082 0.295058
-0.717636 0.537247 0.443130
-0.680854 0.405364 0.610014
-0.982126 -0.129124 0.136950
-0.937644 -0.098080 0.333472
-0.833744 0.183972 0.520601
-0.826727 0.536785 0.168480
-0.962767 0.183199 0.198790
-0.833744 0.183972 0.520601
-0.833744 0.183972 0.520601
-0.962767 0.183199 0.198790
-0.982126 -0.129124 0.136950
-0.945454 -0.322933 0.042798
-0.937644 -0.098080 0.333472
-0.982126 -0.129124 0.136950
-0.937644 -0.098080 0.333472
-0.945454 -0.322933 0.042798
-0.987957 -0.152294 -0.027335
-0.727226 0.656469 0.200478
-0.960356 0.246949 0.129354
-0.811602 0.278376 0.513623
-0.680854 0.405364 0.610014
-0.811602 0.278376 0.513623
-0.960356 0.246949 0.129354
0.726015 0.647527 -0.231540
0.723490 0.660234 0.201628
0.969213 0.225490 0.098899
-0.981045 -0.128982 -0.144616
-0.982126 -0.129124 0.136950
-0.962767 0.183199 0.198790
-0.945454 -0.322933 0.042798
-0.982126 -0.129124 0.136950
-0.981045 -0.128982 -0.144616
-0.960356 0.246949 0.129354
-0.727226 0.656469 0.200478
-0.723612 0.653206 -0.222951
-0.712030 0.656956 0.247834
-0.861571 0.413082 0.295058
-0.680854 0.405364 0.610014
-0.960356 0.246949 0.129354
-0.554882 0.665071 0.499787
-0.680854 0.405364 0.610014
-0.680854 0.405364 0.610014
-0.554882 0.665071 0.499787
-0.712030 0.656956 0.247834
-0.911583 0.395150 -0.113459
-0.861571 0.413082 0.295058
-0.712030 0.656956 0.247834
-0.826727 0.536785 0.168480
-0.861571 0.413082 0.295058
-0.911583 0.395150 -0.113459
-0.962767 0.183199 0.198790
-0.826727 0.536785 0.168480
-0.834717 0.529046 -0.152835
-0.911583 0.395150 -0.113459
-0.834717 0.529046 -0.152835
-0.826727 0.536785 0.168480
-0.962767 0.183199 0.198790
-0.968315 0.184254 -0.168573
-0.981045 -0.128982 -0.144616
-0.834717 0.529046 -0.152835
-0.968315 0.184254 -0.168573
-0.962767 0.183199 0.198790
-0.933629 -0.113286 -0.339857
-0.981045 -0.128982 -0.144616
-0.968315 0.184254 -0.168573
-0.943402 -0.324906 -0.066547
-0.981045 -0.128982 -0.144616
-0.933629 -0.113286 -0.339857
-0.981045 -0.128982 -0.144616
-0.943402 -0.324906 -0.066547
-0.945454 -0.322933 0.042798
-0.712030 0.656956 0.247834
-0.749746 0.655537 -0.090284
-0.911583 0.395150 -0.113459
-0.778515 0.402950 -0.481192
-0.911583 0.395150 -0.113459
-0.749746 0.655537 -0.090284
-0.834717 0.529046 -0.152835
-0.911583 0.395150 -0.113459
-0.778515 0.402950 -0.481192
-0.968315 0.184254 -0.168573
-0.834717 0.529046 -0.152835
-0.733052 0.529208 -0.427287
-0.778515 0.402950 -0.481192
-0.733052 0.529208 -0.427287
-0.834717 0.529046 -0.152835
-0.968315 0.184254 -0.168573
-0.848362 0.183747 -0.496507
-0.933629 -0.113286 -0.339857
-0.733052 0.529208 -0.427287
-0.848362 0.183747 -0.496507
-0.968315 0.184254 -0.168573
-0.879584 -0.050820 -0.473021
-0.933629 -0.113286 -0.339857
-0.848362 0.183747 -0.496507
-0.943402 -0.324906 -0.066547
-0.933629 -0.113286 -0.339857
-0.879584 -0.050820 -0.473021
-0.848362 0.183747 -0.496507
-0.733052 0.529208 -0.427287
-0.535602 0.535602 -0.652887
-0.535602 0.535602 -0.652887
-0.733052 0.529208 -0.427287
-0.778515 0.402950 -0.481192
-0.879584 -0.050820 -0.473021
-0.848362 0.183747 -0.496507
-0.617510 0.182534 -0.765090
-0.535602 0.535602 -0.652887
-0.617510 0.182534 -0.765090
-0.848362 0.183747 -0.496507
-0.749746 0.655537 -0.090284
-0.636976 0.652608 -0.410322
-0.778515 0.402950 -0.481192
-0.837477 0.276562 -0.471324
-0.778515 0.402950 -0.481192
-0.636976 0.652608 -0.410322
-0.837477 0.276562 -0.471324
-0.535602 0.535602 -0.652887
-0.778515 0.402950 -0.481192
-0.837477 0.276562 -0.471324
-0.682704 0.386215 -0.620285
-0.535602 0.535602 -0.652887
-0.617510 0.182534 -0.765090
-0.535602 0.535602 -0.652887
-0.510742 0.191041 -0.838240
-0.510742 0.191041 -0.838240
-0.535602 0.535602 -0.652887
-0.682704 0.386215 -0.620285
-0.617510 0.182534 -0.765090
-0.613567 -0.136782 -0.777706
-0.879584 -0.050820 -0.473021
-0.510742 0.191041 -0.838240
-0.354704 0.144220 -0.923789
-0.617510 0.182534 -0.765090
-0.613567 -0.136782 -0.777706
-0.617510 0.182534 -0.765090
-0.354704 0.144220 -0.923789
-0.636976 0.652608 -0.410322
-0.970209 0.214303 -0.112996
-0.837477 0.276562 -0.471324
-0.837477 0.276562 -0.471324
-0.970209 0.214303 -0.112996
-0.726060 0.655416 -0.208006
-0.726060 0.655416 -0.208006
-0.682704 0.386215 -0.620285
-0.837477 0.276562 -0.471324
-0.538341 0.648366 -0.538341
-0.510742 0.191041 -0.838240
-0.682704 0.386215 -0.620285
-0.682704 0.386215 -0.620285
-0.726060 0.655416 -0.208006
-0.538341 0.648366 -0.538341
-0.510742 0.191041 -0.838240
-0.144616 0.035177 -0.988862
-0.354704 0.144220 -0.923789
-0.510742 0.191041 -0.838240
-0.538341 0.648366 -0.538341
-0.200355 0.648206 -0.734634
-0.200355 0.648206 -0.734634
-0.144616 0.035177 -0.988862
-0.510742 0.191041 -0.838240
-0.354704 0.144220 -0.923789
-0.331943 -0.136682 -0.933345
-0.613567 -0.136782 -0.777706
-0.331943 -0.136682 -0.933345
-0.354704 0.144220 -0.923789
-0.144616 0.035177 -0.988862
-0.733367 0.639245 0.231383
-0.726060 0.655416 -0.208006
-0.970209 0.214303 -0.112996
-0.144616 0.035177 -0.988862
-0.003915 -0.137034 -0.990559
-0.331943 -0.136682 -0.933345
0.113327 -0.316534 -0.941787
-0.144616 0.035177 -0.988862
-0.200355 0.648206 -0.734634
0.058542 -0.394186 -0.917164
-0.003915 -0.137034 -0.990559
-0.144616 0.035177 -0.988862
-0.144616 0.035177 -0.988862
0.113327 -0.316534 -0.941787
0.058542 -0.394186 -0.917164
0.058542 -0.394186 -0.917164
0.113327 -0.316534 -0.941787
0.341339 0.137320 -0.929855
0.058542 -0.394186 -0.917164
0.341339 0.137320 -0.929855
-0.003915 -0.137034 -0.990559
-0.200355 0.648206 -0.734634
0.192795 0.649209 -0.735770
0.113327 -0.316534 -0.941787
0.504944 0.191800 -0.841573
0.113327 -0.316534 -0.941787
0.192795 0.649209 -0.735770
0.504944 0.191800 -0.841573
0.341339 0.137320 -0.929855
0.113327 -0.316534 -0.941787
0.341339 0.137320 -0.929855
0.324966 -0.137034 -0.935745
-0.003915 -0.137034 -0.990559
0.324966 -0.137034 -0.935745
0.341339 0.137320 -0.929855
0.612669 0.183411 -0.768763
0.612669 0.183411 -0.768763
0.341339 0.137320 -0.929855
0.504944 0.191800 -0.841573
-0.307109 -0.392634 -0.866904
-0.331943 -0.136682 -0.933345
-0.003915 -0.137034 -0.990559
-0.003910 -0.394860 -0.918733
-0.003915 -0.137034 -0.990559
0.324966 -0.137034 -0.935745
-0.003915 -0.137034 -0.990559
-0.003910 -0.394860 -0.918733
-0.307109 -0.392634 -0.866904
-0.331943 -0.136682 -0.933345
-0.307109 -0.392634 -0.866904
-0.572045 -0.393038 -0.719921
-0.572045 -0.393038 -0.719921
-0.613567 -0.136782 -0.777706
-0.331943 -0.136682 -0.933345
0.192795 0.649209 -0.735770
0.532724 0.651107 -0.540616
0.504944 0.191800 -0.841573
0.504944 0.191800 -0.841573
0.522075 0.545627 -0.655537
0.612669 0.183411 -0.768763
0.522075 0.545627 -0.655537
0.504944 0.191800 -0.841573
0.694577 0.396341 -0.600397
0.694577 0.396341 -0.600397
0.504944 0.191800 -0.841573
0.532724 0.651107 -0.540616
0.612669 0.183411 -0.768763
0.612893 -0.144440 -0.776852
0.324966 -0.137034 -0.935745
0.300043 -0.393563 -0.868955
0.324966 -0.137034 -0.935745
0.612893 -0.144440 -0.776852
0.324966 -0.137034 -0.935745
0.300043 -0.393563 -0.868955
-0.003910 -0.394860 -0.918733
-0.572045 -0.393038 -0.719921
-0.307109 -0.392634 -0.866904
-0.316941 -0.332593 -0.888218
-0.003903 -0.339546 -0.940581
-0.316941 -0.332593 -0.888218
-0.307109 -0.392634 -0.866904
-0.307109 -0.392634 -0.866904
-0.003910 -0.394860 -0.918733
-0.003903 -0.339546 -0.940581
-0.003910 -0.394860 -0.918733
0.300043 -0.393563 -0.868955
0.316110 -0.339525 -0.885888
0.316110 -0.339525 -0.885888
-0.003903 -0.339546 -0.940581
-0.003910 -0.394860 -0.918733
-0.316941 -0.332593 -0.888218
-0.572288 -0.362060 -0.735799
-0.572045 -0.393038 -0.719921
-0.835350 -0.400191 -0.376879
-0.572045 -0.393038 -0.719921
-0.572288 -0.362060 -0.735799
-0.613567 -0.136782 -0.777706
-0.572045 -0.393038 -0.719921
-0.835350 -0.400191 -0.376879
0.532724 0.651107 -0.540616
0.722317 0.659163 -0.209195
0.694577 0.396341 -0.600397
0.668852 0.395053 -0.629738
0.522075 0.545627 -0.655537
0.694577 0.396341 -0.600397
0.829892 0.232055 -0.507375
0.694577 0.396341 -0.600397
0.722317 0.659163 -0.209195
0.694577 0.396341 -0.600397
0.829892 0.232055 -0.507375
0.668852 0.395053 -0.629738
0.568654 -0.372566 -0.733367
0.316110 -0.339525 -0.885888
0.300043 -0.393563 -0.868955
0.300043 -0.393563 -0.868955
0.569988 -0.397026 -0.719364
0.568654 -0.372566 -0.733367
0.612893 -0.144440 -0.776852
0.569988 -0.397026 -0.719364
0.300043 -0.393563 -0.868955
-0.572288 -0.362060 -0.735799
-0.316941 -0.332593 -0.888218
-0.340148 0.160299 -0.926609
-0.316941 -0.332593 -0.888218
-0.003903 -0.339546 -0.940581
-0.003897 0.167556 -0.985855
-0.003897 0.167556 -0.985855
-0.340148 0.160299 -0.926609
-0.316941 -0.332593 -0.888218
0.339712 0.167903 -0.925421
-0.003897 0.167556 -0.985855
-0.003903 -0.339546 -0.940581
-0.003903 -0.339546 -0.940581
0.316110 -0.339525 -0.885888
0.339712 0.167903 -0.925421
0.316110 -0.339525 -0.885888
0.568654 -0.372566 -0.733367
0.710099 0.051002 -0.702252
0.710099 0.051002 -0.702252
0.339712 0.167903 -0.925421
0.316110 -0.339525 -0.885888
0.668852 0.395053 -0.629738
0.829892 0.232055 -0.507375
0.961183 0.239315 -0.137312
0.722317 0.659163 -0.209195
0.961183 0.239315 -0.137312
0.829892 0.232055 -0.507375
-0.340148 0.160299 -0.926609
-0.706197 0.050721 -0.706197
-0.572288 -0.362060 -0.735799
-0.856862 -0.277796 -0.434300
-0.572288 -0.362060 -0.735799
-0.706197 0.050721 -0.706197
-0.572288 -0.362060 -0.735799
-0.856862 -0.277796 -0.434300
-0.835350 -0.400191 -0.376879
-0.277507 0.574556 -0.769984
-0.340148 0.160299 -0.926609
-0.003897 0.167556 -0.985855
-0.706197 0.050721 -0.706197
-0.340148 0.160299 -0.926609
-0.277507 0.574556 -0.769984
0.722317 0.659163 -0.209195
0.728578 0.649813 0.216604
0.961183 0.239315 -0.137312
-0.003914 0.575295 -0.817937
-0.003897 0.167556 -0.985855
0.339712 0.167903 -0.925421
-0.003897 0.167556 -0.985855
-0.003914 0.575295 -0.817937
-0.277507 0.574556 -0.769984
0.270268 0.575789 -0.771636
0.339712 0.167903 -0.925421
0.710099 0.051002 -0.702252
0.339712 0.167903 -0.925421
0.270268 0.575789 -0.771636
-0.003914 0.575295 -0.817937
0.810556 0.050905 -0.583444
0.710099 0.051002 -0.702252
0.568654 -0.372566 -0.733367
0.911549 0.366987 -0.185467
0.710099 0.051002 -0.702252
0.810556 0.050905 -0.583444
0.710099 0.051002 -0.702252
0.911549 0.366987 -0.185467
0.764929 0.435421 -0.474649
0.710099 0.051002 -0.702252
0.764929 0.435421 -0.474649
0.270268 0.575789 -0.771636
0.301142 0.348073 -0.887783
0.270268 0.575789 -0.771636
0.764929 0.435421 -0.474649
-0.003914 0.575295 -0.817937
0.270268 0.575789 -0.771636
0.301142 0.348073 -0.887783
0.301142 0.348073 -0.887783
-0.003921 0.348971 -0.937125
-0.003914 0.575295 -0.817937
-0.277507 0.574556 -0.769984
-0.003914 0.575295 -0.817937
-0.003921 0.348971 -0.937125
-0.003921 0.348971 -0.937125
-0.308229 0.347246 -0.885672
-0.277507 0.574556 -0.769984
-0.277507 0.574556 -0.769984
-0.706799 0.519361 -0.480311
-0.706197 0.050721 -0.706197
-0.706799 0.519361 -0.480311
-0.277507 0.574556 -0.769984
-0.308229 0.347246 -0.885672
0.764929 0.435421 -0.474649
0.847831 0.358849 -0.390397
0.301142 0.348073 -0.887783
0.764929 0.435421 -0.474649
0.911549 0.366987 -0.185467
0.847831 0.358849 -0.390397
0.810556 0.050905 -0.583444
0.381114 0.357540 -0.852595
0.911549 0.366987 -0.185467
-0.308229 0.347246 -0.885672
-0.848933 0.332531 -0.410774
-0.706799 0.519361 -0.480311
-0.848933 0.332531 -0.410774
-0.950823 0.136950 -0.277813
-0.706799 0.519361 -0.480311
-0.950823 0.136950 -0.277813
-0.706197 0.050721 -0.706197
-0.706799 0.519361 -0.480311
-0.950823 0.136950 -0.277813
-0.848933 0.332531 -0.410774
-0.928826 0.340962 -0.145007
-0.549362 0.097405 -0.829888
-0.950823 0.136950 -0.277813
-0.928826 0.340962 -0.145007
-0.859441 0.042778 -0.509442
-0.706197 0.050721 -0.706197
-0.950823 0.136950 -0.277813
-0.950823 0.136950 -0.277813
-0.549362 0.097405 -0.829888
-0.859441 0.042778 -0.509442
-0.706197 0.050721 -0.706197
-0.859441 0.042778 -0.509442
-0.856862 -0.277796 -0.434300
-0.928826 0.340962 -0.145007
-0.410523 0.371425 -0.832775
-0.549362 0.097405 -0.829888
-0.623290 0.537048 -0.568409
-0.859441 0.042778 -0.509442
-0.549362 0.097405 -0.829888
-0.582231 0.339960 -0.738535
-0.623290 0.537048 -0.568409
-0.549362 0.097405 -0.829888
-0.549362 0.097405 -0.829888
-0.410523 0.371425 -0.832775
-0.582231 0.339960 -0.738535
-0.971272 0.237942 -0.003901
-0.859441 0.042778 -0.509442
-0.623290 0.537048 -0.568409
-0.982849 -0.184039 -0.011747
-0.856862 -0.277796 -0.434300
-0.859441 0.042778 -0.509442
-0.859441 0.042778 -0.509442
-0.971272 0.237942 -0.003901
-0.982849 -0.184039 -0.011747
-0.582231 0.339960 -0.738535
-0.906147 0.372658 -0.200058
-0.623290 0.537048 -0.568409
-0.906147 0.372658 -0.200058
-0.801399 0.598117 -0.003909
-0.623290 0.537048 -0.568409
-0.623290 0.537048 -0.568409
-0.801399 0.598117 -0.003909
-0.971272 0.237942 -0.003901
-0.856862 -0.277796 -0.434300
-0.982849 -0.184039 -0.011747
-0.980147 -0.167914 0.105434
-0.980147 -0.167914 0.105434
-0.835350 -0.400191 -0.376879
-0.856862 -0.277796 -0.434300
-0.906147 0.372658 -0.200058
-0.925478 0.378782 -0.003905
-0.801399 0.598117 -0.003909
-0.925478 0.378782 -0.003905
-0.907545 0.373233 0.192510
-0.801399 0.598117 -0.003909
-0.971272 0.237942 -0.003901
-0.801399 0.598117 -0.003909
-0.639796 0.459240 0.616246
-0.907545 0.373233 0.192510
-0.639796 0.459240 0.616246
-0.801399 0.598117 -0.003909
-0.982849 -0.184039 -0.011747
-0.971272 0.237942 -0.003901
-0.982849 -0.184039 0.011747
-0.982849 -0.184039 0.011747
-0.971272 0.237942 -0.003901
-0.860506 0.051080 0.506873
-0.639796 0.459240 0.616246
-0.860506 0.051080 0.506873
-0.971272 0.237942 -0.003901
-0.982849 -0.184039 -0.011747
-0.982849 -0.184039 0.011747
-0.957770 -0.207191 -0.199372
-0.980147 -0.167914 0.105434
-0.982849 -0.184039 -0.011747
-0.959237 -0.207508 0.191847
-0.957770 -0.207191 -0.199372
-0.959237 -0.207508 0.191847
-0.982849 -0.184039 -0.011747
-0.959237 -0.207508 0.191847
-0.989467 -0.144705 0.003911
-0.980147 -0.167914 0.105434
0.309514 -0.356528 -0.881526
0.222624 -0.253869 -0.941270
0.324310 -0.089869 -0.941672
-0.003921 0.348971 -0.937125
0.301142 0.348073 -0.887783
0.324310 -0.089869 -0.941672
0.324310 -0.089869 -0.941672
-0.003906 -0.089831 -0.995949
-0.003921 0.348971 -0.937125
-0.003906 -0.089831 -0.995949
0.324310 -0.089869 -0.941672
0.222624 -0.253869 -0.941270
-0.308229 0.347246 -0.885672
-0.003921 0.348971 -0.937125
-0.003906 -0.089831 -0.995949
-0.003906 -0.089831 -0.995949
-0.331276 -0.089639 -0.939266
-0.308229 0.347246 -0.885672
-0.003906 -0.089831 -0.995949
0.222624 -0.253869 -0.941270
-0.230478 -0.246103 -0.941442
-0.003906 -0.089831 -0.995949
-0.230478 -0.246103 -0.941442
-0.331276 -0.089639 -0.939266
0.222814 -0.730988 -0.644989
0.348778 -0.685800 -0.638774
0.222624 -0.253869 -0.941270
0.011723 -0.230548 -0.972990
-0.230478 -0.246103 -0.941442
0.222624 -0.253869 -0.941270
0.003918 -0.756200 -0.654329
0.011723 -0.230548 -0.972990
0.222624 -0.253869 -0.941270
0.222624 -0.253869 -0.941270
0.348778 -0.685800 -0.638774
0.003918 -0.756200 -0.654329
0.222814 -0.730988 -0.644989
0.308229 -0.916885 -0.253607
0.348778 -0.685800 -0.638774
0.238743 -0.943229 -0.230915
0.308229 -0.916885 -0.253607
0.222814 -0.730988 -0.644989
0.348778 -0.685800 -0.638774
0.308229 -0.916885 -0.253607
-0.003915 -0.967067 -0.254491
-0.003915 -0.967067 -0.254491
0.003918 -0.756200 -0.654329
0.348778 -0.685800 -0.638774
-0.362279 -0.689499 -0.627172
-0.230478 -0.246103 -0.941442
0.011723 -0.230548 -0.972990
0.011723 -0.230548 -0.972990
0.003918 -0.756200 -0.654329
-0.362279 -0.689499 -0.627172
-0.316573 -0.355656 -0.879369
-0.230478 -0.246103 -0.941442
-0.362279 -0.689499 -0.627172
-0.316573 -0.355656 -0.879369
-0.331276 -0.089639 -0.939266
-0.230478 -0.246103 -0.941442
-0.315266 -0.914660 -0.252991
-0.362279 -0.689499 -0.627172
0.003918 -0.756200 -0.654329
0.003918 -0.756200 -0.654329
-0.003915 -0.967067 -0.254491
-0.315266 -0.914660 -0.252991
-0.308229 0.347246 -0.885672
-0.331276 -0.089639 -0.939266
-0.675148 -0.011708 -0.737589
-0.587007 -0.400409 -0.703631
-0.675148 -0.011708 -0.737589
-0.331276 -0.089639 -0.939266
-0.331276 -0.089639 -0.939266
-0.316573 -0.355656 -0.879369
-0.587007 -0.400409 -0.703631
-0.362279 -0.689499 -0.627172
-0.230225 -0.729695 -0.643849
-0.316573 -0.355656 -0.879369
-0.362279 -0.689499 -0.627172
-0.315266 -0.914660 -0.252991
-0.230225 -0.729695 -0.643849
-0.587007 -0.400409 -0.703631
-0.316573 -0.355656 -0.879369
-0.230225 -0.729695 -0.643849
-0.011712 -0.979908 0.199105
-0.003915 -0.967067 -0.254491
0.308229 -0.916885 -0.253607
0.308229 -0.916885 -0.253607
0.097446 -0.993950 0.050672
-0.011712 -0.979908 0.199105
0.308229 -0.916885 -0.253607
0.238743 -0.943229 -0.230915
0.097446 -0.993950 0.050672
-0.105159 -0.993166 0.050632
-0.315266 -0.914660 -0.252991
-0.003915 -0.967067 -0.254491
-0.003915 -0.967067 -0.254491
-0.011712 -0.979908 0.199105
-0.105159 -0.993166 0.050632
-0.011712 -0.979908 0.199105
0.097446 -0.993950 0.050672
-0.105159 -0.993166 0.050632
-0.246103 -0.941442 -0.230478
-0.315266 -0.914660 -0.252991
-0.105159 -0.993166 0.050632
-0.230225 -0.729695 -0.643849
-0.315266 -0.914660 -0.252991
-0.246103 -0.941442 -0.230478
-0.058397 -0.992744 -0.105114
0.097446 -0.993950 0.050672
0.238743 -0.943229 -0.230915
-0.105159 -0.993166 0.050632
0.097446 -0.993950 0.050672
-0.058397 -0.992744 -0.105114
-0.230225 -0.729695 -0.643849
-0.647759 -0.671032 -0.360728
-0.587007 -0.400409 -0.703631
-0.230225 -0.729695 -0.643849
-0.246103 -0.941442 -0.230478
-0.647759 -0.671032 -0.360728
-0.587007 -0.400409 -0.703631
-0.736782 -0.152034 -0.658816
-0.675148 -0.011708 -0.737589
-0.647759 -0.671032 -0.360728
-0.682371 -0.643379 -0.347035
-0.587007 -0.400409 -0.703631
-0.736782 -0.152034 -0.658816
-0.587007 -0.400409 -0.703631
-0.682371 -0.643379 -0.347035
-0.284128 -0.938013 -0.198501
-0.246103 -0.941442 -0.230478
-0.105159 -0.993166 0.050632
-0.105159 -0.993166 0.050632
0.050589 -0.992323 -0.112852
-0.284128 -0.938013 -0.198501
-0.058397 -0.992744 -0.105114
0.050589 -0.992323 -0.112852
-0.105159 -0.993166 0.050632
-0.246103 -0.941442 -0.230478
-0.711449 -0.602593 -0.361556
-0.647759 -0.671032 -0.360728
-0.518602 -0.588789 -0.619983
-0.711449 -0.602593 -0.361556
-0.246103 -0.941442 -0.230478
-0.246103 -0.941442 -0.230478
-0.284128 -0.938013 -0.198501
-0.518602 -0.588789 -0.619983
-0.682371 -0.643379 -0.347035
-0.647759 -0.671032 -0.360728
-0.749963 -0.648932 -0.128232
-0.749963 -0.648932 -0.128232
-0.647759 -0.671032 -0.360728
-0.711449 -0.602593 -0.361556
0.050589 -0.992323 -0.112852
-0.058397 -0.992744 -0.105114
-0.058397 -0.992744 0.105114
-0.291331 -0.648697 -0.703078
-0.749963 -0.648932 -0.128232
-0.711449 -0.602593 -0.361556
-0.711449 -0.602593 -0.361556
-0.518602 -0.588789 -0.619983
-0.291331 -0.648697 -0.703078
-0.682371 -0.643379 -0.347035
-0.749963 -0.648932 -0.128232
-0.291331 -0.648697 -0.703078
-0.291331 -0.648697 -0.703078
-0.487853 -0.643966 -0.589327
-0.682371 -0.643379 -0.347035
-0.736782 -0.152034 -0.658816
-0.682371 -0.643379 -0.347035
-0.487853 -0.643966 -0.589327
-0.486551 -0.673386 -0.556614
-0.518602 -0.588789 -0.619983
-0.284128 -0.938013 -0.198501
-0.518602 -0.588789 -0.619983
-0.486551 -0.673386 -0.556614
-0.291331 -0.648697 -0.703078
-0.291331 -0.648697 -0.703078
-0.486551 -0.673386 -0.556614
-0.487853 -0.643966 -0.589327
-0.254211 -0.919070 -0.301142
-0.284128 -0.938013 -0.198501
0.050589 -0.992323 -0.112852
-0.635348 -0.689918 -0.346908
-0.486551 -0.673386 -0.556614
-0.284128 -0.938013 -0.198501
-0.284128 -0.938013 -0.198501
-0.254211 -0.919070 -0.301142
-0.635348 -0.689918 -0.346908
-0.254211 -0.919070 -0.301142
0.050589 -0.992323 -0.112852
0.199117 -0.979968 0.003904
0.199117 -0.979968 0.003904
0.050589 -0.992323 -0.112852
0.050672 -0.993950 0.097446
-0.058397 -0.992744 0.105114
0.050672 -0.993950 0.097446
0.050589 -0.992323 -0.112852
-0.635348 -0.689918 -0.346908
-0.254211 -0.919070 -0.301142
-0.254491 -0.967067 -0.003915
0.199117 -0.979968 0.003904
-0.254491 -0.967067 -0.003915
-0.254211 -0.919070 -0.301142
-0.254491 -0.967067 -0.003915
0.199117 -0.979968 0.003904
0.050672 -0.993950 0.097446
-0.486551 -0.673386 -0.556614
-0.635348 -0.689918 -0.346908
-0.908695 -0.362698 -0.206699
-0.908695 -0.362698 -0.206699
-0.798815 -0.401356 -0.448116
-0.486551 -0.673386 -0.556614
-0.798815 -0.401356 -0.448116
-0.487853 -0.643966 -0.589327
-0.486551 -0.673386 -0.556614
-0.908695 -0.362698 -0.206699
-0.635348 -0.689918 -0.346908
-0.945053 -0.276127 -0.175010
-0.254491 -0.967067 -0.003915
-0.654288 -0.756154 -0.011754
-0.635348 -0.689918 -0.346908
-0.945053 -0.276127 -0.175010
-0.635348 -0.689918 -0.346908
-0.654288 -0.756154 -0.011754
0.050672 -0.993950 0.097446
-0.245669 -0.924182 0.292463
-0.254491 -0.967067 -0.003915
-0.654288 -0.756154 -0.011754
-0.254491 -0.967067 -0.003915
-0.245669 -0.924182 0.292463
-0.798815 -0.401356 -0.448116
-0.908695 -0.362698 -0.206699
-0.970858 -0.089678 -0.222245
-0.970858 -0.089678 -0.222245
-0.908695 -0.362698 -0.206699
-0.945053 -0.276127 -0.175010
-0.654288 -0.756154 -0.011754
-0.972872 -0.230520 -0.019536
-0.945053 -0.276127 -0.175010
-0.972872 -0.230520 -0.019536
-0.654288 -0.756154 -0.011754
-0.630665 -0.693340 0.348628
-0.245669 -0.924182 0.292463
-0.630665 -0.693340 0.348628
-0.654288 -0.756154 -0.011754
-0.293392 -0.934943 0.199507
-0.245669 -0.924182 0.292463
0.050672 -0.993950 0.097446
-0.630665 -0.693340 0.348628
-0.245669 -0.924182 0.292463
-0.293392 -0.934943 0.199507
-0.972872 -0.230520 -0.019536
-0.947061 -0.268919 0.175382
-0.945053 -0.276127 -0.175010
-0.630665 -0.693340 0.348628
-0.947061 -0.268919 0.175382
-0.972872 -0.230520 -0.019536
-0.970858 -0.089678 -0.222245
-0.945053 -0.276127 -0.175010
-0.994434 -0.105293 -0.003900
-0.994434 -0.105293 -0.003900
-0.945053 -0.276127 -0.175010
-0.947061 -0.268919 0.175382
-0.947061 -0.268919 0.175382
-0.630665 -0.693340 0.348628
-0.910135 -0.363273 0.199214
-0.910135 -0.363273 0.199214
-0.630665 -0.693340 0.348628
-0.488658 -0.676303 0.551206
-0.630665 -0.693340 0.348628
-0.293392 -0.934943 0.199507
-0.488658 -0.676303 0.551206
-0.910135 -0.363273 0.199214
-0.972515 -0.089831 0.214813
-0.947061 -0.268919 0.175382
-0.972515 -0.089831 0.214813
-0.994434 -0.105293 -0.003900
-0.947061 -0.268919 0.175382
-0.910135 -0.363273 0.199214
-0.488658 -0.676303 0.551206
-0.801595 -0.402753 0.441855
-0.972515 -0.089831 0.214813
-0.910135 -0.363273 0.199214
-0.801595 -0.402753 0.441855
-0.994434 -0.105293 -0.003900
-0.972515 -0.089831 0.214813
-0.907545 0.373233 0.192510
-0.970858 -0.089678 -0.222245
-0.994434 -0.105293 -0.003900
-0.925478 0.378782 -0.003905
-0.907545 0.373233 0.192510
-0.925478 0.378782 -0.003905
-0.994434 -0.105293 -0.003900
-0.907545 0.373233 0.192510
-0.972515 -0.089831 0.214813
-0.863103 -0.035149 0.503802
-0.801595 -0.402753 0.441855
-0.863103 -0.035149 0.503802
-0.972515 -0.089831 0.214813
-0.801595 -0.402753 0.441855
-0.803119 -0.152789 0.575895
-0.863103 -0.035149 0.503802
-0.488658 -0.676303 0.551206
-0.490098 -0.646930 0.584197
-0.801595 -0.402753 0.441855
-0.803119 -0.152789 0.575895
-0.801595 -0.402753 0.441855
-0.490098 -0.646930 0.584197
-0.293392 -0.934943 0.199507
-0.529046 -0.576072 0.623098
-0.488658 -0.676303 0.551206
-0.292926 -0.652249 0.699117
-0.488658 -0.676303 0.551206
-0.529046 -0.576072 0.623098
-0.490098 -0.646930 0.584197
-0.488658 -0.676303 0.551206
-0.292926 -0.652249 0.699117
-0.863103 -0.035149 0.503802
-0.561675 0.365285 0.742353
-0.907545 0.373233 0.192510
-0.615261 0.309590 0.724989
-0.863103 -0.035149 0.503802
-0.803119 -0.152789 0.575895
-0.561675 0.365285 0.742353
-0.863103 -0.035149 0.503802
-0.615261 0.309590 0.724989
-0.750689 -0.649560 0.120577
-0.292926 -0.652249 0.699117
-0.529046 -0.576072 0.623098
-0.490098 -0.646930 0.584197
-0.292926 -0.652249 0.699117
-0.750689 -0.649560 0.120577
-0.750689 -0.649560 0.120577
-0.684205 -0.645107 0.340148
-0.490098 -0.646930 0.584197
-0.803119 -0.152789 0.575895
-0.490098 -0.646930 0.584197
-0.684205 -0.645107 0.340148
-0.849766 0.309362 0.426841
-0.615261 0.309590 0.724989
-0.803119 -0.152789 0.575895
-0.803119 -0.152789 0.575895
-0.744377 -0.153602 0.649853
-0.849766 0.309362 0.426841
-0.684205 -0.645107 0.340148
-0.744377 -0.153602 0.649853
-0.803119 -0.152789 0.575895
-0.422128 0.359006 0.832420
-0.561675 0.365285 0.742353
-0.615261 0.309590 0.724989
-0.615261 0.309590 0.724989
-0.849766 0.309362 0.426841
-0.905813 0.364678 0.215670
-0.905813 0.364678 0.215670
-0.422128 0.359006 0.832420
-0.615261 0.309590 0.724989
-0.529046 -0.576072 0.623098
-0.714784 -0.597606 0.363251
-0.750689 -0.649560 0.120577
-0.714784 -0.597606 0.363251
-0.649560 -0.672897 0.353952
-0.750689 -0.649560 0.120577
-0.750689 -0.649560 0.120577
-0.649560 -0.672897 0.353952
-0.684205 -0.645107 0.340148
-0.744377 -0.153602 0.649853
-0.684205 -0.645107 0.340148
-0.590227 -0.402605 0.699673
-0.590227 -0.402605 0.699673
-0.684205 -0.645107 0.340148
-0.649560 -0.672897 0.353952
-0.714784 -0.597606 0.363251
-0.529046 -0.576072 0.623098
-0.293392 -0.934943 0.199507
-0.662409 -0.027437 0.748640
-0.849766 0.309362 0.426841
-0.744377 -0.153602 0.649853
-0.662409 -0.027437 0.748640
-0.744377 -0.153602 0.649853
-0.590227 -0.402605 0.699673
-0.849766 0.309362 0.426841
-0.662409 -0.027437 0.748640
-0.837862 0.365827 0.405163
-0.837862 0.365827 0.405163
-0.905813 0.364678 0.215670
-0.849766 0.309362 0.426841
-0.649560 -0.672897 0.353952
-0.714784 -0.597606 0.363251
-0.238743 -0.943229 0.230915
-0.293392 -0.934943 0.199507
-0.238743 -0.943229 0.230915
-0.714784 -0.597606 0.363251
-0.837862 0.365827 0.405163
-0.662409 -0.027437 0.748640
-0.333718 -0.090300 0.938338
-0.333718 -0.090300 0.938338
-0.662409 -0.027437 0.748640
-0.590227 -0.402605 0.699673
-0.318762 -0.358115 0.877579
-0.590227 -0.402605 0.699673
-0.649560 -0.672897 0.353952
-0.590227 -0.402605 0.699673
-0.318762 -0.358115 0.877579
-0.333718 -0.090300 0.938338
-0.649560 -0.672897 0.353952
-0.231383 -0.733367 0.639245
-0.318762 -0.358115 0.877579
-0.231383 -0.733367 0.639245
-0.649560 -0.672897 0.353952
-0.238743 -0.943229 0.230915
-0.231726 -0.255291 0.938685
-0.318762 -0.358115 0.877579
-0.231383 -0.733367 0.639245
-0.333718 -0.090300 0.938338
-0.318762 -0.358115 0.877579
-0.231726 -0.255291 0.938685
-0.238743 -0.943229 0.230915
-0.293392 -0.934943 0.199507
0.050672 -0.993950 0.097446
-0.333718 -0.090300 0.938338
-0.310372 0.349660 0.883972
-0.837862 0.365827 0.405163
-0.238743 -0.943229 0.230915
-0.315879 -0.916439 0.245684
-0.231383 -0.733367 0.639245
-0.315879 -0.916439 0.245684
-0.238743 -0.943229 0.230915
-0.105114 -0.992744 -0.058397
0.050672 -0.993950 0.097446
-0.105114 -0.992744 -0.058397
-0.238743 -0.943229 0.230915
-0.231383 -0.733367 0.639245
-0.357407 -0.687322 0.632336
-0.231726 -0.255291 0.938685
-0.231383 -0.733367 0.639245
-0.315879 -0.916439 0.245684
-0.357407 -0.687322 0.632336
-0.003950 0.351554 0.936159
-0.310372 0.349660 0.883972
-0.333718 -0.090300 0.938338
-0.333718 -0.090300 0.938338
-0.003936 -0.090535 0.995886
-0.003950 0.351554 0.936159
-0.003936 -0.090535 0.995886
-0.333718 -0.090300 0.938338
-0.231726 -0.255291 0.938685
-0.105114 -0.992744 -0.058397
0.050672 -0.993950 0.097446
-0.058397 -0.992744 0.105114
-0.357407 -0.687322 0.632336
-0.315879 -0.916439 0.245684
-0.003923 -0.968970 0.247146
0.003898 -0.978418 -0.206598
-0.003923 -0.968970 0.247146
-0.315879 -0.916439 0.245684
-0.315879 -0.916439 0.245684
-0.105114 -0.992744 -0.058397
0.003898 -0.978418 -0.206598
0.003898 -0.978418 -0.206598
-0.105114 -0.992744 -0.058397
0.097405 -0.993527 -0.058443
-0.058397 -0.992744 0.105114
0.097405 -0.993527 -0.058443
-0.105114 -0.992744 -0.058397
-0.231726 -0.255291 0.938685
-0.357407 -0.687322 0.632336
-0.011814 -0.760037 0.649772
-0.003923 -0.968970 0.247146
-0.011814 -0.760037 0.649772
-0.357407 -0.687322 0.632336
-0.003923 -0.968970 0.247146
0.003898 -0.978418 -0.206598
0.097405 -0.993527 -0.058443
0.097405 -0.993527 -0.058443
0.308832 -0.918677 0.246284
-0.003923 -0.968970 0.247146
-0.011814 -0.760037 0.649772
-0.003923 -0.968970 0.247146
0.308832 -0.918677 0.246284
0.303246 0.350505 0.886108
-0.003950 0.351554 0.936159
-0.003936 -0.090535 0.995886
0.097405 -0.993527 -0.058443
-0.058397 -0.992744 0.105114
0.286658 -0.938511 0.192414
0.231754 -0.946657 0.223898
0.308832 -0.918677 0.246284
0.097405 -0.993527 -0.058443
0.286658 -0.938511 0.192414
0.231754 -0.946657 0.223898
0.097405 -0.993527 -0.058443
0.308832 -0.918677 0.246284
0.357231 -0.694834 0.624173
-0.011814 -0.760037 0.649772
0.223940 -0.734679 0.640389
0.308832 -0.918677 0.246284
0.231754 -0.946657 0.223898
0.357231 -0.694834 0.624173
0.308832 -0.918677 0.246284
0.223940 -0.734679 0.640389
-0.019685 -0.232285 0.972449
-0.011814 -0.760037 0.649772
0.357231 -0.694834 0.624173
-0.011814 -0.760037 0.649772
-0.019685 -0.232285 0.972449
-0.231726 -0.255291 0.938685
-0.019685 -0.232285 0.972449
0.224718 -0.248372 0.942238
-0.231726 -0.255291 0.938685
0.357231 -0.694834 0.624173
0.224718 -0.248372 0.942238
-0.019685 -0.232285 0.972449
0.357231 -0.694834 0.624173
0.223940 -0.734679 0.640389
0.311664 -0.359006 0.879761
0.311664 -0.359006 0.879761
0.224718 -0.248372 0.942238
0.357231 -0.694834 0.624173
0.311664 -0.359006 0.879761
0.223940 -0.734679 0.640389
0.645028 -0.676303 0.355743
0.223940 -0.734679 0.640389
0.231754 -0.946657 0.223898
0.645028 -0.676303 0.355743
0.231754 -0.946657 0.223898
0.709575 -0.607647 0.356748
0.645028 -0.676303 0.355743
0.523367 -0.578458 0.625679
0.709575 -0.607647 0.356748
0.231754 -0.946657 0.223898
0.231754 -0.946657 0.223898
0.286658 -0.938511 0.192414
0.523367 -0.578458 0.625679
0.485250 -0.674615 0.556262
0.523367 -0.578458 0.625679
0.286658 -0.938511 0.192414
0.709575 -0.607647 0.356748
0.523367 -0.578458 0.625679
0.285761 -0.653727 0.700701
0.523367 -0.578458 0.625679
0.485250 -0.674615 0.556262
0.285761 -0.653727 0.700701
0.285761 -0.653727 0.700701
0.747263 -0.653366 0.121284
0.709575 -0.607647 0.356748
0.747263 -0.653366 0.121284
0.645028 -0.676303 0.355743
0.709575 -0.607647 0.356748
-0.003936 -0.090535 0.995886
-0.231726 -0.255291 0.938685
0.224718 -0.248372 0.942238
-0.003936 -0.090535 0.995886
0.224718 -0.248372 0.942238
0.326713 -0.090535 0.940777
0.311664 -0.359006 0.879761
0.326713 -0.090535 0.940777
0.224718 -0.248372 0.942238
0.645028 -0.676303 0.355743
0.585097 -0.404463 0.702902
0.311664 -0.359006 0.879761
0.326713 -0.090535 0.940777
0.311664 -0.359006 0.879761
0.585097 -0.404463 0.702902
0.680012 -0.648567 0.341972
0.585097 -0.404463 0.702902
0.645028 -0.676303 0.355743
0.645028 -0.676303 0.355743
0.747263 -0.653366 0.121284
0.680012 -0.648567 0.341972
0.680012 -0.648567 0.341972
0.747263 -0.653366 0.121284
0.285761 -0.653727 0.700701
0.285761 -0.653727 0.700701
0.485250 -0.674615 0.556262
0.484106 -0.649410 0.586437
0.285761 -0.653727 0.700701
0.484106 -0.649410 0.586437
0.680012 -0.648567 0.341972
0.485250 -0.674615 0.556262
0.798773 -0.405289 0.444637
0.484106 -0.649410 0.586437
0.740834 -0.154505 0.653677
0.585097 -0.404463 0.702902
0.680012 -0.648567 0.341972
0.740834 -0.154505 0.653677
0.680012 -0.648567 0.341972
0.484106 -0.649410 0.586437
0.585097 -0.404463 0.702902
0.740834 -0.154505 0.653677
0.657975 -0.027580 0.752534
0.585097 -0.404463 0.702902
0.657975 -0.027580 0.752534
0.326713 -0.090535 0.940777
0.303246 0.350505 0.886108
0.326713 -0.090535 0.940777
0.657975 -0.027580 0.752534
-0.003936 -0.090535 0.995886
0.326713 -0.090535 0.940777
0.303246 0.350505 0.886108
0.800311 -0.153754 0.579536
0.484106 -0.649410 0.586437
0.798773 -0.405289 0.444637
0.484106 -0.649410 0.586437
0.800311 -0.153754 0.579536
0.740834 -0.154505 0.653677
0.861091 -0.035387 0.507218
0.800311 -0.153754 0.579536
0.798773 -0.405289 0.444637
0.861091 -0.035387 0.507218
0.610354 0.311084 0.728488
0.800311 -0.153754 0.579536
0.740834 -0.154505 0.653677
0.800311 -0.153754 0.579536
0.610354 0.311084 0.728488
0.847568 0.311432 0.429697
0.657975 -0.027580 0.752534
0.740834 -0.154505 0.653677
0.610354 0.311084 0.728488
0.847568 0.311432 0.429697
0.740834 -0.154505 0.653677
0.657975 -0.027580 0.752534
0.835494 0.368251 0.407848
0.303246 0.350505 0.886108
0.657975 -0.027580 0.752534
0.847568 0.311432 0.429697
0.835494 0.368251 0.407848
0.610354 0.311084 0.728488
0.861091 -0.035387 0.507218
0.556262 0.366896 0.745627
0.847568 0.311432 0.429697
0.610354 0.311084 0.728488
0.415611 0.360196 0.835180
0.415611 0.360196 0.835180
0.610354 0.311084 0.728488
0.556262 0.366896 0.745627
0.847568 0.311432 0.429697
0.904390 0.367285 0.217212
0.835494 0.368251 0.407848
0.415611 0.360196 0.835180
0.904390 0.367285 0.217212
0.847568 0.311432 0.429697
-0.925478 0.378782 -0.003905
-0.906147 0.372658 -0.200058
-0.970858 -0.089678 -0.222245
-0.863314 -0.027345 -0.503925
-0.970858 -0.089678 -0.222245
-0.906147 0.372658 -0.200058
-0.906147 0.372658 -0.200058
-0.582231 0.339960 -0.738535
-0.863314 -0.027345 -0.503925
-0.970858 -0.089678 -0.222245
-0.863314 -0.027345 -0.503925
-0.798815 -0.401356 -0.448116
-0.582231 0.339960 -0.738535
-0.611145 0.291948 -0.735709
-0.863314 -0.027345 -0.503925
-0.863314 -0.027345 -0.503925
-0.611145 0.291948 -0.735709
-0.806364 -0.175296 -0.564844
-0.863314 -0.027345 -0.503925
-0.806364 -0.175296 -0.564844
-0.798815 -0.401356 -0.448116
-0.582231 0.339960 -0.738535
-0.410523 0.371425 -0.832775
-0.611145 0.291948 -0.735709
-0.806364 -0.175296 -0.564844
-0.487853 -0.643966 -0.589327
-0.798815 -0.401356 -0.448116
-0.736782 -0.152034 -0.658816
-0.806364 -0.175296 -0.564844
-0.611145 0.291948 -0.735709
-0.487853 -0.643966 -0.589327
-0.806364 -0.175296 -0.564844
-0.736782 -0.152034 -0.658816
-0.611145 0.291948 -0.735709
-0.410523 0.371425 -0.832775
-0.928826 0.340962 -0.145007
-0.928826 0.340962 -0.145007
-0.872941 0.285761 -0.395368
-0.611145 0.291948 -0.735709
-0.611145 0.291948 -0.735709
-0.872941 0.285761 -0.395368
-0.736782 -0.152034 -0.658816
-0.872941 0.285761 -0.395368
-0.675148 -0.011708 -0.737589
-0.736782 -0.152034 -0.658816
-0.872941 0.285761 -0.395368
-0.928826 0.340962 -0.145007
-0.848933 0.332531 -0.410774
-0.675148 -0.011708 -0.737589
-0.872941 0.285761 -0.395368
-0.848933 0.332531 -0.410774
-0.675148 -0.011708 -0.737589
-0.848933 0.332531 -0.410774
-0.308229 0.347246 -0.885672
0.224676 0.965713 0.130076
-0.538341 0.648366 -0.538341
-0.723612 0.653206 -0.222951
-0.200355 0.648206 -0.734634
-0.538341 0.648366 -0.538341
0.224676 0.965713 0.130076
0.224439 0.964694 -0.137813
0.224676 0.965713 0.130076
-0.723612 0.653206 -0.222951
-0.723612 0.653206 -0.222951
-0.727226 0.656469 0.200478
0.224439 0.964694 -0.137813
0.224676 0.965713 0.130076
-0.003937 0.964575 0.263782
-0.200355 0.648206 -0.734634
-0.003937 0.964575 0.263782
0.224676 0.965713 0.130076
0.413517 0.878232 0.240234
0.224676 0.965713 0.130076
0.224439 0.964694 -0.137813
0.412724 0.876548 -0.247635
0.412724 0.876548 -0.247635
0.413517 0.878232 0.240234
0.224676 0.965713 0.130076
0.413517 0.878232 0.240234
-0.003941 0.878941 0.476914
-0.003937 0.964575 0.263782
-0.003941 0.878941 0.476914
0.413517 0.878232 0.240234
0.412724 0.876548 -0.247635
-0.003927 0.875628 -0.482970
0.412724 0.876548 -0.247635
0.224439 0.964694 -0.137813
0.412724 0.876548 -0.247635
-0.003927 0.875628 -0.482970
-0.003941 0.878941 0.476914
-0.003937 0.964575 0.263782
0.192795 0.649209 -0.735770
-0.200355 0.648206 -0.734634
0.224439 0.964694 -0.137813
-0.727226 0.656469 0.200478
-0.540616 0.651107 0.532724
0.224439 0.964694 -0.137813
-0.003929 0.962547 -0.271085
-0.003927 0.875628 -0.482970
-0.003929 0.962547 -0.271085
0.224439 0.964694 -0.137813
-0.540616 0.651107 0.532724
-0.419215 0.873691 -0.246827
-0.003927 0.875628 -0.482970
-0.003929 0.962547 -0.271085
-0.003941 0.878941 0.476914
-0.003927 0.875628 -0.482970
-0.419215 0.873691 -0.246827
0.538341 0.648366 -0.538341
0.192795 0.649209 -0.735770
-0.003937 0.964575 0.263782
-0.003937 0.964575 0.263782
-0.232141 0.963977 0.129842
0.538341 0.648366 -0.538341
-0.232141 0.963977 0.129842
-0.003937 0.964575 0.263782
-0.003941 0.878941 0.476914
-0.003941 0.878941 0.476914
-0.420015 0.875358 0.239448
-0.232141 0.963977 0.129842
-0.419215 0.873691 -0.246827
-0.420015 0.875358 0.239448
-0.003941 0.878941 0.476914
-0.003929 0.962547 -0.271085
-0.231897 0.962964 -0.137566
-0.419215 0.873691 -0.246827
-0.879746 -0.097750 -0.465288
-0.835350 -0.400191 -0.376879
-0.980147 -0.167914 0.105434
-0.879746 -0.097750 -0.465288
-0.980147 -0.167914 0.105434
-0.989467 -0.144705 0.003911
-0.835350 -0.400191 -0.376879
-0.879746 -0.097750 -0.465288
-0.613567 -0.136782 -0.777706
-0.907545 0.373233 0.192510
-0.561675 0.365285 0.742353
-0.639796 0.459240 0.616246
-0.860506 0.051080 0.506873
-0.639796 0.459240 0.616246
-0.422128 0.359006 0.832420
-0.561675 0.365285 0.742353
-0.422128 0.359006 0.832420
-0.639796 0.459240 0.616246
-0.613567 -0.136782 -0.777706
-0.879746 -0.097750 -0.465288
-0.879584 -0.050820 -0.473021
-0.989467 -0.144705 0.003911
-0.879584 -0.050820 -0.473021
-0.879746 -0.097750 -0.465288
-0.943402 -0.324906 -0.066547
-0.989467 -0.144705 0.003911
-0.959237 -0.207508 0.191847
-0.879584 -0.050820 -0.473021
-0.989467 -0.144705 0.003911
-0.943402 -0.324906 -0.066547
-0.945454 -0.322933 0.042798
-0.943402 -0.324906 -0.066547
-0.959237 -0.207508 0.191847
-0.959237 -0.207508 0.191847
-0.957770 -0.207191 -0.199372
-0.945454 -0.322933 0.042798
-0.982849 -0.184039 0.011747
-0.860506 0.051080 0.506873
-0.856862 -0.277796 0.434300
-0.957770 -0.207191 -0.199372
-0.982849 -0.184039 0.011747
-0.978002 -0.175339 -0.112996
-0.978002 -0.175339 -0.112996
-0.987957 -0.152294 -0.027335
-0.957770 -0.207191 -0.199372
-0.945454 -0.322933 0.042798
-0.957770 -0.207191 -0.199372
-0.987957 -0.152294 -0.027335
-0.982849 -0.184039 0.011747
-0.856862 -0.277796 0.434300
-0.832775 -0.410523 0.371425
-0.832775 -0.410523 0.371425
-0.978002 -0.175339 -0.112996
-0.982849 -0.184039 0.011747
0.770595 0.438646 0.462357
0.835494 0.368251 0.407848
0.904390 0.367285 0.217212
0.714690 0.027640 0.698895
0.770595 0.438646 0.462357
0.904390 0.367285 0.217212
0.858445 0.051428 0.510320
0.714690 0.027640 0.698895
0.904390 0.367285 0.217212
0.904390 0.367285 0.217212
0.415611 0.360196 0.835180
0.858445 0.051428 0.510320
0.714690 0.027640 0.698895
0.858445 0.051428 0.510320
0.859763 -0.278736 0.427918
0.859763 -0.278736 0.427918
0.570305 -0.365782 0.735497
0.714690 0.027640 0.698895
0.859763 -0.278736 0.427918
0.858445 0.051428 0.510320
0.982641 -0.185478 0.003946
0.858445 0.051428 0.510320
0.970825 0.239758 0.003930
0.982641 -0.185478 0.003946
0.970825 0.239758 0.003930
0.858445 0.051428 0.510320
0.635125 0.461550 0.619345
0.635125 0.461550 0.619345
0.858445 0.051428 0.510320
0.415611 0.360196 0.835180
0.415611 0.360196 0.835180
0.556262 0.366896 0.745627
0.635125 0.461550 0.619345
0.570305 -0.365782 0.735497
0.859763 -0.278736 0.427918
0.835435 -0.403990 0.372612
0.859763 -0.278736 0.427918
0.982641 -0.185478 0.003946
0.978988 -0.169062 -0.114019
0.978988 -0.169062 -0.114019
0.835435 -0.403990 0.372612
0.859763 -0.278736 0.427918
0.835435 -0.403990 0.372612
0.569988 -0.397026 0.719364
0.570305 -0.365782 0.735497
0.906144 0.375911 0.193891
0.635125 0.461550 0.619345
0.556262 0.366896 0.745627
0.906144 0.375911 0.193891
0.798575 0.601882 -0.003934
0.635125 0.461550 0.619345
0.635125 0.461550 0.619345
0.798575 0.601882 -0.003934
0.970825 0.239758 0.003930
0.612409 -0.138286 0.778352
0.569988 -0.397026 0.719364
0.835435 -0.403990 0.372612
0.835435 -0.403990 0.372612
0.881189 -0.098788 0.462328
0.612409 -0.138286 0.778352
0.881189 -0.098788 0.462328
0.835435 -0.403990 0.372612
0.978988 -0.169062 -0.114019
0.982641 -0.185478 0.003946
0.970825 0.239758 0.003930
0.985451 -0.168822 -0.019630
0.978988 -0.169062 -0.114019
0.982641 -0.185478 0.003946
0.957116 -0.208754 -0.200876
0.958604 -0.209078 0.193299
0.957116 -0.208754 -0.200876
0.982641 -0.185478 0.003946
0.982641 -0.185478 0.003946
0.985451 -0.168822 -0.019630
0.958604 -0.209078 0.193299
0.957116 -0.208754 -0.200876
0.989240 -0.145824 -0.011824
0.978988 -0.169062 -0.114019
0.881189 -0.098788 0.462328
0.978988 -0.169062 -0.114019
0.989240 -0.145824 -0.011824
0.989240 -0.145824 -0.011824
0.881079 -0.051363 0.470172
0.881189 -0.098788 0.462328
0.881079 -0.051363 0.470172
0.612409 -0.138286 0.778352
0.881189 -0.098788 0.462328
0.943001 -0.327486 0.059184
0.957116 -0.208754 -0.200876
0.958604 -0.209078 0.193299
0.943001 -0.327486 0.059184
0.989240 -0.145824 -0.011824
0.957116 -0.208754 -0.200876
0.881079 -0.051363 0.470172
0.989240 -0.145824 -0.011824
0.943001 -0.327486 0.059184
0.906144 0.375911 0.193891
0.924345 0.381538 -0.003933
0.798575 0.601882 -0.003934
0.628645 0.185826 0.755165
0.612409 -0.138286 0.778352
0.881079 -0.051363 0.470172
0.881079 -0.051363 0.470172
0.879707 0.185409 0.437881
0.628645 0.185826 0.755165
0.881079 -0.051363 0.470172
0.934237 -0.122200 0.335064
0.879707 0.185409 0.437881
0.943001 -0.327486 0.059184
0.934237 -0.122200 0.335064
0.881079 -0.051363 0.470172
0.958604 -0.209078 0.193299
0.944271 -0.325205 -0.050936
0.943001 -0.327486 0.059184
0.944271 -0.325205 -0.050936
0.958604 -0.209078 0.193299
0.986912 -0.161209 0.003932
0.979837 -0.169209 0.106247
0.986912 -0.161209 0.003932
0.958604 -0.209078 0.193299
0.958604 -0.209078 0.193299
0.985451 -0.168822 -0.019630
0.979837 -0.169209 0.106247
0.943001 -0.327486 0.059184
0.981846 -0.130124 0.138010
0.934237 -0.122200 0.335064
0.943001 -0.327486 0.059184
0.944271 -0.325205 -0.050936
0.980748 -0.129979 -0.145734
0.980748 -0.129979 -0.145734
0.981846 -0.130124 0.138010
0.943001 -0.327486 0.059184
0.934237 -0.122200 0.335064
0.981846 -0.130124 0.138010
0.977117 0.184436 0.105952
0.977117 0.184436 0.105952
0.879707 0.185409 0.437881
0.934237 -0.122200 0.335064
0.944271 -0.325205 -0.050936
0.934179 -0.098542 -0.342927
0.980748 -0.129979 -0.145734
0.934179 -0.098542 -0.342927
0.944271 -0.325205 -0.050936
0.986912 -0.161209 0.003932
0.541088 0.541088 0.643776
0.628645 0.185826 0.755165
0.879707 0.185409 0.437881
0.752348 0.547520 0.366326
0.879707 0.185409 0.437881
0.977117 0.184436 0.105952
0.879707 0.185409 0.437881
0.752348 0.547520 0.366326
0.541088 0.541088 0.643776
0.981846 -0.130124 0.138010
0.980748 -0.129979 -0.145734
0.956760 0.185052 -0.224425
0.956760 0.185052 -0.224425
0.977117 0.184436 0.105952
0.981846 -0.130124 0.138010
0.980748 -0.129979 -0.145734
0.934179 -0.098542 -0.342927
0.827897 0.184413 -0.529697
0.827897 0.184413 -0.529697
0.956760 0.185052 -0.224425
0.980748 -0.129979 -0.145734
0.977117 0.184436 0.105952
0.834605 0.541900 0.098887
0.752348 0.547520 0.366326
0.834605 0.541900 0.098887
0.977117 0.184436 0.105952
0.956760 0.185052 -0.224425
0.986912 -0.161209 0.003932
0.865908 -0.050936 -0.497603
0.934179 -0.098542 -0.342927
0.877253 -0.106214 -0.468130
0.865908 -0.050936 -0.497603
0.986912 -0.161209 0.003932
0.986912 -0.161209 0.003932
0.979837 -0.169209 0.106247
0.877253 -0.106214 -0.468130
0.934179 -0.098542 -0.342927
0.865908 -0.050936 -0.497603
0.827897 0.184413 -0.529697
0.772236 0.407899 0.487103
0.752348 0.547520 0.366326
0.834605 0.541900 0.098887
0.541088 0.541088 0.643776
0.752348 0.547520 0.366326
0.772236 0.407899 0.487103
0.820707 0.537975 -0.192414
0.956760 0.185052 -0.224425
0.827897 0.184413 -0.529697
0.956760 0.185052 -0.224425
0.820707 0.537975 -0.192414
0.834605 0.541900 0.098887
0.834605 0.541900 0.098887
0.908162 0.404938 0.106149
0.772236 0.407899 0.487103
0.908162 0.404938 0.106149
0.834605 0.541900 0.098887
0.820707 0.537975 -0.192414
0.772236 0.407899 0.487103
0.832057 0.295755 0.469265
0.541088 0.541088 0.643776
0.612669 0.183411 -0.768763
0.827897 0.184413 -0.529697
0.865908 -0.050936 -0.497603
0.827897 0.184413 -0.529697
0.711282 0.538374 -0.451920
0.820707 0.537975 -0.192414
0.711282 0.538374 -0.451920
0.827897 0.184413 -0.529697
0.612669 0.183411 -0.768763
0.865908 -0.050936 -0.497603
0.612893 -0.144440 -0.776852
0.612669 0.183411 -0.768763
0.877253 -0.106214 -0.468130
0.612893 -0.144440 -0.776852
0.865908 -0.050936 -0.497603
0.857480 0.414910 -0.304267
0.820707 0.537975 -0.192414
0.711282 0.538374 -0.451920
0.820707 0.537975 -0.192414
0.857480 0.414910 -0.304267
0.908162 0.404938 0.106149
0.772236 0.407899 0.487103
0.908162 0.404938 0.106149
0.746791 0.659863 0.082977
0.746791 0.659863 0.082977
0.908162 0.404938 0.106149
0.857480 0.414910 -0.304267
0.832057 0.295755 0.469265
0.772236 0.407899 0.487103
0.634335 0.657975 0.405817
0.746791 0.659863 0.082977
0.634335 0.657975 0.405817
0.772236 0.407899 0.487103
0.634335 0.657975 0.405817
0.969213 0.225490 0.098899
0.832057 0.295755 0.469265
0.612669 0.183411 -0.768763
0.522075 0.545627 -0.655537
0.711282 0.538374 -0.451920
0.668852 0.395053 -0.629738
0.711282 0.538374 -0.451920
0.522075 0.545627 -0.655537
0.857480 0.414910 -0.304267
0.711282 0.538374 -0.451920
0.668852 0.395053 -0.629738
0.569988 -0.397026 -0.719364
0.612893 -0.144440 -0.776852
0.877253 -0.106214 -0.468130
0.857480 0.414910 -0.304267
0.706704 0.659328 -0.256624
0.746791 0.659863 0.082977
0.857480 0.414910 -0.304267
0.668852 0.395053 -0.629738
0.547214 0.665318 -0.507846
0.547214 0.665318 -0.507846
0.706704 0.659328 -0.256624
0.857480 0.414910 -0.304267
0.961183 0.239315 -0.137312
0.547214 0.665318 -0.507846
0.668852 0.395053 -0.629738
0.569988 -0.397026 -0.719364
0.827897 -0.411986 -0.380597
0.845416 -0.271319 -0.460063
0.877253 -0.106214 -0.468130
0.827897 -0.411986 -0.380597
0.569988 -0.397026 -0.719364
0.845416 -0.271319 -0.460063
0.568654 -0.372566 -0.733367
0.569988 -0.397026 -0.719364
0.985451 -0.168822 -0.019630
0.845416 -0.271319 -0.460063
0.827897 -0.411986 -0.380597
0.827897 -0.411986 -0.380597
0.979837 -0.169209 0.106247
0.985451 -0.168822 -0.019630
0.979837 -0.169209 0.106247
0.827897 -0.411986 -0.380597
0.877253 -0.106214 -0.468130
0.568654 -0.372566 -0.733367
0.845416 -0.271319 -0.460063
0.810556 0.050905 -0.583444
0.931750 0.200503 -0.302721
0.845416 -0.271319 -0.460063
0.985451 -0.168822 -0.019630
0.810556 0.050905 -0.583444
0.845416 -0.271319 -0.460063
0.931750 0.200503 -0.302721
0.985451 -0.168822 -0.019630
0.970825 0.239758 0.003930
0.931750 0.200503 -0.302721
0.650257 0.429564 -0.626611
0.931750 0.200503 -0.302721
0.970825 0.239758 0.003930
0.931750 0.200503 -0.302721
0.650257 0.429564 -0.626611
0.810556 0.050905 -0.583444
0.650257 0.429564 -0.626611
0.381114 0.357540 -0.852595
0.810556 0.050905 -0.583444
0.970825 0.239758 0.003930
0.798575 0.601882 -0.003934
0.650257 0.429564 -0.626611
0.904729 0.375324 -0.201490
0.650257 0.429564 -0.626611
0.798575 0.601882 -0.003934
0.904729 0.375324 -0.201490
0.529697 0.349208 -0.772965
0.650257 0.429564 -0.626611
0.529697 0.349208 -0.772965
0.381114 0.357540 -0.852595
0.650257 0.429564 -0.626611
0.924345 0.381538 -0.003933
0.904729 0.375324 -0.201490
0.798575 0.601882 -0.003934
-0.551645 0.645542 0.528170
-0.733367 0.639245 0.231383
-0.970209 0.214303 -0.112996
-0.970209 0.214303 -0.112996
-0.459552 0.773776 0.435985
-0.551645 0.645542 0.528170
-0.201515 0.651960 0.730985
-0.551645 0.645542 0.528170
-0.459552 0.773776 0.435985
-0.003922 0.999985 -0.003922
-0.459552 0.773776 0.435985
-0.970209 0.214303 -0.112996
-0.970209 0.214303 -0.112996
-0.636976 0.652608 -0.410322
-0.003922 0.999985 -0.003922
-0.003922 0.999985 -0.003922
-0.003922 0.999985 -0.003922
-0.636976 0.652608 -0.410322
-0.003922 0.999985 -0.003922
-0.459552 0.773776 0.435985
-0.003922 0.999985 -0.003922
-0.459552 0.773776 0.435985
-0.169282 0.767675 0.618077
-0.201515 0.651960 0.730985
-0.003922 0.999985 -0.003922
-0.459127 0.765212 -0.451279
-0.459552 0.773776 0.435985
-0.169282 0.767675 0.618077
-0.459552 0.773776 0.435985
-0.459127 0.765212 -0.451279
0.193915 0.652980 0.732129
-0.201515 0.651960 0.730985
-0.169282 0.767675 0.618077
-0.636976 0.652608 -0.410322
-0.749746 0.655537 -0.090284
-0.003922 0.999985 -0.003922
-0.003922 0.999985 -0.003922
-0.003922 0.999985 -0.003922
-0.749746 0.655537 -0.090284
-0.003922 0.999985 -0.003922
-0.459127 0.765212 -0.451279
-0.003922 0.999985 -0.003922
-0.169282 0.767675 0.618077
0.161619 0.768676 0.618883
0.193915 0.652980 0.732129
-0.459127 0.765212 -0.451279
-0.168459 0.763943 -0.622907
-0.169282 0.767675 0.618077
0.161619 0.768676 0.618883
-0.169282 0.767675 0.618077
-0.168459 0.763943 -0.622907
0.534994 0.653882 0.534994
0.193915 0.652980 0.732129
0.161619 0.768676 0.618883
-0.749746 0.655537 -0.090284
-0.712030 0.656956 0.247834
-0.003922 0.999985 -0.003922
-0.003922 0.999985 -0.003922
-0.712030 0.656956 0.247834
-0.554882 0.665071 0.499787
-0.554882 0.665071 0.499787
-0.459127 0.765212 -0.451279
-0.003922 0.999985 -0.003922
0.161619 0.768676 0.618883
0.454510 0.770691 0.446605
0.534994 0.653882 0.534994
0.454510 0.770691 0.446605
0.161619 0.768676 0.618883
0.160831 0.764929 -0.623712
-0.168459 0.763943 -0.622907
0.160831 0.764929 -0.623712
0.161619 0.768676 0.618883
-0.168459 0.763943 -0.622907
-0.459127 0.765212 -0.451279
-0.538341 0.648366 -0.538341
-0.960356 0.246949 0.129354
-0.459127 0.765212 -0.451279
-0.554882 0.665071 0.499787
-0.459127 0.765212 -0.451279
-0.960356 0.246949 0.129354
-0.723612 0.653206 -0.222951
-0.723612 0.653206 -0.222951
-0.538341 0.648366 -0.538341
-0.459127 0.765212 -0.451279
-0.538341 0.648366 -0.538341
-0.200355 0.648206 -0.734634
-0.168459 0.763943 -0.622907
0.160831 0.764929 -0.623712
-0.168459 0.763943 -0.622907
-0.200355 0.648206 -0.734634
0.728578 0.649813 0.216604
0.534994 0.653882 0.534994
0.454510 0.770691 0.446605
-0.200355 0.648206 -0.734634
0.192795 0.649209 -0.735770
0.160831 0.764929 -0.623712
0.160831 0.764929 -0.623712
0.451752 0.773871 -0.443896
0.454510 0.770691 0.446605
0.451752 0.773871 -0.443896
0.160831 0.764929 -0.623712
0.192795 0.649209 -0.735770
0.454510 0.770691 0.446605
0.961183 0.239315 -0.137312
0.728578 0.649813 0.216604
0.961183 0.239315 -0.137312
0.454510 0.770691 0.446605
0.547214 0.665318 -0.507846
0.454510 0.770691 0.446605
0.451752 0.773871 -0.443896
-0.003922 0.999985 -0.003922
0.454510 0.770691 0.446605
-0.003922 0.999985 -0.003922
0.547214 0.665318 -0.507846
-0.003922 0.999985 -0.003922
0.454510 0.770691 0.446605
-0.003922 0.999985 -0.003922
0.706704 0.659328 -0.256624
-0.003922 0.999985 -0.003922
-0.003922 0.999985 -0.003922
-0.003922 0.999985 -0.003922
0.706704 0.659328 -0.256624
0.547214 0.665318 -0.507846
0.192795 0.649209 -0.735770
0.538341 0.648366 -0.538341
0.451752 0.773871 -0.443896
-0.003922 0.999985 -0.003922
0.451752 0.773871 -0.443896
-0.003922 0.999985 -0.003922
0.969213 0.225490 0.098899
0.451752 0.773871 -0.443896
0.538341 0.648366 -0.538341
0.969213 0.225490 0.098899
-0.003922 0.999985 -0.003922
0.451752 0.773871 -0.443896
0.746791 0.659863 0.082977
-0.003922 0.999985 -0.003922
-0.003922 0.999985 -0.003922
-0.003922 0.999985 -0.003922
0.746791 0.659863 0.082977
0.706704 0.659328 -0.256624
0.969213 0.225490 0.098899
0.634335 0.657975 0.405817
-0.003922 0.999985 -0.003922
-0.003922 0.999985 -0.003922
0.634335 0.657975 0.405817
0.746791 0.659863 0.082977
0.538341 0.648366 -0.538341
0.726015 0.647527 -0.231540
0.969213 0.225490 0.098899
0.994346 -0.106116 -0.003930
0.924345 0.381538 -0.003933
0.906144 0.375911 0.193891
0.904729 0.375324 -0.201490
0.924345 0.381538 -0.003933
0.994346 -0.106116 -0.003930
0.906144 0.375911 0.193891
0.972087 -0.090518 0.216457
0.994346 -0.106116 -0.003930
0.994346 -0.106116 -0.003930
0.972087 -0.090518 0.216457
0.945491 -0.278547 0.168698
0.944909 -0.270534 -0.184277
0.994346 -0.106116 -0.003930
0.945491 -0.278547 0.168698
0.994346 -0.106116 -0.003930
0.944909 -0.270534 -0.184277
0.970405 -0.090362 -0.223940
0.994346 -0.106116 -0.003930
0.970405 -0.090362 -0.223940
0.904729 0.375324 -0.201490
0.861091 -0.035387 0.507218
0.972087 -0.090518 0.216457
0.906144 0.375911 0.193891
0.908780 -0.365872 0.200640
0.972087 -0.090518 0.216457
0.861091 -0.035387 0.507218
0.972087 -0.090518 0.216457
0.908780 -0.365872 0.200640
0.945491 -0.278547 0.168698
0.906144 0.375911 0.193891
0.556262 0.366896 0.745627
0.861091 -0.035387 0.507218
0.904729 0.375324 -0.201490
0.970405 -0.090362 -0.223940
0.846726 -0.019691 -0.531665
0.846726 -0.019691 -0.531665
0.529697 0.349208 -0.772965
0.904729 0.375324 -0.201490
0.795968 -0.403866 -0.450918
0.846726 -0.019691 -0.531665
0.970405 -0.090362 -0.223940
0.970405 -0.090362 -0.223940
0.907321 -0.365285 -0.208173
0.795968 -0.403866 -0.450918
0.907321 -0.365285 -0.208173
0.970405 -0.090362 -0.223940
0.944909 -0.270534 -0.184277
0.907321 -0.365285 -0.208173
0.944909 -0.270534 -0.184277
0.624173 -0.694834 -0.357231
0.972569 -0.232314 0.011813
0.944909 -0.270534 -0.184277
0.945491 -0.278547 0.168698
0.624173 -0.694834 -0.357231
0.944909 -0.270534 -0.184277
0.972569 -0.232314 0.011813
0.908780 -0.365872 0.200640
0.632375 -0.695220 0.341718
0.945491 -0.278547 0.168698
0.649813 -0.760084 0.003938
0.972569 -0.232314 0.011813
0.945491 -0.278547 0.168698
0.945491 -0.278547 0.168698
0.632375 -0.695220 0.341718
0.649813 -0.760084 0.003938
0.972569 -0.232314 0.011813
0.649813 -0.760084 0.003938
0.624173 -0.694834 -0.357231
0.908780 -0.365872 0.200640
0.485250 -0.674615 0.556262
0.632375 -0.695220 0.341718
0.908780 -0.365872 0.200640
0.798773 -0.405289 0.444637
0.485250 -0.674615 0.556262
0.861091 -0.035387 0.507218
0.798773 -0.405289 0.444637
0.908780 -0.365872 0.200640
0.907321 -0.365285 -0.208173
0.480575 -0.675931 -0.558717
0.795968 -0.403866 -0.450918
0.907321 -0.365285 -0.208173
0.624173 -0.694834 -0.357231
0.480575 -0.675931 -0.558717
0.795968 -0.403866 -0.450918
0.803119 -0.152789 -0.575895
0.846726 -0.019691 -0.531665
0.846726 -0.019691 -0.531665
0.568025 0.285971 -0.771731
0.529697 0.349208 -0.772965
0.568025 0.285971 -0.771731
0.846726 -0.019691 -0.531665
0.803119 -0.152789 -0.575895
0.803119 -0.152789 -0.575895
0.795968 -0.403866 -0.450918
0.481872 -0.646413 -0.591566
0.481872 -0.646413 -0.591566
0.795968 -0.403866 -0.450918
0.480575 -0.675931 -0.558717
0.568025 0.285971 -0.771731
0.381114 0.357540 -0.852595
0.529697 0.349208 -0.772965
0.237768 -0.923789 -0.300134
0.624173 -0.694834 -0.357231
0.649813 -0.760084 0.003938
0.624173 -0.694834 -0.357231
0.237768 -0.923789 -0.300134
0.276949 -0.940066 -0.198935
0.624173 -0.694834 -0.357231
0.276949 -0.940066 -0.198935
0.480575 -0.675931 -0.558717
0.247146 -0.968970 -0.003923
0.649813 -0.760084 0.003938
0.632375 -0.695220 0.341718
0.649813 -0.760084 0.003938
0.247146 -0.968970 -0.003923
0.237768 -0.923789 -0.300134
0.632375 -0.695220 0.341718
0.245669 -0.924182 0.292463
0.247146 -0.968970 -0.003923
0.632375 -0.695220 0.341718
0.485250 -0.674615 0.556262
0.286658 -0.938511 0.192414
0.286658 -0.938511 0.192414
0.245669 -0.924182 0.292463
0.632375 -0.695220 0.341718
0.276949 -0.940066 -0.198935
0.512866 -0.591167 -0.622487
0.480575 -0.675931 -0.558717
0.284197 -0.650150 -0.704654
0.480575 -0.675931 -0.558717
0.512866 -0.591167 -0.622487
0.481872 -0.646413 -0.591566
0.480575 -0.675931 -0.558717
0.284197 -0.650150 -0.704654
-0.058397 -0.992744 -0.105114
0.237768 -0.923789 -0.300134
0.247146 -0.968970 -0.003923
0.276949 -0.940066 -0.198935
0.237768 -0.923789 -0.300134
-0.058397 -0.992744 -0.105114
0.911549 0.366987 -0.185467
0.381114 0.357540 -0.852595
0.568025 0.285971 -0.771731
0.568025 0.285971 -0.771731
0.872941 0.285761 -0.395368
0.911549 0.366987 -0.185467
0.872941 0.285761 -0.395368
0.568025 0.285971 -0.771731
0.803119 -0.152789 -0.575895
-0.206586 -0.978359 -0.011694
0.247146 -0.968970 -0.003923
0.245669 -0.924182 0.292463
0.247146 -0.968970 -0.003923
-0.206586 -0.978359 -0.011694
-0.058397 -0.992744 -0.105114
0.245669 -0.924182 0.292463
-0.058397 -0.992744 0.105114
-0.206586 -0.978359 -0.011694
0.245669 -0.924182 0.292463
0.286658 -0.938511 0.192414
-0.058397 -0.992744 0.105114
0.708878 -0.599217 -0.372063
0.512866 -0.591167 -0.622487
0.276949 -0.940066 -0.198935
0.276949 -0.940066 -0.198935
0.238743 -0.943229 -0.230915
0.708878 -0.599217 -0.372063
0.238743 -0.943229 -0.230915
0.276949 -0.940066 -0.198935
-0.058397 -0.992744 -0.105114
0.746532 -0.652727 -0.128982
0.284197 -0.650150 -0.704654
0.512866 -0.591167 -0.622487
0.512866 -0.591167 -0.622487
0.708878 -0.599217 -0.372063
0.746532 -0.652727 -0.128982
-0.206586 -0.978359 -0.011694
-0.058397 -0.992744 0.105114
-0.058397 -0.992744 -0.105114
0.481872 -0.646413 -0.591566
0.284197 -0.650150 -0.704654
0.746532 -0.652727 -0.128982
0.643222 -0.674409 -0.362543
0.708878 -0.599217 -0.372063
0.238743 -0.943229 -0.230915
0.708878 -0.599217 -0.372063
0.643222 -0.674409 -0.362543
0.746532 -0.652727 -0.128982
0.911549 0.366987 -0.185467
0.872941 0.285761 -0.395368
0.847831 0.358849 -0.390397
0.746532 -0.652727 -0.128982
0.678171 -0.646810 -0.348885
0.481872 -0.646413 -0.591566
0.746532 -0.652727 -0.128982
0.643222 -0.674409 -0.362543
0.678171 -0.646810 -0.348885
0.803119 -0.152789 -0.575895
0.481872 -0.646413 -0.591566
0.678171 -0.646810 -0.348885
0.803119 -0.152789 -0.575895
0.733187 -0.152911 -0.662613
0.872941 0.285761 -0.395368
0.670867 -0.011770 -0.741484
0.872941 0.285761 -0.395368
0.733187 -0.152911 -0.662613
0.872941 0.285761 -0.395368
0.670867 -0.011770 -0.741484
0.847831 0.358849 -0.390397
0.678171 -0.646810 -0.348885
0.733187 -0.152911 -0.662613
0.803119 -0.152789 -0.575895
0.733187 -0.152911 -0.662613
0.678171 -0.646810 -0.348885
0.581876 -0.402236 -0.706843
0.643222 -0.674409 -0.362543
0.581876 -0.402236 -0.706843
0.678171 -0.646810 -0.348885
0.670867 -0.011770 -0.741484
0.733187 -0.152911 -0.662613
0.581876 -0.402236 -0.706843
0.309514 -0.356528 -0.881526
0.581876 -0.402236 -0.706843
0.643222 -0.674409 -0.362543
0.222814 -0.730988 -0.644989
0.643222 -0.674409 -0.362543
0.238743 -0.943229 -0.230915
0.643222 -0.674409 -0.362543
0.222814 -0.730988 -0.644989
0.309514 -0.356528 -0.881526
0.670867 -0.011770 -0.741484
0.581876 -0.402236 -0.706843
0.309514 -0.356528 -0.881526
0.301142 0.348073 -0.887783
0.847831 0.358849 -0.390397
0.670867 -0.011770 -0.741484
0.670867 -0.011770 -0.741484
0.324310 -0.089869 -0.941672
0.301142 0.348073 -0.887783
0.309514 -0.356528 -0.881526
0.324310 -0.089869 -0.941672
0.670867 -0.011770 -0.741484
0.222624 -0.253869 -0.941270
0.309514 -0.356528 -0.881526
0.222814 -0.730988 -0.644989
-0.420015 0.875358 0.239448
-0.419215 0.873691 -0.246827
-0.231897 0.962964 -0.137566
-0.231897 0.962964 -0.137566
-0.232141 0.963977 0.129842
-0.420015 0.875358 0.239448
-0.540616 0.651107 0.532724
-0.201515 0.651960 0.730985
-0.003929 0.962547 -0.271085
-0.003929 0.962547 -0.271085
-0.201515 0.651960 0.730985
0.193915 0.652980 0.732129
-0.231897 0.962964 -0.137566
-0.003929 0.962547 -0.271085
0.193915 0.652980 0.732129
-0.232141 0.963977 0.129842
0.726015 0.647527 -0.231540
0.538341 0.648366 -0.538341
-0.232141 0.963977 0.129842
-0.231897 0.962964 -0.137566
0.723490 0.660234 0.201628
0.723490 0.660234 0.201628
0.726015 0.647527 -0.231540
-0.232141 0.963977 0.129842
0.193915 0.652980 0.732129
0.534994 0.653882 0.534994
-0.231897 0.962964 -0.137566
-0.231897 0.962964 -0.137566
0.534994 0.653882 0.534994
0.723490 0.660234 0.201628
0.224676 0.965713 0.130076
-0.538341 0.648366 -0.538341
-0.726060 0.655416 -0.208006
-0.200355 0.648206 -0.734634
-0.538341 0.648366 -0.538341
0.224676 0.965713 0.130076
0.224439 0.964694 -0.137813
0.224676 0.965713 0.130076
-0.726060 0.655416 -0.208006
-0.726060 0.655416 -0.208006
-0.733367 0.639245 0.231383
0.224439 0.964694 -0.137813
0.224676 0.965713 0.130076
-0.003937 0.964575 0.263782
-0.200355 0.648206 -0.734634
-0.003937 0.964575 0.263782
0.224676 0.965713 0.130076
0.413517 0.878232 0.240234
0.224676 0.965713 0.130076
0.224439 0.964694 -0.137813
0.412724 0.876548 -0.247635
0.412724 0.876548 -0.247635
0.413517 0.878232 0.240234
0.224676 0.965713 0.130076
0.413517 0.878232 0.240234
-0.003941 0.878941 0.476914
-0.003937 0.964575 0.263782
-0.003941 0.878941 0.476914
0.413517 0.878232 0.240234
0.412724 0.876548 -0.247635
-0.003927 0.875628 -0.482970
0.412724 0.876548 -0.247635
0.224439 0.964694 -0.137813
0.412724 0.876548 -0.247635
-0.003927 0.875628 -0.482970
-0.003941 0.878941 0.476914
-0.003937 0.964575 0.263782
0.192795 0.649209 -0.735770
-0.200355 0.648206 -0.734634
0.224439 0.964694 -0.137813
-0.733367 0.639245 0.231383
-0.551645 0.645542 0.528170
0.224439 0.964694 -0.137813
-0.003929 0.962547 -0.271085
-0.003927 0.875628 -0.482970
-0.003929 0.962547 -0.271085
0.224439 0.964694 -0.137813
-0.551645 0.645542 0.528170
-0.419215 0.873691 -0.246827
-0.003927 0.875628 -0.482970
-0.003929 0.962547 -0.271085
-0.003941 0.878941 0.476914
-0.003927 0.875628 -0.482970
-0.419215 0.873691 -0.246827
0.532724 0.651107 -0.540616
0.192795 0.649209 -0.735770
-0.003937 0.964575 0.263782
-0.003937 0.964575 0.263782
-0.232141 0.963977 0.129842
0.532724 0.651107 -0.540616
-0.232141 0.963977 0.129842
-0.003937 0.964575 0.263782
-0.003941 0.878941 0.476914
-0.003941 0.878941 0.476914
-0.420015 0.875358 0.239448
-0.232141 0.963977 0.129842
-0.419215 0.873691 -0.246827
-0.420015 0.875358 0.239448
-0.003941 0.878941 0.476914
-0.003929 0.962547 -0.271085
-0.231897 0.962964 -0.137566
-0.419215 0.873691 -0.246827
-0.420015 0.875358 0.239448
-0.419215 0.873691 -0.246827
-0.231897 0.962964 -0.137566
-0.231897 0.962964 -0.137566
-0.232141 0.963977 0.129842
-0.420015 0.875358 0.239448
-0.551645 0.645542 0.528170
-0.201515 0.651960 0.730985
-0.003929 0.962547 -0.271085
-0.003929 0.962547 -0.271085
-0.201515 0.651960 0.730985
0.193915 0.652980 0.732129
-0.231897 0.962964 -0.137566
-0.003929 0.962547 -0.271085
0.193915 0.652980 0.732129
-0.232141 0.963977 0.129842
0.722317 0.659163 -0.209195
0.532724 0.651107 -0.540616
-0.232141 0.963977 0.129842
-0.231897 0.962964 -0.137566
0.728578 0.649813 0.216604
0.728578 0.649813 0.216604
0.722317 0.659163 -0.209195
-0.232141 0.963977 0.129842
0.193915 0.652980 0.732129
0.534994 0.653882 0.534994
-0.231897 0.962964 -0.137566
-0.231897 0.962964 -0.137566
0.534994 0.653882 0.534994
0.728578 0.649813 0.216604
</float_array>
          <technique_common>
            <accessor source="#transform1-lib-Normal0-array" count="2436" stride="3">
              <param name="X" type="float"/>
              <param name="Y" type="float"/>
              <param name="Z" type="float"/>
            </accessor>
          </technique_common>
        </source>
        <source id="transform1-lib-UV0">
          <float_array id="transform1-lib-UV0-array" count="972">
0.362061 0.277344
0.367188 0.240234
0.395508 0.249512
0.392578 0.281250
0.361084 0.317383
0.416748 0.243164
0.392334 0.318359
0.416260 0.282715
0.416504 0.319336
0.362061 0.354980
0.425049 0.247070
0.428467 0.281738
0.392822 0.356445
0.416504 0.356934
0.429443 0.318359
0.390869 0.388672
0.359375 0.386230
0.468994 0.231934
0.475098 0.272949
0.429199 0.356445
0.416260 0.400879
0.477051 0.313477
0.365479 0.409668
0.496094 0.270020
0.498535 0.311523
0.492432 0.226563
0.428955 0.395508
0.476318 0.353516
0.416504 0.441406
0.497803 0.352539
0.365234 0.435059
0.825684 0.221191
0.828613 0.264160
0.837402 0.295410
0.838379 0.319336
0.431152 0.436523
0.475586 0.393555
0.495850 0.391602
0.831055 0.349609
0.859863 0.270508
0.861328 0.220703
0.986328 0.295898
0.987305 0.320313
0.862793 0.345215
0.828125 0.391113
0.475342 0.430664
0.498779 0.429688
0.537598 0.430664
0.986328 0.271484
0.878418 0.247070
0.898438 0.228516
0.489502 0.443359
0.989258 0.345215
0.865723 0.395996
0.882324 0.371582
0.826172 0.430664
0.863770 0.434082
0.987305 0.247559
0.560547 0.446777
0.521973 0.443848
0.974121 0.227539
0.991211 0.371094
0.903320 0.392090
0.901367 0.416504
0.862305 0.471680
0.899902 0.461914
0.573242 0.469238
0.824707 0.469727
0.548828 0.462891
0.979492 0.393555
0.987793 0.223633
0.573242 0.525146
0.993164 0.395020
0.977051 0.463379
0.978516 0.419922
0.899414 0.508301
0.862793 0.513672
0.825195 0.515625
0.560547 0.547852
0.548828 0.531738
0.977051 0.506836
0.900391 0.554199
0.863770 0.558594
0.826660 0.562988
0.538086 0.563477
0.866211 0.595947
0.828613 0.601563
0.978516 0.550293
0.904785 0.600586
0.883789 0.620605
0.864746 0.646240
0.496826 0.603516
0.832520 0.641846
0.980469 0.597900
0.992676 0.619629
0.990723 0.645508
0.841309 0.671143
0.989746 0.670166
0.499268 0.642822
0.994629 0.595459
0.500977 0.682617
0.840820 0.693604
0.838867 0.693604
0.833008 0.723389
0.989746 0.694336
0.864746 0.718506
0.499512 0.722656
0.829102 0.763916
0.477539 0.642822
0.479004 0.682617
0.476318 0.602783
0.990723 0.718750
0.866211 0.768555
0.883301 0.744141
0.497314 0.762329
0.478027 0.722412
0.430664 0.642822
0.431641 0.682373
0.430908 0.721680
0.429688 0.602783
0.475342 0.565430
0.992188 0.743652
0.901855 0.788452
0.903809 0.763672
0.430420 0.761719
0.476807 0.762573
0.418945 0.642822
0.419434 0.682129
0.418945 0.721436
0.417725 0.765991
0.979492 0.764526
0.416992 0.597656
0.431152 0.561279
0.395996 0.643555
0.993652 0.767578
0.396240 0.682129
0.395752 0.720459
0.417236 0.805054
0.366699 0.770020
0.393066 0.753296
0.365479 0.718994
0.365723 0.682129
0.365723 0.645264
0.393066 0.610596
0.361816 0.750122
0.366455 0.803223
0.362549 0.614746
0.392578 0.599121
0.364990 0.594482
0.391357 0.560303
0.416504 0.557373
0.364014 0.562988
0.391846 0.544189
0.361084 0.538086
0.416260 0.499023
0.446533 0.536621
0.362305 0.522461
0.394775 0.499512
0.489502 0.552734
0.361572 0.499512
0.361572 0.476563
0.391113 0.455078
0.446777 0.460449
0.495117 0.470215
0.494873 0.525635
0.521973 0.551270
0.140015 0.318359
0.171265 0.326660
0.137329 0.329590
0.181396 0.374023
0.128418 0.364258
0.181763 0.339355
0.234497 0.365234
0.226318 0.330566
0.192627 0.326660
0.149414 0.291016
0.172729 0.296387
0.182007 0.321777
0.182251 0.296387
0.173462 0.271973
0.134033 0.259766
0.182495 0.271973
0.191772 0.296875
0.223877 0.319336
0.191406 0.271973
0.263916 0.312988
0.257813 0.302246
0.215088 0.291992
0.182617 0.250977
0.173096 0.245117
0.192261 0.245117
0.230957 0.261230
0.125977 0.197754
0.240723 0.278809
0.267090 0.303223
0.265381 0.291016
0.262451 0.223633
0.240479 0.199219
0.242310 0.259766
0.262451 0.235352
0.258057 0.275391
0.126099 0.179688
0.278564 0.250000
0.294434 0.255859
0.279785 0.231445
0.265625 0.200684
0.288574 0.200195
0.246338 0.189941
0.240723 0.180664
0.265625 0.190430
0.313232 0.222656
0.303711 0.246582
0.316406 0.202637
0.288574 0.190430
0.265869 0.180176
0.324219 0.225098
0.312256 0.190918
0.288818 0.181152
0.263428 0.156250
0.316895 0.179199
0.328857 0.191406
0.313965 0.159180
0.280762 0.149414
0.325195 0.157227
0.305176 0.134766
0.358154 0.150879
0.362061 0.191895
0.316162 0.129883
0.307129 0.125000
0.295898 0.125000
0.263672 0.144531
0.280029 0.130371
0.348145 0.119141
0.312012 0.113770
0.260010 0.104980
0.267578 0.089355
0.280029 0.074219
0.269531 0.077637
0.332764 0.085938
0.308594 0.056152
0.243774 0.120117
0.242676 0.101074
0.260010 0.078125
0.266113 0.067383
0.280029 0.034668
0.232300 0.118164
0.229126 0.048828
0.226563 0.060059
0.217163 0.087402
0.195313 0.051758
0.238159 0.014160
0.193115 0.106445
0.193481 0.133301
0.193848 0.082031
0.185181 0.004395
0.184814 0.039063
0.184082 0.106934
0.183960 0.127441
0.174316 0.133301
0.184326 0.082031
0.175049 0.106445
0.132080 0.013184
0.103271 0.155273
0.135742 0.117188
0.174805 0.082031
0.151489 0.086914
0.184692 0.056641
0.174072 0.051758
0.142700 0.059082
0.125732 0.099609
0.124207 0.118652
0.103943 0.143066
0.086548 0.147461
0.087708 0.128418
0.108398 0.103027
0.140259 0.047852
0.108765 0.076172
0.101135 0.087402
0.071899 0.122559
0.062622 0.131836
0.099365 0.075684
0.103027 0.065430
0.060669 0.122070
0.051727 0.126465
0.056183 0.110840
0.088928 0.071777
0.089783 0.032715
0.019791 0.115234
0.035980 0.082520
0.060760 0.053223
0.356934 0.232422
0.314453 0.252441
0.346191 0.264160
0.312500 0.269531
0.305664 0.256348
0.330566 0.296875
0.302490 0.327637
0.277832 0.310547
0.276611 0.346191
0.314941 0.696045
0.325928 0.667480
0.346191 0.701660
0.290527 0.647461
0.314941 0.746094
0.346191 0.740723
0.269775 0.669922
0.281738 0.713623
0.281738 0.728271
0.269775 0.705811
0.269775 0.736328
0.249023 0.647217
0.325928 0.774536
0.269775 0.771973
0.257568 0.728271
0.213501 0.667480
0.224609 0.695801
0.257568 0.713623
0.224487 0.746094
0.498779 0.565674
0.359619 0.459473
0.404785 0.973297
0.384766 0.996887
0.371582 0.967957
0.420410 0.953583
0.415527 0.920471
0.364746 0.934998
0.431641 0.924194
0.426758 0.960297
0.447266 0.904480
0.416504 0.865845
0.389404 0.910400
0.357666 0.908142
0.475342 0.937927
0.489990 0.926270
0.469971 0.976425
0.359619 0.889099
0.393555 0.865356
0.493896 0.982407
0.498779 0.941742
0.447266 0.829346
0.495605 0.897705
0.495605 0.841553
0.522461 0.925842
0.538086 0.940460
0.549316 0.905762
0.360352 0.864624
0.832031 0.982193
0.827148 0.925415
0.561035 0.923035
0.549316 0.835938
0.522949 0.815430
0.490234 0.813354
0.574219 0.899597
0.573730 0.843018
0.826172 0.884399
0.561523 0.819702
0.875977 0.969559
0.865723 0.919861
0.825684 0.843750
0.826660 0.803467
0.864258 0.881958
0.538574 0.802979
0.499512 0.800171
0.905762 0.923401
0.863281 0.844360
0.901367 0.878601
0.915527 0.967133
0.864258 0.806885
0.900391 0.833008
0.979004 0.871826
0.982910 0.911011
0.990723 0.953369
0.978027 0.831177
0.979004 0.789795
0.475830 0.800171
0.431641 0.804199
0.416748 0.820435
0.392578 0.819946
0.361816 0.840576
0.360840 0.823730
0.172485 0.603516
0.153809 0.629883
0.135620 0.623291
0.160034 0.588623
0.197388 0.588379
0.103577 0.572021
0.094604 0.575928
0.087219 0.521240
0.192749 0.570068
0.160278 0.427246
0.225830 0.588623
0.077515 0.522217
0.094238 0.467773
0.230713 0.570557
0.192871 0.446289
0.250732 0.604248
0.083496 0.466309
0.112061 0.416992
0.263428 0.589355
0.230835 0.446777
0.172729 0.412598
0.135498 0.394531
0.152832 0.386719
0.197754 0.428223
0.270264 0.630371
0.226196 0.428223
0.263428 0.428223
0.288330 0.623291
0.311523 0.600098
0.335938 0.495605
0.329590 0.548584
0.340088 0.550537
0.250977 0.413574
0.320068 0.444824
0.287842 0.394531
0.345947 0.494629
0.328857 0.440918
0.270264 0.387207
0.037781 0.187988
0.004456 0.187500
0.009285 0.146973
0.008621 0.228027
0.042084 0.153809
0.049988 0.175781
0.049805 0.199707
0.041534 0.221680
0.053284 0.156250
0.050720 0.249512
0.018539 0.259766
0.061707 0.243652
0.052734 0.219727
0.077698 0.197754
0.054291 0.187988
0.077881 0.178711
0.077942 0.187988
0.085815 0.229004
0.059662 0.253906
0.051086 0.264648
0.070801 0.253418
0.032837 0.289063
0.100586 0.198730
0.103455 0.221680
0.100891 0.188477
0.100830 0.178223
0.103149 0.233887
0.086670 0.248047
0.061218 0.324219
0.086426 0.308594
0.120239 0.188477
0.122864 0.258789
0.106812 0.273438
0.124023 0.277832
0.086670 0.343750
0.099243 0.289551
0.097290 0.301270
0.100220 0.311035
0.106567 0.300293
0.290283 0.794800
0.248901 0.794678
0.193237 0.701416
0.193115 0.740479
0.213379 0.774414
0.068359 0.675537
0.039185 0.664551
0.073914 0.644043
0.019028 0.700195
0.119507 0.675537
0.113953 0.644043
0.042267 0.720703
0.086426 0.708496
0.101379 0.708496
0.078247 0.720703
0.109558 0.720703
0.019028 0.741211
0.148682 0.664551
0.145508 0.720703
0.101379 0.732910
0.039185 0.776733
0.068359 0.765991
0.086426 0.732910
0.119446 0.765991
0.168823 0.700195
0.168823 0.741211
0.073914 0.797363
0.113953 0.797363
0.148682 0.776733
</float_array>
          <technique_common>
            <accessor source="#transform1-lib-UV0-array" count="486" stride="2">
              <param name="S" type="float"/>
              <param name="T" type="float"/>
            </accessor>
          </technique_common>
        </source>
        <vertices id="transform1-lib-Vertex">
          <input semantic="POSITION" source="#transform1-lib-Position"/>
        </vertices>
        <polygons material="blinn1" count="812">
          <input semantic="VERTEX" offset="0" source="#transform1-lib-Vertex"/>
          <input semantic="NORMAL" offset="1" source="#transform1-lib-Normal0"/>
          <input semantic="TEXCOORD" offset="2" set="0" source="#transform1-lib-UV0"/>
          <p>190 0 0 192 1 1 193 2 2</p>
          <p>193 3 2 191 4 3 190 5 0</p>
          <p>188 6 4 190 7 0 191 8 3</p>
          <p>191 9 3 193 10 2 121 11 5</p>
          <p>191 12 3 189 13 6 188 14 4</p>
          <p>121 15 5 120 16 7 191 17 3</p>
          <p>191 18 3 120 19 7 124 20 8</p>
          <p>124 21 8 189 22 6 191 23 3</p>
          <p>184 24 9 188 25 4 189 26 6</p>
          <p>120 27 7 121 28 5 122 29 10</p>
          <p>122 30 10 123 31 11 120 32 7</p>
          <p>124 33 8 120 34 7 123 35 11</p>
          <p>189 36 6 185 37 12 184 38 9</p>
          <p>189 39 6 124 40 8 126 41 13</p>
          <p>126 42 13 185 43 12 189 44 6</p>
          <p>123 45 11 125 46 14 124 47 8</p>
          <p>126 48 13 124 49 8 125 50 14</p>
          <p>184 51 9 185 52 12 186 53 15</p>
          <p>186 54 15 185 55 12 126 56 13</p>
          <p>186 57 15 187 58 16 184 59 9</p>
          <p>123 60 11 122 61 10 233 62 17</p>
          <p>233 63 17 234 64 18 123 65 11</p>
          <p>125 66 14 123 67 11 234 68 18</p>
          <p>125 69 14 127 70 19 126 71 13</p>
          <p>126 72 13 128 73 20 186 74 15</p>
          <p>128 75 20 126 76 13 127 77 19</p>
          <p>234 78 18 235 79 21 125 80 14</p>
          <p>127 81 19 125 82 14 235 83 21</p>
          <p>128 84 20 276 85 22 186 86 15</p>
          <p>186 87 15 276 88 22 187 89 16</p>
          <p>7 90 23 234 91 18 233 92 17</p>
          <p>258 93 24 235 94 21 234 95 18</p>
          <p>234 96 18 7 97 23 258 98 24</p>
          <p>233 99 17 8 100 25 7 101 23</p>
          <p>127 102 19 129 103 26 128 104 20</p>
          <p>129 105 26 127 106 19 236 107 27</p>
          <p>235 108 21 236 109 27 127 110 19</p>
          <p>130 111 28 128 112 20 129 113 26</p>
          <p>276 114 22 128 115 20 130 116 28</p>
          <p>235 117 21 258 118 24 259 119 29</p>
          <p>259 120 29 236 121 27 235 122 21</p>
          <p>130 123 28 275 124 30 276 125 22</p>
          <p>7 126 23 8 127 25 9 128 31</p>
          <p>258 129 24 7 130 23 10 131 32</p>
          <p>9 132 31 10 133 32 7 134 23</p>
          <p>10 135 32 349 136 33 258 137 24</p>
          <p>349 138 33 361 139 34 258 140 24</p>
          <p>259 141 29 258 142 24 361 143 34</p>
          <p>129 144 26 131 145 35 130 146 28</p>
          <p>131 147 35 129 148 26 237 149 36</p>
          <p>236 150 27 237 151 36 129 152 26</p>
          <p>236 153 27 259 154 29 12 155 37</p>
          <p>12 156 37 237 157 36 236 158 27</p>
          <p>361 159 34 385 160 38 259 161 29</p>
          <p>12 162 37 259 163 29 385 164 38</p>
          <p>348 165 39 349 166 33 10 167 32</p>
          <p>348 168 39 10 169 32 9 170 31</p>
          <p>347 171 40 348 172 39 9 173 31</p>
          <p>355 174 41 349 175 33 348 176 39</p>
          <p>349 177 33 355 178 41 359 179 42</p>
          <p>359 180 42 361 181 34 349 182 33</p>
          <p>350 183 43 361 184 34 359 185 42</p>
          <p>350 186 43 385 187 38 361 188 34</p>
          <p>385 189 38 13 190 44 12 191 37</p>
          <p>13 192 44 385 193 38 350 194 43</p>
          <p>237 195 36 238 196 45 131 197 35</p>
          <p>256 198 46 238 199 45 237 200 36</p>
          <p>237 201 36 12 202 37 256 203 46</p>
          <p>11 204 47 12 205 37 13 206 44</p>
          <p>11 207 47 256 208 46 12 209 37</p>
          <p>348 210 39 356 211 48 355 212 41</p>
          <p>348 213 39 347 214 40 357 215 49</p>
          <p>356 216 48 348 217 39 357 218 49</p>
          <p>378 219 50 357 220 49 347 221 40</p>
          <p>239 222 51 256 223 46 11 224 47</p>
          <p>239 225 51 238 226 45 256 227 46</p>
          <p>359 228 42 360 229 52 350 230 43</p>
          <p>350 231 43 351 232 53 13 233 44</p>
          <p>351 234 53 350 235 43 363 236 54</p>
          <p>363 237 54 350 238 43 360 239 52</p>
          <p>13 240 44 14 241 55 11 242 47</p>
          <p>352 243 56 14 244 55 13 245 44</p>
          <p>13 246 44 351 247 53 352 248 56</p>
          <p>357 249 49 358 250 57 356 251 48</p>
          <p>358 252 57 357 253 49 378 254 50</p>
          <p>15 255 58 11 256 47 14 257 55</p>
          <p>240 258 59 11 259 47 15 260 58</p>
          <p>11 261 47 240 262 59 239 263 51</p>
          <p>378 264 50 373 265 60 358 266 57</p>
          <p>360 267 52 362 268 61 363 269 54</p>
          <p>377 270 62 363 271 54 362 272 61</p>
          <p>351 273 53 363 274 54 377 275 62</p>
          <p>336 276 63 352 277 56 351 278 53</p>
          <p>377 279 62 336 280 63 351 281 53</p>
          <p>14 282 55 352 283 56 353 284 64</p>
          <p>333 285 65 353 286 64 352 287 56</p>
          <p>333 288 65 352 289 56 336 290 63</p>
          <p>16 291 66 15 292 58 14 293 55</p>
          <p>353 294 64 17 295 67 14 296 55</p>
          <p>14 297 55 17 298 67 16 299 66</p>
          <p>241 300 68 15 301 58 16 302 66</p>
          <p>15 303 58 241 304 68 240 305 59</p>
          <p>362 306 61 376 307 69 377 308 62</p>
          <p>336 309 63 377 310 62 376 311 69</p>
          <p>372 312 70 358 313 57 373 314 60</p>
          <p>19 315 71 16 316 66 17 317 67</p>
          <p>241 318 68 16 319 66 19 320 71</p>
          <p>376 321 69 362 322 61 481 323 72</p>
          <p>334 324 73 333 325 65 336 326 63</p>
          <p>376 327 69 337 328 74 336 329 63</p>
          <p>336 330 63 337 331 74 334 332 73</p>
          <p>332 333 75 333 334 65 334 335 73</p>
          <p>353 336 64 333 337 65 332 338 75</p>
          <p>17 339 67 353 340 64 354 341 76</p>
          <p>332 342 75 354 343 76 353 344 64</p>
          <p>17 345 67 18 346 77 19 347 71</p>
          <p>354 348 76 18 349 77 17 350 67</p>
          <p>20 351 78 19 352 71 18 353 77</p>
          <p>242 354 79 19 355 71 20 356 78</p>
          <p>19 357 71 242 358 79 241 359 68</p>
          <p>334 360 73 335 361 80 332 362 75</p>
          <p>395 363 81 332 364 75 335 365 80</p>
          <p>354 366 76 332 367 75 395 368 81</p>
          <p>18 369 77 354 370 76 396 371 82</p>
          <p>395 372 81 396 373 82 354 374 76</p>
          <p>18 375 77 21 376 83 20 377 78</p>
          <p>396 378 82 21 379 83 18 380 77</p>
          <p>22 381 84 20 382 78 21 383 83</p>
          <p>242 384 79 20 385 78 22 386 84</p>
          <p>21 387 83 396 388 82 397 389 85</p>
          <p>397 390 85 396 391 82 395 392 81</p>
          <p>22 393 84 21 394 83 23 395 86</p>
          <p>397 396 85 23 397 86 21 398 83</p>
          <p>335 399 80 392 400 87 395 401 81</p>
          <p>394 402 88 395 403 81 392 404 87</p>
          <p>394 405 88 397 406 85 395 407 81</p>
          <p>394 408 88 407 409 89 397 410 85</p>
          <p>23 411 86 397 412 85 398 413 90</p>
          <p>398 414 90 397 415 85 407 416 89</p>
          <p>23 417 86 24 418 91 22 419 84</p>
          <p>398 420 90 324 421 92 23 422 86</p>
          <p>24 423 91 23 424 86 324 425 92</p>
          <p>392 426 87 393 427 93 394 428 88</p>
          <p>394 429 88 393 430 93 406 431 94</p>
          <p>406 432 94 407 433 89 394 434 88</p>
          <p>404 435 95 398 436 90 407 437 89</p>
          <p>407 438 89 406 439 94 404 440 95</p>
          <p>398 441 90 325 442 96 324 443 92</p>
          <p>398 444 90 404 445 95 403 446 97</p>
          <p>403 447 97 325 448 96 398 449 90</p>
          <p>324 450 92 260 451 98 24 452 91</p>
          <p>260 453 98 324 454 92 325 455 96</p>
          <p>405 456 99 406 457 94 393 458 93</p>
          <p>325 459 96 261 460 100 260 461 98</p>
          <p>388 462 101 325 463 96 403 464 97</p>
          <p>389 465 102 261 466 100 325 467 96</p>
          <p>325 468 96 388 469 101 389 470 102</p>
          <p>389 471 102 388 472 101 26 473 103</p>
          <p>389 474 102 26 475 103 261 476 100</p>
          <p>403 477 97 408 478 104 388 479 101</p>
          <p>399 480 105 388 481 101 408 482 104</p>
          <p>399 483 105 26 484 103 388 485 101</p>
          <p>26 486 103 25 487 106 261 488 100</p>
          <p>25 489 106 26 490 103 27 491 107</p>
          <p>27 492 107 26 493 103 399 494 105</p>
          <p>247 495 108 260 496 98 261 497 100</p>
          <p>248 498 109 261 499 100 25 500 106</p>
          <p>261 501 100 248 502 109 247 503 108</p>
          <p>260 504 98 247 505 108 246 506 110</p>
          <p>246 507 110 24 508 91 260 509 98</p>
          <p>408 510 104 409 511 111 399 512 105</p>
          <p>399 513 105 400 514 112 27 515 107</p>
          <p>400 516 112 399 517 105 411 518 113</p>
          <p>411 519 113 399 520 105 409 521 111</p>
          <p>27 522 107 28 523 114 25 524 106</p>
          <p>249 525 115 25 526 106 28 527 114</p>
          <p>25 528 106 249 529 115 248 530 109</p>
          <p>246 531 110 247 532 108 140 533 116</p>
          <p>142 534 117 140 535 116 247 536 108</p>
          <p>247 537 108 248 538 109 142 539 117</p>
          <p>248 540 109 249 541 115 144 542 118</p>
          <p>144 543 118 142 544 117 248 545 109</p>
          <p>140 546 116 138 547 119 246 548 110</p>
          <p>245 549 120 246 550 110 138 551 119</p>
          <p>24 552 91 246 553 110 245 554 120</p>
          <p>409 555 111 410 556 121 411 557 113</p>
          <p>426 558 122 400 559 112 411 560 113</p>
          <p>430 561 123 411 562 113 410 563 121</p>
          <p>411 564 113 430 565 123 426 566 122</p>
          <p>145 567 124 144 568 118 249 569 115</p>
          <p>249 570 115 250 571 125 145 572 124</p>
          <p>28 573 114 250 574 125 249 575 115</p>
          <p>138 576 119 140 577 116 139 578 126</p>
          <p>140 579 116 142 580 117 141 581 127</p>
          <p>141 582 127 139 583 126 140 584 116</p>
          <p>143 585 128 141 586 127 142 587 117</p>
          <p>142 588 117 144 589 118 143 590 128</p>
          <p>144 591 118 145 592 124 146 593 129</p>
          <p>146 594 129 143 595 128 144 596 118</p>
          <p>426 597 122 430 598 123 423 599 130</p>
          <p>410 600 121 423 601 130 430 602 123</p>
          <p>139 603 126 135 604 131 138 605 119</p>
          <p>137 606 132 138 607 119 135 608 131</p>
          <p>138 609 119 137 610 132 245 611 120</p>
          <p>174 612 133 139 613 126 141 614 127</p>
          <p>135 615 131 139 616 126 174 617 133</p>
          <p>410 618 121 422 619 134 423 620 130</p>
          <p>172 621 135 141 622 127 143 623 128</p>
          <p>141 624 127 172 625 135 174 626 133</p>
          <p>168 627 136 143 628 128 146 629 129</p>
          <p>143 630 128 168 631 136 172 632 135</p>
          <p>147 633 137 146 634 129 145 635 124</p>
          <p>274 636 138 146 637 129 147 638 137</p>
          <p>146 639 129 274 640 138 169 641 139</p>
          <p>146 642 129 169 643 139 168 644 136</p>
          <p>167 645 140 168 646 136 169 647 139</p>
          <p>172 648 135 168 649 136 167 650 140</p>
          <p>167 651 140 171 652 141 172 653 135</p>
          <p>174 654 133 172 655 135 171 656 141</p>
          <p>171 657 141 173 658 142 174 659 133</p>
          <p>174 660 133 176 661 143 135 662 131</p>
          <p>176 663 143 174 664 133 173 665 142</p>
          <p>169 666 139 170 667 144 167 668 140</p>
          <p>169 669 139 274 670 138 170 671 144</p>
          <p>147 672 137 273 673 145 274 674 138</p>
          <p>173 675 142 175 676 146 176 677 143</p>
          <p>175 678 146 199 679 147 176 680 143</p>
          <p>199 681 147 135 682 131 176 683 143</p>
          <p>199 684 147 175 685 146 196 686 148</p>
          <p>198 687 149 199 688 147 196 689 148</p>
          <p>136 690 150 135 691 131 199 692 147</p>
          <p>199 693 147 198 694 149 136 695 150</p>
          <p>135 696 131 136 697 150 137 698 132</p>
          <p>196 699 148 197 700 151 198 701 149</p>
          <p>179 702 152 136 703 150 198 704 149</p>
          <p>177 705 153 179 706 152 198 707 149</p>
          <p>198 708 149 197 709 151 177 710 153</p>
          <p>133 711 154 136 712 150 179 713 152</p>
          <p>132 714 155 137 715 132 136 716 150</p>
          <p>136 717 150 133 718 154 132 719 155</p>
          <p>177 720 153 178 721 156 179 722 152</p>
          <p>178 723 156 181 724 157 179 725 152</p>
          <p>179 726 152 181 727 157 133 728 154</p>
          <p>137 729 132 132 730 155 244 731 158</p>
          <p>244 732 158 245 733 120 137 734 132</p>
          <p>178 735 156 180 736 159 181 737 157</p>
          <p>180 738 159 182 739 160 181 740 157</p>
          <p>133 741 154 181 742 157 183 743 161</p>
          <p>182 744 160 183 745 161 181 746 157</p>
          <p>132 747 155 133 748 154 134 749 162</p>
          <p>134 750 162 133 751 154 130 752 28</p>
          <p>183 753 161 130 754 28 133 755 154</p>
          <p>132 756 155 134 757 162 158 758 163</p>
          <p>244 759 158 132 760 155 159 761 164</p>
          <p>158 762 163 159 763 164 132 764 155</p>
          <p>159 765 164 243 766 165 244 767 158</p>
          <p>68 768 166 67 769 167 108 770 168</p>
          <p>107 771 169 109 772 170 108 773 168</p>
          <p>108 774 168 106 775 171 107 776 169</p>
          <p>106 777 171 108 778 168 67 779 167</p>
          <p>104 780 172 107 781 169 106 782 171</p>
          <p>106 783 171 105 784 173 104 785 172</p>
          <p>106 786 171 67 787 167 64 788 174</p>
          <p>106 789 171 64 790 174 105 791 173</p>
          <p>65 792 175 66 793 176 67 794 167</p>
          <p>306 795 177 64 796 174 67 797 167</p>
          <p>320 798 178 306 799 177 67 800 167</p>
          <p>67 801 167 66 802 176 320 803 178</p>
          <p>65 804 175 321 805 179 66 806 176</p>
          <p>288 807 180 321 808 179 65 809 175</p>
          <p>66 810 176 321 811 179 322 812 181</p>
          <p>322 813 181 320 814 178 66 815 176</p>
          <p>63 816 182 64 817 174 306 818 177</p>
          <p>306 819 177 320 820 178 63 821 182</p>
          <p>62 822 183 64 823 174 63 824 182</p>
          <p>62 825 183 105 826 173 64 827 174</p>
          <p>323 828 184 63 829 182 320 830 178</p>
          <p>320 831 178 322 832 181 323 833 184</p>
          <p>104 834 172 105 835 173 102 836 185</p>
          <p>61 837 186 102 838 185 105 839 173</p>
          <p>105 840 173 62 841 183 61 842 186</p>
          <p>63 843 182 59 844 187 62 845 183</p>
          <p>63 846 182 323 847 184 59 848 187</p>
          <p>61 849 186 62 850 183 59 851 187</p>
          <p>303 852 188 322 853 181 321 854 179</p>
          <p>321 855 179 304 856 189 303 857 188</p>
          <p>321 858 179 288 859 180 304 860 189</p>
          <p>305 861 190 323 862 184 322 863 181</p>
          <p>322 864 181 303 865 188 305 866 190</p>
          <p>303 867 188 304 868 189 305 869 190</p>
          <p>287 870 191 323 871 184 305 872 190</p>
          <p>59 873 187 323 874 184 287 875 191</p>
          <p>294 876 192 304 877 189 288 878 180</p>
          <p>305 879 190 304 880 189 294 881 192</p>
          <p>59 882 187 60 883 193 61 884 186</p>
          <p>59 885 187 287 886 191 60 887 193</p>
          <p>61 888 186 156 889 194 102 890 185</p>
          <p>60 891 193 223 892 195 61 893 186</p>
          <p>156 894 194 61 895 186 223 896 195</p>
          <p>286 897 196 287 898 191 305 899 190</p>
          <p>305 900 190 300 901 197 286 902 196</p>
          <p>294 903 192 300 904 197 305 905 190</p>
          <p>287 906 191 210 907 198 60 908 193</p>
          <p>211 909 199 210 910 198 287 911 191</p>
          <p>287 912 191 286 913 196 211 914 199</p>
          <p>223 915 195 60 916 193 209 917 200</p>
          <p>209 918 200 60 919 193 210 920 198</p>
          <p>300 921 197 294 922 192 293 923 201</p>
          <p>208 924 202 209 925 200 210 926 198</p>
          <p>210 927 198 211 928 199 208 929 202</p>
          <p>223 930 195 209 931 200 208 932 202</p>
          <p>208 933 202 222 934 203 223 935 195</p>
          <p>156 936 194 223 937 195 222 938 203</p>
          <p>58 939 204 211 940 199 286 941 196</p>
          <p>211 942 199 58 943 204 208 944 202</p>
          <p>208 945 202 58 946 204 222 947 203</p>
          <p>317 948 205 286 949 196 300 950 197</p>
          <p>56 951 206 58 952 204 286 953 196</p>
          <p>286 954 196 317 955 205 56 956 206</p>
          <p>317 957 205 300 958 197 299 959 207</p>
          <p>299 960 207 300 961 197 301 962 208</p>
          <p>293 963 201 301 964 208 300 965 197</p>
          <p>56 966 206 317 967 205 318 968 209</p>
          <p>299 969 207 318 970 209 317 971 205</p>
          <p>318 972 209 299 973 207 301 974 208</p>
          <p>58 975 204 56 976 206 55 977 210</p>
          <p>55 978 210 155 979 211 58 980 204</p>
          <p>155 981 211 222 982 203 58 983 204</p>
          <p>55 984 210 56 985 206 57 986 212</p>
          <p>318 987 209 316 988 213 56 989 206</p>
          <p>57 990 212 56 991 206 316 992 213</p>
          <p>301 993 208 319 994 214 318 995 209</p>
          <p>316 996 213 318 997 209 319 998 214</p>
          <p>155 999 211 55 1000 210 98 1001 215</p>
          <p>98 1002 215 55 1003 210 57 1004 212</p>
          <p>316 1005 213 302 1006 216 57 1007 212</p>
          <p>302 1008 216 316 1009 213 54 1010 217</p>
          <p>319 1011 214 54 1012 217 316 1013 213</p>
          <p>285 1014 218 319 1015 214 301 1016 208</p>
          <p>54 1017 217 319 1018 214 285 1019 218</p>
          <p>302 1020 216 53 1021 219 57 1022 212</p>
          <p>54 1023 217 53 1024 219 302 1025 216</p>
          <p>98 1026 215 57 1027 212 96 1028 220</p>
          <p>96 1029 220 57 1030 212 53 1031 219</p>
          <p>53 1032 219 54 1033 217 50 1034 221</p>
          <p>50 1035 221 54 1036 217 51 1037 222</p>
          <p>54 1038 217 285 1039 218 51 1040 222</p>
          <p>50 1041 221 93 1042 223 53 1043 219</p>
          <p>93 1044 223 96 1045 220 53 1046 219</p>
          <p>50 1047 221 51 1048 222 52 1049 224</p>
          <p>93 1050 223 50 1051 221 52 1052 224</p>
          <p>96 1053 220 93 1054 223 92 1055 225</p>
          <p>98 1056 215 96 1057 220 97 1058 226</p>
          <p>92 1059 225 97 1060 226 96 1061 220</p>
          <p>92 1062 225 93 1063 223 94 1064 227</p>
          <p>52 1065 224 94 1066 227 93 1067 223</p>
          <p>52 1068 224 154 1069 228 94 1070 227</p>
          <p>51 1071 222 216 1072 229 52 1073 224</p>
          <p>154 1074 228 52 1075 224 216 1076 229</p>
          <p>285 1077 218 206 1078 230 51 1079 222</p>
          <p>205 1080 231 51 1081 222 206 1082 230</p>
          <p>216 1083 229 51 1084 222 205 1085 231</p>
          <p>94 1086 227 95 1087 232 92 1088 225</p>
          <p>266 1089 233 94 1090 227 154 1091 228</p>
          <p>95 1092 232 94 1093 227 266 1094 233</p>
          <p>204 1095 234 205 1096 231 206 1097 230</p>
          <p>216 1098 229 205 1099 231 204 1100 234</p>
          <p>204 1101 234 217 1102 235 216 1103 229</p>
          <p>154 1104 228 216 1105 229 217 1106 235</p>
          <p>267 1107 236 266 1108 233 154 1109 228</p>
          <p>154 1110 228 279 1111 237 267 1112 236</p>
          <p>217 1113 235 279 1114 237 154 1115 228</p>
          <p>269 1116 238 95 1117 232 266 1118 233</p>
          <p>266 1119 233 267 1120 236 268 1121 239</p>
          <p>268 1122 239 269 1123 238 266 1124 233</p>
          <p>206 1125 230 207 1126 240 204 1127 234</p>
          <p>207 1128 240 48 1129 241 204 1130 234</p>
          <p>204 1131 234 48 1132 241 217 1133 235</p>
          <p>279 1134 237 217 1135 235 49 1136 242</p>
          <p>49 1137 242 217 1138 235 48 1139 241</p>
          <p>207 1140 240 206 1141 230 285 1142 218</p>
          <p>91 1143 243 267 1144 236 279 1145 237</p>
          <p>91 1146 243 279 1147 237 49 1148 242</p>
          <p>267 1149 236 91 1150 243 90 1151 244</p>
          <p>90 1152 244 268 1153 239 267 1154 236</p>
          <p>48 1155 241 207 1156 240 284 1157 245</p>
          <p>285 1158 218 284 1159 245 207 1160 240</p>
          <p>90 1161 244 91 1162 243 88 1163 246</p>
          <p>88 1164 246 91 1165 243 49 1166 242</p>
          <p>47 1167 247 49 1168 242 48 1169 241</p>
          <p>49 1170 242 47 1171 247 88 1172 246</p>
          <p>48 1173 241 44 1174 248 47 1175 247</p>
          <p>44 1176 248 48 1177 241 284 1178 245</p>
          <p>46 1179 249 47 1180 247 44 1181 248</p>
          <p>88 1182 246 47 1183 247 46 1184 249</p>
          <p>284 1185 245 285 1186 218 301 1187 208</p>
          <p>88 1188 246 89 1189 250 90 1190 244</p>
          <p>284 1191 245 313 1192 251 44 1193 248</p>
          <p>313 1194 251 284 1195 245 296 1196 252</p>
          <p>301 1197 208 296 1198 252 284 1199 245</p>
          <p>44 1200 248 45 1201 253 46 1202 249</p>
          <p>44 1203 248 313 1204 251 45 1205 253</p>
          <p>87 1206 254 89 1207 250 88 1208 246</p>
          <p>88 1209 246 86 1210 255 87 1211 254</p>
          <p>86 1212 255 88 1213 246 46 1214 249</p>
          <p>296 1215 252 301 1216 208 293 1217 201</p>
          <p>45 1218 253 313 1219 251 314 1220 256</p>
          <p>295 1221 257 314 1222 256 313 1223 251</p>
          <p>313 1224 251 296 1225 252 295 1226 257</p>
          <p>295 1227 257 296 1228 252 297 1229 258</p>
          <p>293 1230 201 297 1231 258 296 1232 252</p>
          <p>46 1233 249 45 1234 253 312 1235 259</p>
          <p>314 1236 256 312 1237 259 45 1238 253</p>
          <p>314 1239 256 295 1240 257 297 1241 258</p>
          <p>297 1242 258 315 1243 260 314 1244 256</p>
          <p>312 1245 259 314 1246 256 315 1247 260</p>
          <p>82 1248 261 87 1249 254 86 1250 255</p>
          <p>297 1251 258 293 1252 201 282 1253 262</p>
          <p>283 1254 263 315 1255 260 297 1256 258</p>
          <p>282 1257 262 283 1258 263 297 1259 258</p>
          <p>315 1260 260 42 1261 264 312 1262 259</p>
          <p>39 1263 265 315 1264 260 283 1265 263</p>
          <p>42 1266 264 315 1267 260 39 1268 265</p>
          <p>298 1269 266 312 1270 259 42 1271 264</p>
          <p>312 1272 259 298 1273 266 46 1274 249</p>
          <p>298 1275 266 43 1276 267 46 1277 249</p>
          <p>42 1278 264 43 1279 267 298 1280 266</p>
          <p>42 1281 264 39 1282 265 38 1283 268</p>
          <p>38 1284 268 43 1285 267 42 1286 264</p>
          <p>38 1287 268 39 1288 265 40 1289 269</p>
          <p>39 1290 265 283 1291 263 40 1292 269</p>
          <p>283 1293 263 202 1294 270 40 1295 269</p>
          <p>203 1296 271 202 1297 270 283 1298 263</p>
          <p>283 1299 263 282 1300 262 203 1301 271</p>
          <p>37 1302 272 203 1303 271 282 1304 262</p>
          <p>202 1305 270 203 1306 271 200 1307 273</p>
          <p>203 1308 271 37 1309 272 200 1310 273</p>
          <p>200 1311 273 201 1312 274 202 1313 270</p>
          <p>201 1314 274 40 1315 269 202 1316 270</p>
          <p>86 1317 255 46 1318 249 43 1319 267</p>
          <p>86 1320 255 43 1321 267 83 1322 275</p>
          <p>38 1323 268 83 1324 275 43 1325 267</p>
          <p>40 1326 269 41 1327 276 38 1328 268</p>
          <p>83 1329 275 38 1330 268 41 1331 276</p>
          <p>218 1332 277 41 1333 276 40 1334 269</p>
          <p>40 1335 269 201 1336 274 218 1337 277</p>
          <p>218 1338 277 201 1339 274 200 1340 273</p>
          <p>200 1341 273 37 1342 272 219 1343 278</p>
          <p>200 1344 273 219 1345 278 218 1346 277</p>
          <p>37 1347 272 152 1348 279 219 1349 278</p>
          <p>153 1350 280 41 1351 276 218 1352 277</p>
          <p>153 1353 280 218 1354 277 219 1355 278</p>
          <p>41 1356 276 153 1357 280 84 1358 281</p>
          <p>41 1359 276 84 1360 281 83 1361 275</p>
          <p>82 1362 261 83 1363 275 84 1364 281</p>
          <p>86 1365 255 83 1366 275 82 1367 261</p>
          <p>278 1368 282 219 1369 278 152 1370 279</p>
          <p>219 1371 278 278 1372 282 153 1373 280</p>
          <p>81 1374 283 278 1375 282 152 1376 279</p>
          <p>81 1377 283 270 1378 284 278 1379 282</p>
          <p>153 1380 280 278 1381 282 270 1382 284</p>
          <p>226 1383 285 84 1384 281 153 1385 280</p>
          <p>270 1386 284 226 1387 285 153 1388 280</p>
          <p>84 1389 281 85 1390 286 82 1391 261</p>
          <p>84 1392 281 226 1393 285 85 1394 286</p>
          <p>270 1395 284 81 1396 283 80 1397 287</p>
          <p>226 1398 285 270 1399 284 271 1400 288</p>
          <p>271 1401 288 270 1402 284 80 1403 287</p>
          <p>226 1404 285 227 1405 289 85 1406 286</p>
          <p>271 1407 288 227 1408 289 226 1409 285</p>
          <p>97 1410 226 99 1411 290 98 1412 215</p>
          <p>100 1413 291 98 1414 215 99 1415 290</p>
          <p>99 1416 290 101 1417 292 100 1418 291</p>
          <p>98 1419 215 100 1420 291 155 1421 211</p>
          <p>101 1422 292 264 1423 293 100 1424 291</p>
          <p>100 1425 291 264 1426 293 280 1427 294</p>
          <p>100 1428 291 280 1429 294 155 1430 211</p>
          <p>101 1431 292 265 1432 295 264 1433 293</p>
          <p>280 1434 294 222 1435 203 155 1436 211</p>
          <p>156 1437 194 280 1438 294 264 1439 293</p>
          <p>222 1440 203 280 1441 294 156 1442 194</p>
          <p>264 1443 293 265 1444 295 230 1445 296</p>
          <p>230 1446 296 229 1447 297 264 1448 293</p>
          <p>264 1449 293 229 1450 297 156 1451 194</p>
          <p>229 1452 297 102 1453 185 156 1454 194</p>
          <p>229 1455 297 230 1456 296 103 1457 298</p>
          <p>102 1458 185 229 1459 297 103 1460 298</p>
          <p>102 1461 185 103 1462 298 104 1463 172</p>
          <p>433 1464 299 434 1465 300 435 1466 301</p>
          <p>450 1467 302 434 1468 300 433 1469 299</p>
          <p>436 1470 303 433 1471 299 435 1472 301</p>
          <p>435 1473 301 437 1474 304 436 1475 303</p>
          <p>433 1476 299 448 1477 305 450 1478 302</p>
          <p>448 1479 305 433 1480 299 470 1481 306</p>
          <p>433 1482 299 436 1483 303 469 1484 307</p>
          <p>469 1485 307 470 1486 306 433 1487 299</p>
          <p>470 1488 306 474 1489 308 448 1490 305</p>
          <p>474 1491 308 470 1492 306 469 1493 307</p>
          <p>471 1494 309 469 1495 307 436 1496 303</p>
          <p>469 1497 307 471 1498 309 474 1499 308</p>
          <p>448 1500 305 449 1501 310 450 1502 302</p>
          <p>436 1503 303 437 1504 304 438 1505 311</p>
          <p>436 1506 303 439 1507 312 471 1508 309</p>
          <p>439 1509 312 436 1510 303 438 1511 311</p>
          <p>472 1512 313 471 1513 309 439 1514 312</p>
          <p>474 1515 308 471 1516 309 472 1517 313</p>
          <p>447 1518 314 449 1519 310 448 1520 305</p>
          <p>448 1521 305 445 1522 315 447 1523 314</p>
          <p>445 1524 315 448 1525 305 474 1526 308</p>
          <p>474 1527 308 473 1528 316 445 1529 315</p>
          <p>472 1530 313 473 1531 316 474 1532 308</p>
          <p>439 1533 312 442 1534 317 472 1535 313</p>
          <p>160 1536 318 245 1537 120 244 1538 158</p>
          <p>160 1539 318 244 1540 158 243 1541 165</p>
          <p>245 1542 120 160 1543 318 24 1544 91</p>
          <p>182 1545 160 291 1546 319 183 1547 161</p>
          <p>130 1548 28 183 1549 161 275 1550 30</p>
          <p>291 1551 319 275 1552 30 183 1553 161</p>
          <p>24 1554 91 160 1555 318 22 1556 84</p>
          <p>243 1557 165 22 1558 84 160 1559 318</p>
          <p>242 1560 79 243 1561 165 159 1562 164</p>
          <p>22 1563 84 243 1564 165 242 1565 79</p>
          <p>241 1566 68 242 1567 79 159 1568 164</p>
          <p>159 1569 164 158 1570 163 241 1571 68</p>
          <p>134 1572 162 130 1573 28 131 1574 35</p>
          <p>158 1575 163 134 1576 162 239 1577 51</p>
          <p>239 1578 51 240 1579 59 158 1580 163</p>
          <p>241 1581 68 158 1582 163 240 1583 59</p>
          <p>134 1584 162 131 1585 35 238 1586 45</p>
          <p>238 1587 45 239 1588 51 134 1589 162</p>
          <p>330 1590 320 331 1591 321 277 1592 322</p>
          <p>116 1593 323 330 1594 320 277 1595 322</p>
          <p>117 1596 324 116 1597 323 277 1598 322</p>
          <p>277 1599 322 228 1600 325 117 1601 324</p>
          <p>116 1602 323 117 1603 324 118 1604 326</p>
          <p>118 1605 326 119 1606 327 116 1607 323</p>
          <p>118 1608 326 117 1609 324 149 1610 328</p>
          <p>117 1611 324 150 1612 329 149 1613 328</p>
          <p>150 1614 329 117 1615 324 194 1616 330</p>
          <p>194 1617 330 117 1618 324 228 1619 325</p>
          <p>228 1620 325 195 1621 331 194 1622 330</p>
          <p>119 1623 327 118 1624 326 231 1625 332</p>
          <p>118 1626 326 149 1627 328 326 1628 333</p>
          <p>326 1629 333 231 1630 332 118 1631 326</p>
          <p>231 1632 332 232 1633 334 119 1634 327</p>
          <p>162 1635 335 194 1636 330 195 1637 331</p>
          <p>162 1638 335 164 1639 336 194 1640 330</p>
          <p>194 1641 330 164 1642 336 150 1643 329</p>
          <p>6 1644 337 232 1645 334 231 1646 332</p>
          <p>231 1647 332 257 1648 338 6 1649 337</p>
          <p>257 1650 338 231 1651 332 326 1652 333</p>
          <p>149 1653 328 150 1654 329 151 1655 339</p>
          <p>326 1656 333 149 1657 328 255 1658 340</p>
          <p>252 1659 341 255 1660 340 149 1661 328</p>
          <p>149 1662 328 151 1663 339 252 1664 341</p>
          <p>255 1665 340 328 1666 342 326 1667 333</p>
          <p>257 1668 338 326 1669 333 328 1670 342</p>
          <p>328 1671 342 4 1672 343 257 1673 338</p>
          <p>4 1674 343 6 1675 337 257 1676 338</p>
          <p>254 1677 344 255 1678 340 252 1679 341</p>
          <p>254 1680 344 328 1681 342 255 1682 340</p>
          <p>4 1683 343 328 1684 342 254 1685 344</p>
          <p>162 1686 335 163 1687 345 164 1688 336</p>
          <p>5 1689 346 6 1690 337 4 1691 343</p>
          <p>4 1692 343 3 1693 347 5 1694 346</p>
          <p>4 1695 343 0 1696 348 3 1697 347</p>
          <p>254 1698 344 0 1699 348 4 1700 343</p>
          <p>252 1701 341 253 1702 349 254 1703 344</p>
          <p>253 1704 349 252 1705 341 329 1706 350</p>
          <p>327 1707 351 329 1708 350 252 1709 341</p>
          <p>252 1710 341 151 1711 339 327 1712 351</p>
          <p>254 1713 344 1 1714 352 0 1715 348</p>
          <p>254 1716 344 253 1717 349 32 1718 353</p>
          <p>32 1719 353 1 1720 352 254 1721 344</p>
          <p>0 1722 348 1 1723 352 2 1724 354</p>
          <p>2 1725 354 3 1726 347 0 1727 348</p>
          <p>253 1728 349 31 1729 355 32 1730 353</p>
          <p>31 1731 355 253 1732 349 329 1733 350</p>
          <p>346 1734 356 5 1735 346 3 1736 347</p>
          <p>345 1737 357 3 1738 347 2 1739 354</p>
          <p>3 1740 347 345 1741 357 346 1742 356</p>
          <p>1 1743 352 32 1744 353 33 1745 358</p>
          <p>33 1746 358 2 1747 354 1 1748 352</p>
          <p>32 1749 353 31 1750 355 30 1751 359</p>
          <p>30 1752 359 33 1753 358 32 1754 353</p>
          <p>2 1755 354 344 1756 360 345 1757 357</p>
          <p>344 1758 360 2 1759 354 33 1760 358</p>
          <p>329 1761 350 29 1762 361 31 1763 355</p>
          <p>161 1764 362 29 1765 361 329 1766 350</p>
          <p>329 1767 350 327 1768 351 161 1769 362</p>
          <p>31 1770 355 29 1771 361 30 1772 359</p>
          <p>341 1773 363 345 1774 357 344 1775 360</p>
          <p>346 1776 356 345 1777 357 341 1778 363</p>
          <p>402 1779 364 33 1780 358 30 1781 359</p>
          <p>33 1782 358 402 1783 364 344 1784 360</p>
          <p>344 1785 360 343 1786 365 341 1787 363</p>
          <p>343 1788 365 344 1789 360 402 1790 364</p>
          <p>341 1791 363 340 1792 366 346 1793 356</p>
          <p>27 1794 107 30 1795 359 29 1796 361</p>
          <p>30 1797 359 401 1798 367 402 1799 364</p>
          <p>401 1800 367 30 1801 359 27 1802 107</p>
          <p>29 1803 361 28 1804 114 27 1805 107</p>
          <p>161 1806 362 28 1807 114 29 1808 361</p>
          <p>390 1809 368 402 1810 364 401 1811 367</p>
          <p>402 1812 364 390 1813 368 343 1814 365</p>
          <p>341 1815 363 343 1816 365 342 1817 369</p>
          <p>342 1818 369 343 1819 365 390 1820 368</p>
          <p>340 1821 366 341 1822 363 338 1823 370</p>
          <p>342 1824 369 338 1825 370 341 1826 363</p>
          <p>338 1827 370 339 1828 371 340 1829 366</p>
          <p>27 1830 107 400 1831 112 401 1832 367</p>
          <p>426 1833 122 401 1834 367 400 1835 112</p>
          <p>390 1836 368 401 1837 367 426 1838 122</p>
          <p>250 1839 125 28 1840 114 161 1841 362</p>
          <p>390 1842 368 391 1843 372 342 1844 369</p>
          <p>390 1845 368 426 1846 122 431 1847 373</p>
          <p>431 1848 373 391 1849 372 390 1850 368</p>
          <p>423 1851 130 431 1852 373 426 1853 122</p>
          <p>250 1854 125 251 1855 374 148 1856 375</p>
          <p>161 1857 362 251 1858 374 250 1859 125</p>
          <p>148 1860 375 145 1861 124 250 1862 125</p>
          <p>151 1863 339 148 1864 375 251 1865 374</p>
          <p>251 1866 374 327 1867 351 151 1868 339</p>
          <p>327 1869 351 251 1870 374 161 1871 362</p>
          <p>145 1872 124 148 1873 375 147 1874 137</p>
          <p>272 1875 376 148 1876 375 151 1877 339</p>
          <p>147 1878 137 148 1879 375 272 1880 376</p>
          <p>151 1881 339 150 1882 329 272 1883 376</p>
          <p>166 1884 377 272 1885 376 150 1886 329</p>
          <p>272 1887 376 166 1888 377 147 1889 137</p>
          <p>166 1890 377 273 1891 145 147 1892 137</p>
          <p>150 1893 329 164 1894 336 166 1895 377</p>
          <p>165 1896 378 166 1897 377 164 1898 336</p>
          <p>165 1899 378 290 1900 379 166 1901 377</p>
          <p>290 1902 379 273 1903 145 166 1904 377</p>
          <p>163 1905 345 165 1906 378 164 1907 336</p>
          <p>418 1908 380 420 1909 381 421 1910 382</p>
          <p>421 1911 382 419 1912 383 418 1913 380</p>
          <p>416 1914 384 418 1915 380 419 1916 383</p>
          <p>429 1917 385 419 1918 383 421 1919 382</p>
          <p>421 1920 382 428 1921 386 429 1922 385</p>
          <p>424 1923 387 429 1924 385 428 1925 386</p>
          <p>424 1926 387 419 1927 383 429 1928 385</p>
          <p>419 1929 383 417 1930 388 416 1931 384</p>
          <p>424 1932 387 367 1933 389 419 1934 383</p>
          <p>417 1935 388 419 1936 383 367 1937 389</p>
          <p>415 1938 390 416 1939 384 417 1940 388</p>
          <p>428 1941 386 425 1942 391 424 1943 387</p>
          <p>386 1944 392 424 1945 387 425 1946 391</p>
          <p>386 1947 392 367 1948 389 424 1949 387</p>
          <p>417 1950 388 383 1951 393 415 1952 390</p>
          <p>367 1953 389 366 1954 394 417 1955 388</p>
          <p>383 1956 393 417 1957 388 366 1958 394</p>
          <p>413 1959 395 415 1960 390 383 1961 393</p>
          <p>425 1962 391 387 1963 396 386 1964 392</p>
          <p>386 1965 392 387 1966 396 379 1967 397</p>
          <p>379 1968 397 367 1969 389 386 1970 392</p>
          <p>383 1971 393 382 1972 398 413 1973 395</p>
          <p>382 1974 398 383 1975 393 369 1976 399</p>
          <p>366 1977 394 369 1978 399 383 1979 393</p>
          <p>366 1980 394 367 1981 389 364 1982 400</p>
          <p>375 1983 401 367 1984 389 379 1985 397</p>
          <p>367 1986 389 375 1987 401 374 1988 402</p>
          <p>374 1989 402 364 1990 400 367 1991 389</p>
          <p>364 1992 400 365 1993 403 366 1994 394</p>
          <p>369 1995 399 366 1996 394 365 1997 403</p>
          <p>412 1998 404 413 1999 395 382 2000 398</p>
          <p>365 2001 403 368 2002 405 369 2003 399</p>
          <p>369 2004 399 371 2005 406 382 2006 398</p>
          <p>371 2007 406 369 2008 399 368 2009 405</p>
          <p>382 2010 398 414 2011 407 412 2012 404</p>
          <p>414 2013 407 382 2014 398 427 2015 408</p>
          <p>382 2016 398 371 2017 406 380 2018 409</p>
          <p>382 2019 398 432 2020 410 427 2021 408</p>
          <p>432 2022 410 382 2023 398 380 2024 409</p>
          <p>485 2025 411 432 2026 410 380 2027 409</p>
          <p>432 2028 410 485 2029 411 427 2030 408</p>
          <p>368 2031 405 370 2032 412 371 2033 406</p>
          <p>380 2034 409 371 2035 406 381 2036 413</p>
          <p>384 2037 414 371 2038 406 370 2039 412</p>
          <p>384 2040 414 381 2041 413 371 2042 406</p>
          <p>484 2043 415 380 2044 409 381 2045 413</p>
          <p>380 2046 409 484 2047 415 485 2048 411</p>
          <p>384 2049 414 483 2050 416 381 2051 413</p>
          <p>381 2052 413 483 2053 416 484 2054 415</p>
          <p>370 2055 412 482 2056 417 384 2057 414</p>
          <p>76 2058 418 77 2059 419 78 2060 420</p>
          <p>114 2061 421 77 2062 419 76 2063 418</p>
          <p>78 2064 420 79 2065 422 76 2066 418</p>
          <p>76 2067 418 79 2068 422 36 2069 423</p>
          <p>74 2070 424 76 2071 418 36 2072 423</p>
          <p>76 2073 418 74 2074 424 115 2075 425</p>
          <p>76 2076 418 115 2077 425 114 2078 421</p>
          <p>81 2079 283 79 2080 422 78 2081 420</p>
          <p>34 2082 426 79 2083 422 81 2084 283</p>
          <p>79 2085 422 34 2086 426 36 2087 423</p>
          <p>78 2088 420 80 2089 287 81 2090 283</p>
          <p>114 2091 421 115 2092 425 112 2093 427</p>
          <p>112 2094 427 113 2095 428 114 2096 421</p>
          <p>73 2097 429 112 2098 427 115 2099 425</p>
          <p>115 2100 425 71 2101 430 73 2102 429</p>
          <p>71 2103 430 115 2104 425 74 2105 424</p>
          <p>71 2106 430 74 2107 424 75 2108 431</p>
          <p>308 2109 432 74 2110 424 36 2111 423</p>
          <p>75 2112 431 74 2113 424 308 2114 432</p>
          <p>34 2115 426 35 2116 433 36 2117 423</p>
          <p>307 2118 434 308 2119 432 36 2120 423</p>
          <p>36 2121 423 35 2122 433 307 2123 434</p>
          <p>308 2124 432 307 2125 434 75 2126 431</p>
          <p>34 2127 426 37 2128 272 35 2129 433</p>
          <p>34 2130 426 152 2131 279 37 2132 272</p>
          <p>81 2133 283 152 2134 279 34 2135 426</p>
          <p>71 2136 430 72 2137 435 73 2138 429</p>
          <p>71 2139 430 75 2140 431 72 2141 435</p>
          <p>73 2142 429 157 2143 436 112 2144 427</p>
          <p>112 2145 427 224 2146 437 113 2147 428</p>
          <p>224 2148 437 112 2149 427 157 2150 436</p>
          <p>157 2151 436 73 2152 429 221 2153 438</p>
          <p>221 2154 438 73 2155 429 72 2156 435</p>
          <p>224 2157 437 225 2158 439 113 2159 428</p>
          <p>311 2160 440 75 2161 431 307 2162 434</p>
          <p>75 2163 431 311 2164 440 289 2165 441</p>
          <p>75 2166 431 289 2167 441 72 2168 435</p>
          <p>310 2169 442 307 2170 434 35 2171 433</p>
          <p>307 2172 434 310 2173 442 311 2174 440</p>
          <p>35 2175 433 309 2176 443 310 2177 442</p>
          <p>35 2178 433 37 2179 272 282 2180 262</p>
          <p>282 2181 262 309 2182 443 35 2183 433</p>
          <p>289 2184 441 214 2185 444 72 2186 435</p>
          <p>213 2187 445 72 2188 435 214 2189 444</p>
          <p>221 2190 438 72 2191 435 213 2192 445</p>
          <p>294 2193 192 311 2194 440 310 2195 442</p>
          <p>289 2196 441 311 2197 440 294 2198 192</p>
          <p>263 2199 446 225 2200 439 224 2201 437</p>
          <p>224 2202 437 262 2203 447 263 2204 446</p>
          <p>262 2205 447 224 2206 437 157 2207 436</p>
          <p>292 2208 448 310 2209 442 309 2210 443</p>
          <p>310 2211 442 292 2212 448 294 2213 192</p>
          <p>309 2214 443 293 2215 201 292 2216 448</p>
          <p>309 2217 443 282 2218 262 293 2219 201</p>
          <p>215 2220 449 214 2221 444 289 2222 441</p>
          <p>289 2223 441 288 2224 180 215 2225 449</p>
          <p>288 2226 180 289 2227 441 294 2228 192</p>
          <p>212 2229 450 213 2230 445 214 2231 444</p>
          <p>214 2232 444 215 2233 449 212 2234 450</p>
          <p>292 2235 448 293 2236 201 294 2237 192</p>
          <p>221 2238 438 213 2239 445 212 2240 450</p>
          <p>70 2241 451 215 2242 449 288 2243 180</p>
          <p>215 2244 449 70 2245 451 212 2246 450</p>
          <p>263 2247 446 262 2248 447 110 2249 452</p>
          <p>212 2250 450 220 2251 453 221 2252 438</p>
          <p>212 2253 450 70 2254 451 220 2255 453</p>
          <p>157 2256 436 221 2257 438 220 2258 453</p>
          <p>157 2259 436 281 2260 454 262 2261 447</p>
          <p>111 2262 455 262 2263 447 281 2264 454</p>
          <p>262 2265 447 111 2266 455 110 2267 452</p>
          <p>220 2268 453 281 2269 454 157 2270 436</p>
          <p>281 2271 454 220 2272 453 69 2273 456</p>
          <p>70 2274 451 69 2275 456 220 2276 453</p>
          <p>111 2277 455 281 2278 454 69 2279 456</p>
          <p>68 2280 166 69 2281 456 70 2282 451</p>
          <p>65 2283 175 70 2284 451 288 2285 180</p>
          <p>70 2286 451 65 2287 175 68 2288 166</p>
          <p>111 2289 455 69 2290 456 68 2291 166</p>
          <p>109 2292 170 110 2293 452 111 2294 455</p>
          <p>111 2295 455 108 2296 168 109 2297 170</p>
          <p>68 2298 166 108 2299 168 111 2300 455</p>
          <p>67 2301 167 68 2302 166 65 2303 175</p>
          <p>473 2304 316 472 2305 313 442 2306 317</p>
          <p>442 2307 317 445 2308 315 473 2309 316</p>
          <p>438 2310 311 440 2311 457 439 2312 312</p>
          <p>439 2313 312 440 2314 457 441 2315 458</p>
          <p>442 2316 317 439 2317 312 441 2318 458</p>
          <p>445 2319 315 446 2320 459 447 2321 314</p>
          <p>445 2322 315 442 2323 317 444 2324 460</p>
          <p>444 2325 460 446 2326 459 445 2327 315</p>
          <p>441 2328 458 443 2329 461 442 2330 317</p>
          <p>442 2331 317 443 2332 461 444 2333 460</p>
          <p>451 2334 462 452 2335 463 453 2336 464</p>
          <p>468 2337 465 452 2338 463 451 2339 462</p>
          <p>454 2340 466 451 2341 462 453 2342 464</p>
          <p>453 2343 464 455 2344 467 454 2345 466</p>
          <p>451 2346 462 466 2347 468 468 2348 465</p>
          <p>466 2349 468 451 2350 462 476 2351 469</p>
          <p>451 2352 462 454 2353 466 475 2354 470</p>
          <p>475 2355 470 476 2356 469 451 2357 462</p>
          <p>476 2358 469 480 2359 471 466 2360 468</p>
          <p>480 2361 471 476 2362 469 475 2363 470</p>
          <p>477 2364 472 475 2365 470 454 2366 466</p>
          <p>475 2367 470 477 2368 472 480 2369 471</p>
          <p>466 2370 468 467 2371 473 468 2372 465</p>
          <p>454 2373 466 455 2374 467 456 2375 474</p>
          <p>454 2376 466 457 2377 475 477 2378 472</p>
          <p>457 2379 475 454 2380 466 456 2381 474</p>
          <p>478 2382 476 477 2383 472 457 2384 475</p>
          <p>480 2385 471 477 2386 472 478 2387 476</p>
          <p>465 2388 477 467 2389 473 466 2390 468</p>
          <p>466 2391 468 463 2392 478 465 2393 477</p>
          <p>463 2394 478 466 2395 468 480 2396 471</p>
          <p>480 2397 471 479 2398 479 463 2399 478</p>
          <p>478 2400 476 479 2401 479 480 2402 471</p>
          <p>457 2403 475 460 2404 480 478 2405 476</p>
          <p>479 2406 479 478 2407 476 460 2408 480</p>
          <p>460 2409 480 463 2410 478 479 2411 479</p>
          <p>456 2412 474 458 2413 481 457 2414 475</p>
          <p>457 2415 475 458 2416 481 459 2417 482</p>
          <p>460 2418 480 457 2419 475 459 2420 482</p>
          <p>463 2421 478 464 2422 483 465 2423 477</p>
          <p>463 2424 478 460 2425 480 462 2426 484</p>
          <p>462 2427 484 464 2428 483 463 2429 478</p>
          <p>459 2430 482 461 2431 485 460 2432 480</p>
          <p>460 2433 480 461 2434 485 462 2435 484</p>
        </polygons>
      </mesh>
    </geometry>
  </library_geometries>
  <library_visual_scenes>
    <visual_scene id="RootNode" name="RootNode">
      <node id="transform1" name="transform1">
        <matrix sid="matrix">1.000000 0.000000 0.000000 0.000000 0.000000 1.000000 0.000000 0.000000 0.000000 0.000000 1.000000 0.000000 0.000000 0.000000 0.000000 1.000000</matrix>
        <instance_geometry url="#transform1-lib">
          <bind_material>
            <technique_common>
              <instance_material symbol="blinn1" target="#blinn1"/>
            </technique_common>
          </bind_material>
        </instance_geometry>
      </node>
    </visual_scene>
  </library_visual_scenes>
  <scene>
    <instance_visual_scene url="#RootNode"/>
  </scene>
</COLLADA>

