# Blender 3.5.0
# www.blender.org
mtllib triforce_courage.mtl
o tforce1
v 7.779166 -8.452991 -7.730361
v 8.131194 -5.497356 -7.730361
v 3.554877 -9.397169 -7.730361
v 6.966432 -2.541728 -7.730362
v -0.669410 -7.569036 -7.730361
v 8.181980 0.097008 -7.730362
v 7.457182 4.372014 -7.730362
v 7.779166 -8.452983 7.730362
v 4.645079 -8.704304 7.730362
v 7.779166 -4.177987 7.730361
v 1.510993 -9.494478 7.730366
v 0.042498 -8.586762 7.730362
v 7.779166 8.647010 -7.730362
v 5.561998 9.523213 -7.730366
v 0.754706 8.647010 -7.730362
v 0.754706 8.647013 2.652255
v -9.117988 -8.452988 2.652263
v 0.754706 8.647010 -7.730362
v -9.117988 -8.452990 -7.730361
v 7.779166 2.994987 7.730362
v 7.779166 8.647017 7.730361
v 5.115510 9.086220 7.730361
v 8.751730 0.097017 7.730361
v -9.117988 -8.452988 2.652263
v 0.754706 8.647013 2.652255
v -4.757183 -8.452983 7.730362
v 5.115510 9.086220 7.730361
v -4.893699 -7.569036 -7.730361
v -9.117988 -8.452990 -7.730361
v 7.779166 8.647010 -7.730362
v 7.779166 8.647012 -0.000003
v 4.980490 8.692200 -0.000003
v 7.779166 8.647017 7.730361
v 7.779166 8.647010 -7.730362
v 9.117988 4.372014 0.000001
v 7.779166 8.647012 -0.000003
v 7.779166 8.647017 7.730361
v -9.117988 -8.452990 -7.730361
v -6.470129 -7.600484 -2.539051
v -4.893699 -7.569036 -7.730361
v -0.669410 -7.569036 -7.730361
v 0.420791 -8.586766 2.168487
v 3.554877 -9.397169 -7.730361
v -1.146252 -9.125730 2.168486
v 0.420791 -8.586766 2.168487
v -0.669410 -7.569036 -7.730361
v -6.470129 -7.600484 -2.539051
v -3.961310 -9.125730 0.000004
v -4.893699 -7.569036 -7.730361
v 6.966432 -2.541728 -7.730362
v 8.643630 -5.639943 1.243739
v 7.779166 -2.826899 1.142436
v 8.181980 0.097008 -7.730362
v 7.779166 -2.826899 1.142436
v 8.881702 0.097012 -0.000000
v 7.457182 4.372014 -7.730362
v 8.881702 0.097012 -0.000000
v 9.117988 4.372014 0.000001
v 0.042498 -8.586762 7.730362
v 1.510993 -9.494478 7.730366
v -1.146252 -9.125730 2.168486
v -4.757183 -8.452983 7.730362
v -1.146252 -9.125730 2.168486
v -3.961310 -9.125730 0.000004
v -4.893699 -7.569036 -7.730361
v -3.961310 -9.125730 0.000004
v -0.669410 -7.569036 -7.730361
v 7.779166 8.647017 7.730361
v 9.117988 4.372014 0.000001
v 7.779166 2.994987 7.730362
v 7.779166 2.994987 7.730362
v 9.117988 4.372014 0.000001
v 8.751730 0.097017 7.730361
v 8.751730 0.097017 7.730361
v 7.779166 -2.826899 1.142436
v 7.779166 -4.177987 7.730361
v 0.754706 8.647013 2.652255
v 2.935107 7.756853 1.095406
v 5.115510 9.086220 7.730361
v 5.115510 9.086220 7.730361
v 4.980490 8.692200 -0.000003
v 7.779166 8.647017 7.730361
v 4.807174 -9.523217 2.168487
v 7.779166 -8.452987 2.168487
v 3.554877 -9.397169 -7.730361
v 7.779166 -4.177987 7.730361
v 8.643630 -5.639943 1.243739
v 7.779166 -8.452983 7.730362
v -4.757183 -8.452983 7.730362
v 7.779166 -8.452987 2.168487
v 7.779166 -8.452991 -7.730361
v 3.554877 -9.397169 -7.730361
v 7.779166 -8.452987 2.168487
v 8.643630 -5.639943 1.243739
v 8.131194 -5.497356 -7.730361
v 8.643630 -5.639943 1.243739
v 7.779166 -8.452987 2.168487
v 7.779166 -8.452983 7.730362
v 7.779166 -8.452983 7.730362
v 7.779166 -8.452987 2.168487
v 4.645079 -8.704304 7.730362
v -3.961310 -9.125730 0.000004
v -1.146252 -9.125730 2.168486
v -0.669410 -7.569036 -7.730361
v -6.470129 -7.600484 -2.539051
v -9.117988 -8.452988 2.652263
v -4.757183 -8.452983 7.730362
v 0.042498 -8.586762 7.730362
v -1.146252 -9.125730 2.168486
v -4.757183 -8.452983 7.730362
v 1.510993 -9.494478 7.730366
v 0.420791 -8.586766 2.168487
v -1.146252 -9.125730 2.168486
v 7.779166 8.647010 -7.730362
v 4.980490 8.692200 -0.000003
v 5.561998 9.523213 -7.730366
v 2.935107 7.756853 1.095406
v 4.980490 8.692200 -0.000003
v 5.115510 9.086220 7.730361
v 5.561998 9.523213 -7.730366
v 4.980490 8.692200 -0.000003
v 0.754706 8.647010 -7.730362
v 0.754706 8.647010 -7.730362
v 2.935107 7.756853 1.095406
v 0.754706 8.647013 2.652255
v 0.754706 8.647010 -7.730362
v 4.980490 8.692200 -0.000003
v 2.935107 7.756853 1.095406
v 7.779166 -8.452991 -7.730361
v 7.779166 -8.452987 2.168487
v 8.131194 -5.497356 -7.730361
v 9.117988 4.372014 0.000001
v 8.881702 0.097012 -0.000000
v 8.751730 0.097017 7.730361
v 8.181980 0.097008 -7.730362
v 8.881702 0.097012 -0.000000
v 7.457182 4.372014 -7.730362
v 7.457182 4.372014 -7.730362
v 9.117988 4.372014 0.000001
v 7.779166 8.647010 -7.730362
v 8.131194 -5.497356 -7.730361
v 8.643630 -5.639943 1.243739
v 6.966432 -2.541728 -7.730362
v 7.779166 -2.826899 1.142436
v 8.643630 -5.639943 1.243739
v 7.779166 -4.177987 7.730361
v 6.966432 -2.541728 -7.730362
v 7.779166 -2.826899 1.142436
v 8.181980 0.097008 -7.730362
v 8.881702 0.097012 -0.000000
v 7.779166 -2.826899 1.142436
v 8.751730 0.097017 7.730361
v 0.420791 -8.586766 2.168487
v 4.807174 -9.523217 2.168487
v 3.554877 -9.397169 -7.730361
v 4.645079 -8.704304 7.730362
v 7.779166 -8.452987 2.168487
v 4.807174 -9.523217 2.168487
v -9.117988 -8.452988 2.652263
v -6.470129 -7.600484 -2.539051
v -9.117988 -8.452990 -7.730361
v 1.510993 -9.494478 7.730366
v 4.807174 -9.523217 2.168487
v 0.420791 -8.586766 2.168487
v 1.510993 -9.494478 7.730366
v 4.645079 -8.704304 7.730362
v 4.807174 -9.523217 2.168487
v -3.961310 -9.125730 0.000004
v -6.470129 -7.600484 -2.539051
v -4.757183 -8.452983 7.730362
vn -0.0000 -0.0000 -1.0000
vn -0.0000 -0.0000 1.0000
vn -0.8660 0.5000 -0.0000
vn -0.7035 0.4010 0.5868
vn -0.6949 0.4012 0.5968
vn -0.7119 0.4007 0.5767
vn -0.0057 0.9999 0.0134
vn 0.1989 0.9800 -0.0000
vn 0.0161 0.9999 -0.0000
vn 0.8834 0.4685 -0.0000
vn 0.9702 0.2422 -0.0007
vn 0.9543 0.2989 -0.0000
vn 0.2045 -0.9773 0.0562
vn 0.1238 -0.9919 0.0294
vn -0.3967 -0.9166 -0.0505
vn -0.2928 -0.9538 -0.0679
vn 0.3224 -0.9374 -0.1319
vn 0.2178 -0.9679 -0.1256
vn 0.2362 -0.9666 -0.0997
vn -0.4145 -0.9005 -0.1313
vn -0.3483 -0.9302 -0.1163
vn -0.3152 -0.9434 -0.1036
vn 0.9839 0.1654 -0.0679
vn 0.9734 0.2227 -0.0545
vn 0.9538 0.2903 -0.0780
vn 0.9476 -0.3093 -0.0804
vn 0.9484 -0.3091 -0.0707
vn 0.9212 -0.3800 -0.0834
vn 0.9889 -0.0058 -0.1486
vn 0.9825 -0.0792 -0.1688
vn 0.9763 -0.0540 -0.2097
vn -0.3678 -0.9204 0.1327
vn -0.5161 -0.8349 0.1912
vn -0.0996 -0.9945 0.0326
vn -0.0354 -0.9981 0.0499
vn -0.0618 -0.9949 0.0802
vn -0.0000 -0.9803 -0.1974
vn -0.0561 -0.9851 -0.1627
vn 0.9853 -0.0000 0.1706
vn 0.9923 0.0321 0.1193
vn 0.9257 0.3107 0.2157
vn 0.9558 0.2519 0.1517
vn 0.9741 -0.2216 -0.0454
vn 0.9796 -0.1963 -0.0438
vn 0.2030 0.9451 -0.2561
vn 0.1290 0.9730 -0.1912
vn 0.1625 0.9853 -0.0531
vn 0.0973 0.9950 -0.0238
vn 0.3383 -0.9394 -0.0548
vn 0.4367 -0.8988 -0.0372
vn 0.2698 -0.9625 -0.0300
vn 0.9912 -0.0000 0.1321
vn 0.9955 0.0181 0.0931
vn 0.2181 -0.9759 -0.0000
vn 0.3552 -0.9348 0.0016
vn 0.9486 -0.3109 -0.0591
vn 0.9784 -0.2026 -0.0416
vn 0.8863 -0.4613 -0.0410
vn 0.9559 -0.2937 -0.0000
vn 0.8932 -0.4496 0.0016
vn 0.9818 -0.1900 0.0004
vn 0.0799 -0.9968 -0.0000
vn 0.2604 -0.9655 0.0017
vn 0.1147 -0.9822 -0.1489
vn 0.0884 -0.9899 -0.1109
vn 0.0246 -0.9913 -0.1291
vn 0.1185 -0.9877 -0.1018
vn 0.0627 -0.9947 -0.0817
vn -0.0277 -0.9944 0.1023
vn -0.0115 -0.9978 0.0653
vn 0.2335 -0.9595 -0.1576
vn 0.2147 -0.9593 -0.1834
vn 0.3178 -0.9239 -0.2131
vn 0.3646 0.9225 0.1266
vn 0.2430 0.9644 0.1041
vn -0.4325 0.9008 -0.0384
vn -0.3252 0.9456 -0.0136
vn -0.3228 0.9457 -0.0371
vn -0.1786 0.9796 0.0919
vn -0.1422 0.9868 0.0779
vn 0.3780 0.9258 -0.0000
vn 0.2550 0.9669 -0.0098
vn -0.2493 0.9616 0.1145
vn -0.2508 0.9582 0.1375
vn -0.3303 0.9275 0.1752
vn 0.9930 -0.1183 -0.0000
vn 0.9437 -0.3308 0.0017
vn 0.9983 -0.0552 0.0168
vn 0.9968 -0.0799 -0.0098
vn 0.9999 -0.0066 0.0111
vn 0.9820 0.1665 -0.0889
vn 0.9935 0.0760 -0.0845
vn 0.9751 -0.0734 -0.2095
vn 0.9887 -0.0195 -0.1485
vn 0.9293 0.3662 -0.0472
vn 0.9602 0.2774 -0.0329
vn 0.9535 0.2952 0.0605
vn 0.9731 0.2262 0.0430
vn 0.9851 0.1691 0.0311
vn 0.9041 -0.4165 -0.0962
vn 0.9386 -0.3357 -0.0800
vn 0.9376 -0.3474 0.0158
vn 0.9583 -0.2857 -0.0009
vn 0.9582 -0.2860 -0.0105
vn -0.2088 -0.9779 0.0140
vn -0.1161 -0.9931 0.0184
vn -0.1577 -0.9872 -0.0218
vn 0.2678 -0.9569 0.1121
vn 0.4352 -0.8941 0.1060
vn 0.3351 -0.9307 0.1468
vn 0.3065 -0.9519 -0.0000
vn 0.1971 -0.9803 -0.0103
vn -0.1565 -0.9810 -0.1143
vn -0.1154 -0.9905 -0.0749
vn -0.2073 -0.9711 -0.1179
vn 0.2011 -0.9731 0.1127
vn 0.2418 -0.9589 0.1482
vn -0.5332 -0.8458 0.0187
vn -0.4040 -0.9147 0.0030
vn -0.4359 -0.8999 -0.0107
vt 0.136719 0.054688
vt 0.136719 0.066406
vt 0.109375 0.046875
vt 0.132812 0.082031
vt 0.085938 0.058594
vt 0.140625 0.109375
vt 0.136719 0.136719
vt 0.136719 0.054688
vt 0.117188 0.046875
vt 0.136719 0.082031
vt 0.097656 0.046875
vt 0.089844 0.054688
vt 0.136719 0.164062
vt 0.117188 0.164062
vt 0.093750 0.164062
vt 0.093750 0.164062
vt 0.031250 0.054688
vt 0.093750 0.164062
vt 0.031250 0.054688
vt 0.136719 0.128906
vt 0.136719 0.164062
vt 0.121094 0.164062
vt 0.144531 0.109375
vt 0.031250 0.054688
vt 0.093750 0.164062
vt 0.058594 0.054688
vt 0.121094 0.164062
vt 0.058594 0.058594
vt 0.031250 0.054688
vt 1.000000 0.519531
vt 1.000000 0.750000
vt 1.082031 0.750000
vt 1.000000 0.984375
vt 0.898438 0.519531
vt 0.750000 0.742188
vt 0.898438 0.734375
vt 0.898438 0.992188
vt -0.089844 0.515625
vt -0.027344 0.667969
vt 0.011719 0.515625
vt 0.113281 0.515625
vt 0.121094 0.812500
vt 0.210938 0.515625
vt 0.082031 0.812500
vt 0.121094 0.812500
vt 0.113281 0.515625
vt -0.027344 0.667969
vt 0.019531 0.746094
vt 0.011719 0.515625
vt 0.503906 0.519531
vt 0.394531 0.789062
vt 0.496094 0.781250
vt 0.597656 0.519531
vt 0.496094 0.781250
vt 0.597656 0.746094
vt 0.746094 0.519531
vt 0.597656 0.746094
vt 0.750000 0.742188
vt 0.101562 0.988281
vt 0.136719 0.988281
vt 0.082031 0.812500
vt -0.007812 0.988281
vt 0.082031 0.812500
vt 0.019531 0.746094
vt 0.011719 0.515625
vt 0.019531 0.746094
vt 0.113281 0.515625
vt 0.898438 0.992188
vt 0.750000 0.742188
vt 0.699219 0.992188
vt 0.699219 0.992188
vt 0.750000 0.742188
vt 0.597656 0.992188
vt 0.597656 0.992188
vt 0.496094 0.781250
vt 0.445312 0.992188
vt 1.207031 0.832031
vt 1.140625 0.785156
vt 1.078125 0.984375
vt 1.078125 0.984375
vt 1.082031 0.750000
vt 1.000000 0.984375
vt 0.222656 0.812500
vt 0.296875 0.812500
vt 0.210938 0.515625
vt 0.445312 0.992188
vt 0.394531 0.789062
vt 0.296875 0.992188
vt 0.058594 0.054688
vt 0.296875 0.812500
vt 0.296875 0.515625
vt 0.210938 0.515625
vt 0.300781 0.820312
vt 0.394531 0.789062
vt 0.402344 0.519531
vt 0.394531 0.789062
vt 0.300781 0.820312
vt 0.296875 0.992188
vt 0.296875 0.988281
vt 0.296875 0.812500
vt 0.207031 0.988281
vt 0.019531 0.746094
vt 0.082031 0.812500
vt 0.113281 0.515625
vt -0.027344 0.667969
vt -0.089844 0.828125
vt -0.007812 0.988281
vt 0.101562 0.988281
vt 0.082031 0.812500
vt -0.007812 0.988281
vt 0.136719 0.988281
vt 0.121094 0.812500
vt 0.082031 0.812500
vt 1.000000 0.519531
vt 1.082031 0.750000
vt 1.062500 0.519531
vt 1.140625 0.785156
vt 1.082031 0.750000
vt 1.078125 0.984375
vt 1.062500 0.519531
vt 1.082031 0.750000
vt 1.207031 0.519531
vt 1.207031 0.519531
vt 1.140625 0.785156
vt 1.207031 0.832031
vt 1.207031 0.519531
vt 1.082031 0.750000
vt 1.140625 0.785156
vt 0.300781 0.519531
vt 0.300781 0.820312
vt 0.402344 0.519531
vt 0.750000 0.742188
vt 0.597656 0.746094
vt 0.597656 0.992188
vt 0.597656 0.519531
vt 0.597656 0.746094
vt 0.746094 0.519531
vt 0.746094 0.519531
vt 0.750000 0.742188
vt 0.898438 0.519531
vt 0.402344 0.519531
vt 0.394531 0.789062
vt 0.503906 0.519531
vt 0.496094 0.781250
vt 0.394531 0.789062
vt 0.445312 0.992188
vt 0.503906 0.519531
vt 0.496094 0.781250
vt 0.597656 0.519531
vt 0.597656 0.746094
vt 0.496094 0.781250
vt 0.597656 0.992188
vt 0.121094 0.812500
vt 0.222656 0.812500
vt 0.210938 0.515625
vt 0.207031 0.988281
vt 0.296875 0.812500
vt 0.222656 0.812500
vt -0.089844 0.828125
vt -0.027344 0.667969
vt -0.089844 0.515625
vt 0.136719 0.988281
vt 0.222656 0.812500
vt 0.121094 0.812500
vt 0.136719 0.988281
vt 0.207031 0.988281
vt 0.222656 0.812500
vt 0.019531 0.746094
vt -0.027344 0.667969
vt -0.007812 0.988281
s 0
usemtl Z_tri_in
f 3/3/1 2/2/1 1/1/1
f 3/3/1 4/4/1 2/2/1
f 5/5/1 4/4/1 3/3/1
f 5/5/1 6/6/1 4/4/1
f 7/7/1 6/6/1 5/5/1
f 10/10/2 9/9/2 8/8/2
f 10/10/2 11/11/2 9/9/2
f 12/12/2 11/11/2 10/10/2
f 5/5/1 13/13/1 7/7/1
f 5/5/1 14/14/1 13/13/1
f 15/15/1 14/14/1 5/5/1
f 18/18/3 17/17/3 16/16/3
f 18/18/3 19/19/3 17/17/3
f 21/21/2 12/12/2 20/20/2
f 21/21/2 22/22/2 12/12/2
f 23/23/2 12/12/2 10/10/2
f 23/23/2 20/20/2 12/12/2
s 1
f 26/26/4 25/25/4 24/24/5
f 26/26/4 27/27/6 25/25/4
s 0
f 28/28/1 15/15/1 5/5/1
f 28/28/1 29/29/1 15/15/1
s 1
f 32/32/7 31/31/8 30/30/9
f 32/32/7 33/33/9 31/31/8
f 36/36/10 35/35/11 34/34/12
f 36/36/10 37/37/12 35/35/11
f 40/40/13 39/39/14 38/38/13
f 43/43/15 42/42/16 41/41/15
f 46/46/17 45/45/18 44/44/19
f 49/49/20 48/48/21 47/47/22
f 52/52/23 51/51/24 50/50/25
f 55/55/26 54/54/27 53/53/28
f 58/58/29 57/57/30 56/56/31
f 61/61/32 60/60/33 59/59/33
f 64/64/34 63/63/35 62/62/36
f 67/67/37 66/66/38 65/65/37
f 70/70/39 69/69/40 68/68/39
f 73/73/41 72/72/42 71/71/41
f 76/76/43 75/75/44 74/74/43
f 79/79/45 78/78/46 77/77/45
f 82/82/47 81/81/48 80/80/47
f 85/85/49 84/84/50 83/83/51
f 88/88/52 87/87/53 86/86/52
s 0
f 89/89/2 12/12/2 22/22/2
s 1
f 92/92/54 91/91/54 90/90/55
f 95/95/56 94/94/57 93/93/58
f 98/98/59 97/97/60 96/96/61
f 101/101/62 100/100/63 99/99/62
f 104/104/64 103/103/65 102/102/66
f 107/107/67 106/106/67 105/105/68
f 110/110/69 109/109/70 108/108/69
f 113/113/71 112/112/72 111/111/73
f 116/116/74 115/115/75 114/114/74
f 119/119/76 118/118/77 117/117/78
f 122/122/79 121/121/80 120/120/79
f 125/125/81 124/124/82 123/123/81
f 128/128/83 127/127/84 126/126/85
f 131/131/86 130/130/87 129/129/86
f 134/134/88 133/133/89 132/132/90
f 137/137/91 136/136/92 135/135/91
f 140/140/93 139/139/94 138/138/93
f 143/143/95 142/142/96 141/141/95
f 146/146/97 145/145/98 144/144/99
f 149/149/100 148/148/101 147/147/100
f 152/152/102 151/151/103 150/150/104
f 155/155/105 154/154/106 153/153/107
f 158/158/108 157/157/109 156/156/110
f 161/161/111 160/160/112 159/159/111
f 164/164/113 163/163/114 162/162/115
f 167/167/116 166/166/117 165/165/117
f 170/170/118 169/169/119 168/168/120
o tforce1_shine
v 7.856958 -8.537521 -7.807662
v 8.212506 -5.552331 -7.807662
v 3.590426 -9.491140 -7.807662
v 7.036096 -2.567142 -7.807664
v -0.676105 -7.644723 -7.807662
v 8.263800 0.097978 -7.807666
v 7.531754 4.415730 -7.807665
v 7.856958 8.733481 -7.807665
v 5.617618 9.618449 -7.807668
v 0.762252 8.733481 -7.807665
v 7.856958 -8.537513 7.807665
v 4.691530 -8.791348 7.807665
v 7.856958 -4.219767 7.807664
v 1.526103 -9.589423 7.807668
v 0.042923 -8.672630 7.807665
v -4.942637 -7.644723 -7.807662
v -9.209168 -8.537520 -7.807662
v 8.839247 0.097987 7.807664
v 7.856958 3.024937 7.807664
v 7.856958 8.733487 7.807662
v 5.166665 9.177081 7.807662
v -4.804755 -8.537514 7.807666
v 0.762252 8.733483 2.678779
v -9.209168 -8.537518 2.678786
vn -0.0000 -0.0000 -1.0000
vn -0.4804 0.2774 -0.8321
vn -0.0000 -0.0000 1.0000
vn -0.6125 0.3534 -0.7071
vn -0.2634 0.1482 0.9532
vn -0.5191 0.2959 0.8019
vn -0.7919 0.4536 0.4088
vn -0.8471 0.4890 0.2082
vt 0.898438 0.101562
vt 0.917969 0.242188
vt 0.687500 0.054688
vt 0.859375 0.382812
vt 0.472656 0.144531
vt 0.917969 0.507812
vt 0.882812 0.707031
vt 0.898438 0.910156
vt 0.789062 0.953125
vt 0.546875 0.910156
vt 0.898438 0.101562
vt 0.742188 0.089844
vt 0.898438 0.304688
vt 0.582031 0.050781
vt 0.507812 0.093750
vt 0.261719 0.144531
vt 0.046875 0.101562
vt 0.949219 0.507812
vt 0.898438 0.644531
vt 0.898438 0.910156
vt 0.765625 0.929688
vt 0.269531 0.101562
vt 0.546875 0.910156
vt 0.046875 0.101562
s 0
usemtl SC_tri_out
f 173/173/121 172/172/121 171/171/121
f 173/173/121 174/174/121 172/172/121
f 175/175/121 174/174/121 173/173/121
f 175/175/121 176/176/121 174/174/121
f 177/177/121 176/176/121 175/175/121
f 175/175/121 178/178/121 177/177/121
f 175/175/121 179/179/121 178/178/121
s 1
f 180/180/122 179/179/121 175/175/121
s 0
f 183/183/123 182/182/123 181/181/123
f 183/183/123 184/184/123 182/182/123
f 185/185/123 184/184/123 183/183/123
s 1
f 186/186/121 180/180/122 175/175/121
f 186/186/121 187/187/124 180/180/122
s 0
f 188/188/123 185/185/123 183/183/123
f 188/188/123 189/189/123 185/185/123
f 190/190/123 185/185/123 189/189/123
s 1
f 190/190/123 191/191/125 185/185/123
f 191/191/125 192/192/126 185/185/123
f 191/191/125 193/193/127 192/192/126
f 193/193/127 194/194/128 192/192/126
f 193/193/127 180/180/122 194/194/128
f 187/187/124 194/194/128 180/180/122
o tforce2
v 9.314035 -9.692533 -7.730357
v 7.124566 4.457269 -7.730363
v 7.796314 -12.274329 -7.730357
v 4.692208 8.364654 -7.730363
v -0.217355 12.277225 -7.730367
v 13.758717 -1.947137 7.730361
v 13.282723 -3.537776 7.730361
v 9.445481 2.156178 7.730362
v 11.745067 -5.128407 7.730361
v 11.534489 -6.719039 7.730363
v 13.758716 -1.947148 -7.730361
v 11.060943 -0.248958 -7.730363
v 12.062492 -4.528943 -7.730361
v 9.763312 -7.110737 -7.730361
v 2.529575 9.481930 7.730358
v -7.744092 -8.312579 7.730363
v -0.217360 12.277229 2.652255
v -14.393885 -12.277229 2.652263
v 10.085306 -8.309675 7.730361
v 8.055674 4.917530 7.730361
v 5.624501 5.596127 7.730361
v 2.529575 9.481930 7.730358
v 10.085306 -8.309675 7.730361
v 7.796314 -12.274326 2.652263
v -7.744092 -8.312579 7.730363
v -14.393885 -12.277229 2.652263
v -0.217360 12.277229 2.652255
v -14.393885 -12.277229 2.652263
v -0.217355 12.277225 -7.730367
v -14.393885 -12.277233 -7.730359
v 7.796314 -12.274326 2.652263
v 7.796314 -12.274329 -7.730357
v -14.393885 -12.277229 2.652263
v -14.393885 -12.277233 -7.730359
v 5.624501 5.596127 7.730361
v 7.457414 5.582931 0.564863
v 8.055674 4.917530 7.730361
v 8.055674 4.917530 7.730361
v 7.457414 5.582931 0.564863
v 9.445481 2.156178 7.730362
v 9.445481 2.156178 7.730362
v 7.457414 5.582931 0.564863
v 10.608065 2.474325 0.564864
v 11.206533 -9.001103 3.415339
v 8.930073 -10.292001 1.503512
v 10.085306 -8.309675 7.730361
v 13.282723 -3.537776 7.730361
v 13.027481 -4.033358 0.370555
v 12.227772 -4.828675 0.370556
v 13.282723 -3.537776 7.730361
v 12.227772 -4.828675 0.370556
v 11.745067 -5.128407 7.730361
v 11.745067 -5.128407 7.730361
v 11.975209 -6.914890 2.538636
v 11.534489 -6.719039 7.730363
v 13.758717 -1.947137 7.730361
v 14.393885 -1.702136 1.341009
v 13.282723 -3.537776 7.730361
v 13.282723 -3.537776 7.730361
v 14.393885 -1.702136 1.341009
v 13.027481 -4.033358 0.370555
v -0.217360 12.277229 2.652255
v 2.076083 10.879578 1.791159
v 2.529575 9.481930 7.730358
v 8.930073 -10.292001 1.503512
v 7.796314 -12.274326 2.652263
v 10.085306 -8.309675 7.730361
v 9.445481 2.156178 7.730362
v 10.608065 2.474325 0.564864
v 13.758717 -1.947137 7.730361
v 11.534489 -6.719039 7.730363
v 11.206533 -9.001103 3.415339
v 10.085306 -8.309675 7.730361
v 11.206533 -9.001103 3.415339
v 11.534489 -6.719039 7.730363
v 11.975209 -6.914890 2.538636
v -14.393885 -12.277233 -7.730359
v -7.744092 -8.312579 7.730363
v 3.580188 8.914101 0.757161
v 5.470790 6.383092 -1.677490
v 5.624501 5.596127 7.730361
v 11.060943 -0.248958 -7.730363
v 10.608065 2.474325 0.564864
v 7.124566 4.457269 -7.730363
v 13.758716 -1.947148 -7.730361
v 14.393885 -1.702136 1.341009
v 11.060943 -0.248958 -7.730363
v 9.763312 -7.110737 -7.730361
v 11.975209 -6.914890 2.538636
v 12.062492 -4.528943 -7.730361
v 12.227772 -4.828675 0.370556
v 11.975209 -6.914890 2.538636
v 11.745067 -5.128407 7.730361
v 9.314035 -9.692533 -7.730357
v 11.206533 -9.001103 3.415339
v 9.763312 -7.110737 -7.730361
v 7.796314 -12.274329 -7.730357
v 8.930073 -10.292001 1.503512
v 9.314035 -9.692533 -7.730357
v 7.796314 -12.274329 -7.730357
v 7.796314 -12.274326 2.652263
v 8.930073 -10.292001 1.503512
v -0.217355 12.277225 -7.730367
v 2.076083 10.879578 1.791159
v -0.217360 12.277229 2.652255
v 4.692208 8.364654 -7.730363
v 5.470790 6.383092 -1.677490
v 3.580188 8.914101 0.757161
v -0.217355 12.277225 -7.730367
v 4.692208 8.364654 -7.730363
v 3.580188 8.914101 0.757161
v -0.217355 12.277225 -7.730367
v 3.580188 8.914101 0.757161
v 2.076083 10.879578 1.791159
v 4.692208 8.364654 -7.730363
v 7.124566 4.457269 -7.730363
v 5.470790 6.383092 -1.677490
v 5.470790 6.383092 -1.677490
v 7.124566 4.457269 -7.730363
v 7.457414 5.582931 0.564863
v 11.060943 -0.248958 -7.730363
v 14.393885 -1.702136 1.341009
v 10.608065 2.474325 0.564864
v 12.062492 -4.528943 -7.730361
v 11.975209 -6.914890 2.538636
v 12.227772 -4.828675 0.370556
v 9.763312 -7.110737 -7.730361
v 11.206533 -9.001103 3.415339
v 11.975209 -6.914890 2.538636
v 12.062492 -4.528943 -7.730361
v 12.227772 -4.828675 0.370556
v 13.027481 -4.033358 0.370555
v 9.314035 -9.692533 -7.730357
v 8.930073 -10.292001 1.503512
v 11.206533 -9.001103 3.415339
v 13.758716 -1.947148 -7.730361
v 12.062492 -4.528943 -7.730361
v 13.027481 -4.033358 0.370555
v 13.758716 -1.947148 -7.730361
v 13.027481 -4.033358 0.370555
v 14.393885 -1.702136 1.341009
v 10.608065 2.474325 0.564864
v 14.393885 -1.702136 1.341009
v 13.758717 -1.947137 7.730361
v 5.470790 6.383092 -1.677490
v 7.457414 5.582931 0.564863
v 5.624501 5.596127 7.730361
v 7.124566 4.457269 -7.730363
v 10.608065 2.474325 0.564864
v 7.457414 5.582931 0.564863
v 2.076083 10.879578 1.791159
v 3.580188 8.914101 0.757161
v 2.529575 9.481930 7.730358
v 2.529575 9.481930 7.730358
v 3.580188 8.914101 0.757161
v 5.624501 5.596127 7.730361
vn -0.0000 -0.0000 -1.0000
vn -0.0000 -0.0000 1.0000
vn -0.6949 0.4012 0.5968
vn 0.0001 -0.7882 0.6154
vn 0.0001 -0.7883 0.6153
vn -0.8660 0.5000 -0.0000
vn 0.0001 -1.0000 -0.0000
vn 0.2682 0.9610 0.0668
vn 0.4343 0.9001 0.0333
vn 0.8928 0.4493 -0.0328
vn 0.7613 0.6482 -0.0175
vn 0.7126 0.6985 0.0658
vn 0.6442 0.7615 0.0718
vn 0.6950 0.7044 0.1440
vn 0.3255 -0.9168 0.2315
vn 0.5414 -0.8289 0.1409
vn 0.5876 -0.7962 0.1439
vn 0.7959 -0.6052 0.0159
vn 0.7556 -0.6551 -0.0011
vn 0.7050 -0.7089 0.0233
vn 0.7189 -0.6949 0.0188
vn 0.8018 -0.5974 0.0137
vn 0.9874 -0.1307 0.0888
vn 0.9764 -0.2133 0.0348
vn 0.9546 -0.2857 0.0839
vn 0.9981 -0.0517 0.0333
vn 0.8331 -0.5530 -0.0106
vn 0.9851 -0.1719 -0.0080
vn 0.8619 -0.5070 0.0042
vn 0.5550 0.8182 0.1502
vn 0.6183 0.7805 0.0925
vn 0.8674 -0.4976 -0.0025
vn 0.8014 -0.5978 0.0196
vn 0.6822 0.7171 0.1425
vn 0.7062 0.7050 0.0651
vn 0.7080 -0.6451 0.2873
vn 0.7588 -0.6297 0.1667
vn 0.9525 -0.3024 0.0363
vn 0.9463 -0.3100 0.0920
vn 0.8836 -0.4631 0.0685
vn 0.8165 0.5763 0.0349
vn 0.7564 0.6535 0.0291
vn 0.7972 0.6029 0.0333
vn 0.7564 0.6326 -0.1664
vn 0.7435 0.6627 -0.0899
vn 0.5318 0.8448 -0.0600
vn 0.8261 0.5619 -0.0432
vn 0.7387 -0.6579 -0.1466
vn 0.8687 -0.4879 -0.0851
vn 0.9965 -0.0550 0.0631
vn 0.9842 -0.1758 0.0220
vn 0.9593 -0.2800 0.0366
vn 0.9733 -0.1694 -0.1548
vn 0.9149 -0.3995 -0.0576
vn 0.8621 -0.5068 0.0029
vn 0.7982 -0.6020 0.0224
vn 0.8018 -0.5972 0.0209
vn 0.8681 -0.4965 -0.0000
vn 0.5204 0.8539 -0.0000
vn 0.6012 0.7989 0.0171
vn 0.8053 0.5905 0.0526
vn 0.7654 0.6418 0.0485
vn 0.8315 0.5506 0.0733
vn 0.7041 0.7094 0.0315
vn 0.6229 0.7817 0.0310
vn 0.7246 0.6885 -0.0289
vn 0.7735 0.6331 -0.0299
vn 0.7670 0.6351 -0.0915
vn 0.7745 0.6311 0.0437
vn 0.8472 0.5274 0.0637
vn 0.5443 0.8360 -0.0689
vn 0.4985 0.8561 -0.1362
vn 0.5997 0.7982 -0.0571
vn 0.7381 0.6684 -0.0920
vn 0.8972 0.4305 -0.0986
vn 0.7456 0.6441 -0.1708
vn 0.9461 -0.3237 -0.0088
vn 0.9751 -0.2207 -0.0226
vn 0.9889 -0.1463 -0.0256
vn 0.9302 -0.3525 -0.1027
vn 0.8562 -0.5117 -0.0717
vn 0.8944 -0.4072 -0.1849
vn 0.7552 -0.6547 -0.0331
vn 0.7959 -0.6053 -0.0163
vn 0.7046 -0.7085 -0.0406
vn 0.6680 -0.7441 0.0046
vn 0.6251 -0.7806 0.0037
vn 0.5146 -0.8568 -0.0342
vn 0.8183 -0.5730 -0.0457
vn 0.8340 -0.5479 -0.0658
vn 0.9861 -0.1624 -0.0356
vn 0.8377 -0.5449 -0.0367
vn 0.8703 -0.4902 -0.0477
vn 0.7281 0.6783 0.0984
vn 0.8920 0.4502 0.0412
vn 0.7279 0.6843 0.0428
vn 0.2989 0.9514 0.0747
vn 0.4487 0.8929 0.0372
vn 0.5071 0.8604 0.0502
vn 0.6447 0.7618 -0.0628
vn 0.7124 0.6985 -0.0684
vn 0.6969 0.7064 -0.1238
vn 0.8105 0.5809 0.0748
vn 0.7943 0.6052 0.0533
vn 0.7474 0.6621 0.0547
vn 0.7805 0.6216 0.0670
vn 0.7788 0.6253 0.0494
vt 0.183594 0.074219
vt 0.167969 0.179688
vt 0.171875 0.054688
vt 0.152344 0.210938
vt 0.121094 0.238281
vt 0.210938 0.132812
vt 0.210938 0.121094
vt 0.183594 0.171875
vt 0.199219 0.109375
vt 0.199219 0.097656
vt 0.210938 0.132812
vt 0.195312 0.144531
vt 0.203125 0.113281
vt 0.187500 0.093750
vt 0.140625 0.218750
vt 0.070312 0.085938
vt 0.121094 0.238281
vt 0.027344 0.054688
vt 0.187500 0.085938
vt 0.175781 0.183594
vt 0.160156 0.187500
vt 0.140625 0.218750
vt 0.187500 0.085938
vt 0.171875 0.054688
vt 0.070312 0.085938
vt 0.027344 0.054688
vt 0.121094 0.238281
vt 0.027344 0.054688
vt 0.121094 0.238281
vt 0.027344 0.054688
vt 0.171875 0.054688
vt 0.171875 0.054688
vt 0.027344 0.054688
vt 0.027344 0.054688
vt 0.746094 0.968750
vt 0.714844 0.750000
vt 0.683594 0.968750
vt 0.683594 0.968750
vt 0.714844 0.750000
vt 0.621094 0.968750
vt 0.621094 0.968750
vt 0.714844 0.750000
vt 0.605469 0.750000
vt 0.183594 0.750000
vt 0.136719 0.750000
vt 0.195312 0.972656
vt 0.355469 0.972656
vt 0.343750 0.746094
vt 0.312500 0.750000
vt 0.355469 0.972656
vt 0.312500 0.750000
vt 0.296875 0.972656
vt 0.296875 0.972656
vt 0.253906 0.750000
vt 0.257812 0.972656
vt 0.410156 0.968750
vt 0.410156 0.746094
vt 0.355469 0.972656
vt 0.355469 0.972656
vt 0.410156 0.746094
vt 0.343750 0.746094
vt 0.968750 0.824219
vt 0.921875 0.750000
vt 0.863281 0.968750
vt 0.136719 0.750000
vt 0.078125 0.816406
vt 0.195312 0.972656
vt 0.621094 0.968750
vt 0.605469 0.750000
vt 0.460938 0.968750
vt 0.257812 0.972656
vt 0.183594 0.750000
vt 0.195312 0.972656
vt 0.183594 0.750000
vt 0.257812 0.972656
vt 0.253906 0.750000
vt 0.027344 0.054688
vt 0.070312 0.085938
vt 0.843750 0.750000
vt 0.785156 0.750000
vt 0.746094 0.968750
vt 0.558594 0.527344
vt 0.605469 0.750000
vt 0.710938 0.527344
vt 0.480469 0.527344
vt 0.468750 0.750000
vt 0.558594 0.527344
vt 0.250000 0.523438
vt 0.253906 0.750000
vt 0.328125 0.523438
vt 0.312500 0.750000
vt 0.253906 0.750000
vt 0.296875 0.972656
vt 0.167969 0.523438
vt 0.183594 0.750000
vt 0.250000 0.523438
vt 0.078125 0.523438
vt 0.136719 0.750000
vt 0.167969 0.523438
vt 0.078125 0.523438
vt 0.078125 0.816406
vt 0.136719 0.750000
vt 0.980469 0.531250
vt 0.921875 0.750000
vt 0.968750 0.824219
vt 0.824219 0.527344
vt 0.785156 0.750000
vt 0.843750 0.750000
vt 0.980469 0.531250
vt 0.824219 0.527344
vt 0.843750 0.750000
vt 0.980469 0.531250
vt 0.843750 0.750000
vt 0.921875 0.750000
vt 0.824219 0.527344
vt 0.710938 0.527344
vt 0.785156 0.750000
vt 0.785156 0.750000
vt 0.710938 0.527344
vt 0.714844 0.750000
vt 0.558594 0.527344
vt 0.468750 0.750000
vt 0.605469 0.750000
vt 0.328125 0.523438
vt 0.253906 0.750000
vt 0.312500 0.750000
vt 0.250000 0.523438
vt 0.183594 0.750000
vt 0.253906 0.750000
vt 0.328125 0.523438
vt 0.312500 0.750000
vt 0.343750 0.746094
vt 0.167969 0.523438
vt 0.136719 0.750000
vt 0.183594 0.750000
vt 0.410156 0.523438
vt 0.328125 0.523438
vt 0.343750 0.746094
vt 0.410156 0.523438
vt 0.343750 0.746094
vt 0.410156 0.746094
vt 0.605469 0.750000
vt 0.468750 0.750000
vt 0.460938 0.968750
vt 0.785156 0.750000
vt 0.714844 0.750000
vt 0.746094 0.968750
vt 0.710938 0.527344
vt 0.605469 0.750000
vt 0.714844 0.750000
vt 0.921875 0.750000
vt 0.843750 0.750000
vt 0.863281 0.968750
vt 0.863281 0.968750
vt 0.843750 0.750000
vt 0.746094 0.968750
s 0
usemtl Z_tri_in
f 197/197/129 196/196/129 195/195/129
f 197/197/129 198/198/129 196/196/129
f 199/199/129 198/198/129 197/197/129
f 202/202/130 201/201/130 200/200/130
f 202/202/130 203/203/130 201/201/130
f 204/204/130 203/203/130 202/202/130
f 207/207/129 206/206/129 205/205/129
f 207/207/129 208/208/129 206/206/129
f 208/208/129 196/196/129 206/206/129
f 208/208/129 195/195/129 196/196/129
f 211/211/131 210/210/131 209/209/131
f 211/211/131 212/212/131 210/210/131
f 202/202/130 213/213/130 204/204/130
f 202/202/130 214/214/130 213/213/130
f 215/215/130 213/213/130 214/214/130
f 215/215/130 216/216/130 213/213/130
f 219/219/132 218/218/132 217/217/132
f 219/219/133 220/220/133 218/218/133
f 223/223/134 222/222/134 221/221/134
f 223/223/134 224/224/134 222/222/134
f 227/227/135 226/226/135 225/225/135
f 227/227/135 228/228/135 226/226/135
s 1
f 231/231/136 230/230/137 229/229/136
f 234/234/138 233/233/139 232/232/138
f 237/237/140 236/236/141 235/235/142
f 240/240/143 239/239/144 238/238/145
f 243/243/146 242/242/147 241/241/148
f 246/246/149 245/245/150 244/244/149
f 249/249/151 248/248/152 247/247/151
f 252/252/153 251/251/154 250/250/153
f 255/255/155 254/254/156 253/253/157
f 258/258/158 257/257/159 256/256/158
f 261/261/160 260/260/160 259/259/161
f 264/264/162 263/263/163 262/262/162
f 267/267/164 266/266/165 265/265/164
f 270/270/166 269/269/167 268/268/168
s 0
f 271/271/129 199/199/129 197/197/129
f 272/272/130 213/213/130 216/216/130
s 1
f 275/275/169 274/274/170 273/273/171
f 278/278/172 277/277/173 276/276/172
f 281/281/174 280/280/175 279/279/174
f 284/284/176 283/283/177 282/282/176
f 287/287/178 286/286/179 285/285/180
f 290/290/181 289/289/182 288/288/181
f 293/293/183 292/292/184 291/291/183
f 296/296/185 295/295/186 294/294/186
f 299/299/187 298/298/188 297/297/187
f 302/302/189 301/301/190 300/300/191
f 305/305/192 304/304/193 303/303/193
f 308/308/194 307/307/195 306/306/196
f 311/311/197 310/310/198 309/309/198
f 314/314/199 313/313/200 312/312/201
f 317/317/202 316/316/203 315/315/204
f 320/320/205 319/319/206 318/318/207
f 323/323/208 322/322/209 321/321/210
f 326/326/211 325/325/212 324/324/213
f 329/329/214 328/328/215 327/327/216
f 332/332/217 331/331/218 330/330/218
f 335/335/219 334/334/220 333/333/221
f 338/338/222 337/337/223 336/336/224
f 341/341/225 340/340/226 339/339/227
f 344/344/228 343/343/229 342/342/230
f 347/347/231 346/346/232 345/345/233
f 350/350/234 349/349/235 348/348/234
o tforce2_shine
v -0.219529 12.399998 -7.807671
v -14.537824 -12.400002 -7.807663
v 7.874278 -12.397073 -7.807660
v -14.537824 -12.400002 2.678785
v 7.874278 -12.397071 2.678785
v -7.821530 -8.395705 7.807666
v 10.186159 -8.392773 7.807664
v 2.554871 9.576750 7.807662
v 4.739129 8.448301 -7.807667
v 7.195814 4.501842 -7.807667
v 12.183117 -4.574229 -7.807662
v 11.171552 -0.251448 -7.807667
v 13.896303 -1.966619 -7.807664
v -0.219532 12.400002 2.678777
v 9.860945 -7.181848 -7.807662
v 9.407176 -9.789461 -7.807660
v 13.896305 -1.966608 7.807664
v 13.415551 -3.573153 7.807664
v 9.539936 2.177737 7.807666
v 11.862519 -5.179688 7.807664
v 11.649833 -6.786232 7.807666
v 8.136231 4.966702 7.807662
v 5.680746 5.652083 7.807662
vn -0.0000 -0.5547 -0.8320
vn -0.6124 -0.3535 -0.7071
vn -0.3216 0.1857 -0.9285
vn -0.7965 -0.4553 0.3978
vn 0.0001 -0.9023 0.4310
vn -0.3680 -0.2050 0.9069
vn -0.0000 -0.1390 0.9903
vn -0.2557 0.1476 0.9554
vn -0.0000 -0.0000 -1.0000
vn -0.7874 0.4545 0.4165
vn -0.0000 -0.0000 1.0000
vt 0.500000 0.953125
vt 0.046875 0.050781
vt 0.757812 0.050781
vt 0.046875 0.050781
vt 0.757812 0.050781
vt 0.261719 0.199219
vt 0.832031 0.199219
vt 0.589844 0.847656
vt 0.656250 0.808594
vt 0.734375 0.664062
vt 0.894531 0.335938
vt 0.863281 0.492188
vt 0.949219 0.429688
vt 0.500000 0.953125
vt 0.820312 0.242188
vt 0.804688 0.148438
vt 0.949219 0.429688
vt 0.933594 0.371094
vt 0.808594 0.582031
vt 0.882812 0.312500
vt 0.875000 0.253906
vt 0.765625 0.683594
vt 0.687500 0.707031
s 1
usemtl SC_tri_out
f 353/353/236 352/352/237 351/351/238
f 353/353/236 354/354/239 352/352/237
f 355/355/240 354/354/239 353/353/236
f 355/355/240 356/356/241 354/354/239
f 357/357/242 356/356/241 355/355/240
f 357/357/242 358/358/243 356/356/241
f 360/360/244 351/351/238 359/359/244
f 360/360/244 361/361/244 351/351/238
s 0
f 362/362/244 361/361/244 360/360/244
f 362/362/244 363/363/244 361/361/244
s 1
f 364/364/245 356/356/241 358/358/243
f 364/364/245 354/354/239 356/356/241
f 351/351/238 354/354/239 364/364/245
f 351/351/238 352/352/237 354/354/239
f 365/365/244 351/351/238 361/361/244
f 365/365/244 353/353/236 351/351/238
f 366/366/244 353/353/236 365/365/244
s 0
f 369/369/246 368/368/246 367/367/246
f 369/369/246 370/370/246 368/368/246
f 371/371/246 370/370/246 369/369/246
s 1
f 369/369/246 357/357/242 371/371/246
f 369/369/246 372/372/246 357/357/242
f 373/373/246 357/357/242 372/372/246
f 373/373/246 358/358/243 357/357/242
o tforce3
v -6.993500 1.975906 7.730362
v -3.186847 8.569218 7.730361
v -3.898574 -1.909898 7.730362
v 1.612834 8.435439 7.730361
v -1.467401 -2.588498 7.730362
v 3.081328 7.527719 7.730361
v 6.646992 -3.302350 7.730362
v 8.258408 -2.118773 7.730362
v -0.077594 -5.349844 7.730362
v 6.054289 -6.303377 7.730362
v 4.235643 -9.453161 7.730361
v 9.193606 3.448453 7.730361
v 8.556497 5.514154 7.730361
v 6.215415 8.317897 7.730361
v 9.349502 8.569218 7.730361
v -4.830867 0.858630 -7.730362
v -2.398509 -3.048756 -7.730362
v 5.125213 7.625032 -7.730362
v 8.556497 5.514153 -7.730362
v 9.349502 8.569209 -7.730362
v -9.740430 4.771204 -7.730362
v -7.547653 8.569211 -7.730362
v -3.323363 9.453164 -7.730362
v 0.900926 9.453164 -7.730362
v 9.349502 3.327871 -7.730361
v 9.349502 -0.595969 -7.730362
v 1.537868 -7.754982 -7.730361
v 8.726321 -3.886976 -7.730361
v 6.580446 -5.392067 -7.730361
v 5.961231 -7.148749 -7.730361
v 9.349502 -0.595959 7.730362
v 9.349502 -0.595965 0.000001
v 7.929593 -2.003125 0.000001
v 9.349502 -0.595969 -7.730362
v -9.740435 4.771205 2.652259
v -7.547653 8.569213 2.652255
v -6.993500 1.975906 7.730362
v -3.186847 8.569218 7.730361
v 9.349502 -0.595959 7.730362
v 9.349502 -0.595959 7.730362
v 9.740433 2.459095 0.000001
v 9.349502 -0.595965 0.000001
v 9.349502 -0.595969 -7.730362
v -7.547653 8.569213 2.652255
v -9.740435 4.771205 2.652259
v -7.547653 8.569211 -7.730362
v -9.740430 4.771204 -7.730362
v -4.899794 9.421717 -2.539056
v -7.547653 8.569213 2.652255
v -7.547653 8.569211 -7.730362
v 9.349502 8.569214 2.168479
v 6.215415 8.317897 7.730361
v 6.377510 7.498984 2.168483
v 6.377510 7.498984 2.168483
v 1.991125 8.435435 2.168479
v 5.125213 7.625032 -7.730362
v 1.991125 8.435435 2.168479
v 3.081328 7.527719 7.730361
v 0.424084 7.896471 2.168478
v 0.424084 7.896471 2.168478
v 1.612834 8.435439 7.730361
v -3.186847 8.569218 7.730361
v -7.547653 8.569213 2.652255
v -4.899794 9.421717 -2.539056
v -3.186847 8.569218 7.730361
v 0.424084 7.896471 2.168478
v -2.390975 7.896471 -0.000004
v 0.900926 9.453164 -7.730362
v 9.349502 8.569214 2.168479
v 9.349502 8.569218 7.730361
v 6.215415 8.317897 7.730361
v 9.349502 8.569209 -7.730362
v 9.349502 8.569214 2.168479
v 5.125213 7.625032 -7.730362
v 1.084989 -5.031700 0.564864
v -0.077594 -5.349844 7.730362
v 4.235643 -9.453161 7.730361
v -7.446992 3.373554 1.791164
v -9.740435 4.771205 2.652259
v -6.993500 1.975906 7.730362
v -2.065662 -1.923093 0.564863
v -0.077594 -5.349844 7.730362
v 1.084989 -5.031700 0.564864
v -2.065662 -1.923093 0.564863
v -1.467401 -2.588498 7.730362
v -0.077594 -5.349844 7.730362
v 6.377510 7.498984 2.168483
v 3.081328 7.527719 7.730361
v 1.991125 8.435435 2.168479
v 6.215415 8.317897 7.730361
v 3.081328 7.527719 7.730361
v 6.377510 7.498984 2.168483
v -4.899794 9.421717 -2.539056
v -2.390975 7.896471 -0.000004
v -3.186847 8.569218 7.730361
v 0.424084 7.896471 2.168478
v -3.186847 8.569218 7.730361
v -2.390975 7.896471 -0.000004
v 3.081328 7.527719 7.730361
v 1.612834 8.435439 7.730361
v 0.424084 7.896471 2.168478
v -2.390975 7.896471 -0.000004
v -4.899794 9.421717 -2.539056
v -3.323363 9.453164 -7.730362
v 1.991125 8.435435 2.168479
v 0.424084 7.896471 2.168478
v 0.900926 9.453164 -7.730362
v 1.991125 8.435435 2.168479
v 0.900926 9.453164 -7.730362
v 5.125213 7.625032 -7.730362
v -4.899794 9.421717 -2.539056
v -7.547653 8.569211 -7.730362
v -3.323363 9.453164 -7.730362
v -2.390975 7.896471 -0.000004
v -3.323363 9.453164 -7.730362
v 0.900926 9.453164 -7.730362
v 9.349502 8.569214 2.168479
v 6.377510 7.498984 2.168483
v 5.125213 7.625032 -7.730362
v 9.193606 3.448453 7.730361
v 9.740433 2.459095 0.000001
v 9.349502 -0.595959 7.730362
v 4.235641 -9.453174 -7.730361
v 6.227722 -7.046748 1.061069
v 6.580446 -5.392067 -7.730361
v 5.961231 -7.148749 -7.730361
v 6.174227 -4.896485 -0.000001
v 6.580446 -5.392067 -7.730361
v 6.227722 -7.046748 1.061069
v 7.929593 -2.003125 0.000001
v 6.580446 -5.392067 -7.730361
v 6.174227 -4.896485 -0.000001
v 8.726321 -3.886976 -7.730361
v 7.929593 -2.003125 0.000001
v 9.349502 -0.595969 -7.730362
v 7.929593 -2.003125 0.000001
v 6.174227 -4.896485 -0.000001
v 6.646992 -3.302350 7.730362
v 7.929593 -2.003125 0.000001
v 8.258408 -2.118773 7.730362
v 9.349502 -0.595959 7.730362
v 7.929593 -2.003125 0.000001
v 8.726321 -3.886976 -7.730361
v 6.580446 -5.392067 -7.730361
v 6.174227 -4.896485 -0.000001
v 6.227722 -7.046748 1.061069
v 6.054289 -6.303377 7.730362
v 6.227722 -7.046748 1.061069
v 5.961231 -7.148749 -7.730361
v 4.870809 -9.208160 1.341013
v 6.054289 -6.303377 7.730362
v 6.227722 -7.046748 1.061069
v 4.870809 -9.208160 1.341013
v 8.556497 5.514154 7.730361
v 9.349502 5.514155 1.603971
v 9.193606 3.448453 7.730361
v 9.349502 8.569218 7.730361
v 9.349502 8.569214 2.168479
v 8.556497 5.514154 7.730361
v 9.349502 3.327871 -7.730361
v 9.349502 -0.595969 -7.730362
v 9.740433 2.459095 0.000001
v 8.556497 5.514153 -7.730362
v 9.740433 2.459095 0.000001
v 9.349502 5.514155 1.603971
v 8.556497 5.514153 -7.730362
v 9.349502 5.514155 1.603971
v 9.349502 8.569209 -7.730362
v 9.349502 8.569209 -7.730362
v 9.349502 5.514155 1.603971
v 9.349502 8.569214 2.168479
v 9.349502 5.514155 1.603971
v 9.740433 2.459095 0.000001
v 9.193606 3.448453 7.730361
v 9.349502 3.327871 -7.730361
v 9.740433 2.459095 0.000001
v 8.556497 5.514153 -7.730362
v 9.349502 8.569214 2.168479
v 9.349502 5.514155 1.603971
v 8.556497 5.514154 7.730361
v -2.065662 -1.923093 0.564863
v -3.898574 -1.909898 7.730362
v -1.467401 -2.588498 7.730362
v -5.942887 1.408077 0.757165
v -6.993500 1.975906 7.730362
v -3.898574 -1.909898 7.730362
v -5.942887 1.408077 0.757165
v -7.446992 3.373554 1.791164
v -6.993500 1.975906 7.730362
v 1.084989 -5.031700 0.564864
v -2.398509 -3.048756 -7.730362
v -2.065662 -1.923093 0.564863
v -2.065662 -1.923093 0.564863
v -4.052285 -1.122932 -1.677489
v -3.898574 -1.909898 7.730362
v 4.870809 -9.208160 1.341013
v 1.084989 -5.031700 0.564864
v 4.235643 -9.453161 7.730361
v 4.870809 -9.208160 1.341013
v 1.537868 -7.754982 -7.730361
v 1.084989 -5.031700 0.564864
v -2.398509 -3.048756 -7.730362
v -4.052285 -1.122932 -1.677489
v -2.065662 -1.923093 0.564863
v -2.398509 -3.048756 -7.730362
v -4.830867 0.858630 -7.730362
v -4.052285 -1.122932 -1.677489
v -5.942887 1.408077 0.757165
v -9.740430 4.771204 -7.730362
v -7.446992 3.373554 1.791164
v -5.942887 1.408077 0.757165
v -4.830867 0.858630 -7.730362
v -9.740430 4.771204 -7.730362
v -4.052285 -1.122932 -1.677489
v -4.830867 0.858630 -7.730362
v -5.942887 1.408077 0.757165
v -7.446992 3.373554 1.791164
v -9.740430 4.771204 -7.730362
v -9.740435 4.771205 2.652259
v 4.870809 -9.208160 1.341013
v 4.235641 -9.453174 -7.730361
v 1.537868 -7.754982 -7.730361
v 1.084989 -5.031700 0.564864
v 1.537868 -7.754982 -7.730361
v -2.398509 -3.048756 -7.730362
v -4.052285 -1.122932 -1.677489
v -5.942887 1.408077 0.757165
v -3.898574 -1.909898 7.730362
v 6.174227 -4.896485 -0.000001
v 6.054289 -6.303377 7.730362
v 6.646992 -3.302350 7.730362
v 7.929593 -2.003125 0.000001
v 6.646992 -3.302350 7.730362
v 8.258408 -2.118773 7.730362
v 6.054289 -6.303377 7.730362
v 4.870809 -9.208160 1.341013
v 4.235643 -9.453161 7.730361
v 5.961231 -7.148749 -7.730361
v 4.235641 -9.453174 -7.730361
v 4.870809 -9.208160 1.341013
vn -0.0000 -0.0000 1.0000
vn -0.0000 -0.0000 -1.0000
vn 0.7439 -0.6677 0.0289
vn 0.8114 -0.5845 -0.0000
vn 0.7039 -0.7103 -0.0000
vn -0.6949 0.4012 0.5968
vn 0.9574 -0.2888 -0.0000
vn 0.9994 -0.0352 -0.0014
vn 0.9919 -0.1269 -0.0000
vn -0.8660 0.5000 -0.0000
vn -0.3065 0.9519 -0.0000
vn -0.1214 0.9925 0.0172
vn -0.2214 0.9712 -0.0884
vn -0.3351 0.9307 -0.1468
vn 0.0834 0.9936 -0.0759
vn 0.2088 0.9779 -0.0140
vn 0.1232 0.9913 0.0457
vn 0.0531 0.9984 -0.0214
vn -0.1748 0.9774 0.1190
vn -0.3178 0.9239 0.2131
vn -0.1432 0.9764 0.1619
vn 0.0277 0.9944 -0.1023
vn 0.0007 0.9992 -0.0406
vn -0.1185 0.9877 0.1018
vn -0.0253 0.9974 0.0681
vn -0.1147 0.9822 0.1489
vn 0.0362 0.9927 0.1152
vn -0.0707 0.9938 0.0853
vn -0.0799 0.9968 -0.0000
vn 0.2125 0.9771 0.0046
vn -0.2181 0.9759 -0.0000
vn 0.1437 0.9896 0.0047
vn -0.6822 -0.7171 -0.1425
vn -0.7062 -0.7050 -0.0651
vn -0.5550 -0.8182 -0.1502
vn -0.6183 -0.7805 -0.0925
vn -0.7126 -0.6985 -0.0658
vn -0.6950 -0.7044 -0.1440
vn -0.6442 -0.7615 -0.0718
vn -0.8928 -0.4493 0.0328
vn -0.7613 -0.6482 0.0175
vn 0.1223 0.9862 0.1118
vn 0.2073 0.9711 0.1179
vn 0.0525 0.9976 0.0454
vn -0.1735 0.9808 -0.0887
vn -0.2418 0.9589 -0.1482
vn 0.5332 0.8458 -0.0187
vn 0.3665 0.9299 0.0306
vn 0.3101 0.9507 0.0078
vn 0.1246 0.9922 -0.0007
vn 0.0618 0.9949 -0.0802
vn 0.0178 0.9994 -0.0295
vn 0.2569 0.9623 -0.0892
vn 0.5161 0.8349 -0.1912
vn 0.4145 0.9005 0.1313
vn 0.2456 0.9657 0.0840
vn 0.3027 0.9472 0.1059
vn -0.3224 0.9374 0.1319
vn -0.1767 0.9812 0.0775
vn -0.1454 0.9820 0.1204
vn 0.3967 0.9166 0.0505
vn 0.2203 0.9722 0.0791
vn -0.2045 0.9773 -0.0562
vn -0.0689 0.9976 -0.0113
vn -0.0000 0.9803 0.1974
vn 0.0937 0.9859 0.1390
vn -0.3383 0.9394 0.0548
vn -0.2229 0.9748 0.0132
vn 0.0815 0.9961 0.0349
vn 0.9971 0.0384 0.0656
vn 0.9984 0.0476 0.0314
vn 0.9428 -0.3323 -0.0247
vn 0.9534 -0.3018 -0.0012
vn 0.9930 -0.1122 0.0363
vn 0.9976 0.0491 0.0493
vn 0.9945 -0.0949 0.0441
vn 0.9225 -0.3816 0.0587
vn 0.8524 -0.5171 0.0779
vn 0.8182 -0.5709 0.0680
vn 0.9721 -0.1841 0.1451
vn 0.9035 -0.4157 0.1046
vn 0.8537 -0.5179 0.0546
vn 0.9230 -0.3820 0.0469
vn 0.8188 -0.5713 0.0563
vn 0.8121 -0.5819 -0.0432
vn 0.7977 -0.6031 0.0073
vn 0.5559 -0.7926 0.2505
vn 0.6783 -0.7180 0.1564
vn 0.9991 0.0357 0.0220
vn 0.9927 -0.1189 0.0224
vn 0.9944 -0.1016 0.0303
vn 0.6098 -0.7924 0.0155
vn 0.8456 -0.5334 -0.0194
vn 0.9137 -0.4063 0.0014
vn 0.6123 -0.7876 0.0688
vn 0.9148 -0.4006 0.0518
vn 0.8488 -0.5225 0.0803
vn 0.9484 0.2925 0.1228
vn 0.9823 0.1719 0.0742
vn 0.9679 -0.2512 -0.0000
vn 0.9194 0.3933 0.0056
vn 0.9992 0.0283 -0.0267
vn 0.9987 -0.0000 -0.0505
vn 0.9936 0.1093 -0.0296
vn 0.9926 0.1134 -0.0432
vn 0.9820 0.1695 -0.0834
vn 0.9647 -0.2504 -0.0820
vn 0.9943 -0.1023 -0.0291
vn 0.8622 0.5065 0.0051
vn 0.9996 0.0242 0.0121
vn 1.0000 -0.0000 -0.0000
vn 0.9936 0.0967 0.0579
vn 0.9967 0.0768 0.0275
vn 0.9965 0.0725 0.0411
vn 0.9400 0.3410 -0.0092
vn 0.9796 0.2009 -0.0060
vn 0.9914 -0.0237 0.1283
vn 0.9970 0.0123 0.0765
vn 0.8642 0.4968 0.0802
vn -0.2682 -0.9610 -0.0668
vn -0.4343 -0.9001 -0.0333
vn -0.7805 -0.6216 -0.0670
vn -0.7788 -0.6253 -0.0494
vn -0.8105 -0.5809 -0.0748
vn -0.7474 -0.6621 -0.0547
vn -0.7943 -0.6052 -0.0533
vn -0.6447 -0.7618 0.0628
vn -0.6969 -0.7064 0.1238
vn -0.7124 -0.6985 0.0684
vn -0.2989 -0.9514 -0.0747
vn -0.5071 -0.8604 -0.0502
vn -0.4487 -0.8929 -0.0372
vn -0.7281 -0.6783 -0.0984
vn -0.7279 -0.6843 -0.0428
vn -0.2546 -0.9666 -0.0295
vn -0.7388 -0.6677 0.0918
vn -0.7456 -0.6441 0.1708
vn -0.2672 -0.9547 0.1310
vn -0.5443 -0.8360 0.0689
vn -0.5997 -0.7982 0.0571
vn -0.4985 -0.8561 0.1362
vn -0.7745 -0.6311 -0.0437
vn -0.8472 -0.5274 -0.0637
vn -0.7246 -0.6885 0.0289
vn -0.7670 -0.6351 0.0915
vn -0.7735 -0.6331 0.0299
vn -0.6229 -0.7817 -0.0310
vn -0.7041 -0.7094 -0.0316
vn -0.8053 -0.5905 -0.0526
vn -0.8315 -0.5506 -0.0733
vn -0.7654 -0.6418 -0.0485
vn -0.5204 -0.8539 -0.0000
vn -0.6012 -0.7989 -0.0171
vn -0.5318 -0.8448 0.0600
vn -0.1284 -0.9899 0.0598
vn -0.7564 -0.6326 0.1664
vn -0.7435 -0.6627 0.0899
vn -0.8165 -0.5763 -0.0349
vn -0.7972 -0.6029 -0.0333
vn -0.7564 -0.6535 -0.0291
vn 0.9809 -0.1937 -0.0200
vn 0.9765 -0.2155 0.0090
vn 0.5916 -0.8054 -0.0372
vn 0.6929 -0.7210 0.0104
vn 0.8641 -0.4989 0.0668
vn 0.6238 -0.7792 0.0619
vn 0.5776 -0.8163 0.0046
vn 0.7998 -0.5989 -0.0398
vt 0.042969 0.125000
vt 0.066406 0.164062
vt 0.058594 0.101562
vt 0.093750 0.164062
vt 0.074219 0.097656
vt 0.101562 0.156250
vt 0.121094 0.093750
vt 0.132812 0.097656
vt 0.082031 0.078125
vt 0.121094 0.074219
vt 0.109375 0.054688
vt 0.136719 0.132812
vt 0.132812 0.144531
vt 0.121094 0.164062
vt 0.140625 0.164062
vt 0.054688 0.117188
vt 0.070312 0.093750
vt 0.113281 0.160156
vt 0.132812 0.144531
vt 0.140625 0.164062
vt 0.027344 0.140625
vt 0.039062 0.164062
vt 0.062500 0.167969
vt 0.089844 0.167969
vt 0.140625 0.132812
vt 0.140625 0.109375
vt 0.093750 0.066406
vt 0.136719 0.089844
vt 0.121094 0.078125
vt 0.117188 0.070312
vt 0.703125 0.984375
vt 0.703125 0.750000
vt 0.644531 0.753906
vt 0.703125 0.519531
vt 0.027344 0.140625
vt 0.039062 0.164062
vt 0.042969 0.125000
vt 0.066406 0.164062
vt 0.140625 0.109375
vt 0.703125 0.984375
vt 0.800781 0.753906
vt 0.703125 0.750000
vt 0.703125 0.519531
vt 0.039062 0.164062
vt 0.027344 0.140625
vt 0.039062 0.164062
vt 0.027344 0.140625
vt 1.347656 0.667969
vt 1.410156 0.828125
vt 1.410156 0.515625
vt 0.996094 0.812500
vt 1.093750 0.988281
vt 1.078125 0.812500
vt 1.078125 0.812500
vt 1.187500 0.812500
vt 1.089844 0.515625
vt 1.187500 0.812500
vt 1.167969 0.988281
vt 1.222656 0.812500
vt 1.222656 0.812500
vt 1.207031 0.988281
vt 1.324219 0.988281
vt 1.410156 0.828125
vt 1.347656 0.667969
vt 1.324219 0.988281
vt 1.222656 0.812500
vt 1.289062 0.746094
vt 1.195312 0.515625
vt 0.996094 0.812500
vt 0.996094 0.988281
vt 1.093750 0.988281
vt 0.996094 0.515625
vt 0.996094 0.812500
vt 1.089844 0.515625
vt 0.250000 0.750000
vt 0.230469 0.980469
vt 0.398438 0.980469
vt -0.070312 0.750000
vt -0.117188 0.828125
vt -0.011719 0.980469
vt 0.136719 0.750000
vt 0.230469 0.980469
vt 0.250000 0.750000
vt 0.136719 0.750000
vt 0.171875 0.980469
vt 0.230469 0.980469
vt 1.078125 0.812500
vt 1.167969 0.988281
vt 1.187500 0.812500
vt 1.093750 0.988281
vt 1.167969 0.988281
vt 1.078125 0.812500
vt 1.347656 0.667969
vt 1.289062 0.746094
vt 1.324219 0.988281
vt 1.222656 0.812500
vt 1.324219 0.988281
vt 1.289062 0.746094
vt 1.167969 0.988281
vt 1.207031 0.988281
vt 1.222656 0.812500
vt 1.289062 0.746094
vt 1.347656 0.667969
vt 1.296875 0.515625
vt 1.187500 0.812500
vt 1.222656 0.812500
vt 1.195312 0.515625
vt 1.187500 0.812500
vt 1.195312 0.515625
vt 1.089844 0.515625
vt 1.347656 0.667969
vt 1.410156 0.515625
vt 1.296875 0.515625
vt 1.289062 0.746094
vt 1.296875 0.515625
vt 1.195312 0.515625
vt 0.996094 0.812500
vt 1.078125 0.812500
vt 1.089844 0.515625
vt 0.828125 0.988281
vt 0.800781 0.753906
vt 0.703125 0.984375
vt 0.109375 0.054688
vt 0.472656 0.785156
vt 0.527344 0.519531
vt 0.464844 0.519531
vt 0.539062 0.753906
vt 0.527344 0.519531
vt 0.472656 0.785156
vt 0.644531 0.753906
vt 0.527344 0.519531
vt 0.539062 0.753906
vt 0.593750 0.515625
vt 0.644531 0.753906
vt 0.703125 0.519531
vt 0.644531 0.753906
vt 0.539062 0.753906
vt 0.593750 0.988281
vt 0.644531 0.753906
vt 0.644531 0.988281
vt 0.703125 0.984375
vt 0.644531 0.753906
vt 0.593750 0.515625
vt 0.527344 0.519531
vt 0.539062 0.753906
vt 0.472656 0.785156
vt 0.492188 0.988281
vt 0.472656 0.785156
vt 0.464844 0.519531
vt 0.394531 0.792969
vt 0.492188 0.988281
vt 0.472656 0.785156
vt 0.394531 0.792969
vt 0.886719 0.988281
vt 0.894531 0.800781
vt 0.828125 0.988281
vt 0.988281 0.988281
vt 0.988281 0.820312
vt 0.886719 0.988281
vt 0.824219 0.519531
vt 0.703125 0.519531
vt 0.800781 0.753906
vt 0.886719 0.519531
vt 0.800781 0.753906
vt 0.894531 0.800781
vt 0.886719 0.519531
vt 0.894531 0.800781
vt 0.988281 0.519531
vt 0.988281 0.519531
vt 0.894531 0.800781
vt 0.988281 0.820312
vt 0.894531 0.800781
vt 0.800781 0.753906
vt 0.828125 0.988281
vt 0.824219 0.519531
vt 0.800781 0.753906
vt 0.886719 0.519531
vt 0.988281 0.820312
vt 0.894531 0.800781
vt 0.886719 0.988281
vt 0.136719 0.750000
vt 0.105469 0.980469
vt 0.171875 0.980469
vt 0.003906 0.750000
vt -0.011719 0.980469
vt 0.105469 0.980469
vt 0.003906 0.750000
vt -0.070312 0.750000
vt -0.011719 0.980469
vt 0.250000 0.750000
vt 0.140625 0.515625
vt 0.136719 0.750000
vt 0.136719 0.750000
vt 0.066406 0.750000
vt 0.105469 0.980469
vt 0.398438 0.750000
vt 0.250000 0.750000
vt 0.398438 0.980469
vt 0.398438 0.750000
vt 0.296875 0.515625
vt 0.250000 0.750000
vt 0.140625 0.515625
vt 0.066406 0.750000
vt 0.136719 0.750000
vt 0.140625 0.515625
vt 0.027344 0.515625
vt 0.066406 0.750000
vt 0.003906 0.750000
vt -0.132812 0.519531
vt -0.070312 0.750000
vt 0.003906 0.750000
vt 0.027344 0.515625
vt -0.132812 0.519531
vt 0.066406 0.750000
vt 0.027344 0.515625
vt 0.003906 0.750000
vt -0.070312 0.750000
vt -0.132812 0.519531
vt -0.117188 0.828125
vt 0.398438 0.750000
vt 0.398438 0.515625
vt 0.296875 0.515625
vt 0.250000 0.750000
vt 0.296875 0.515625
vt 0.140625 0.515625
vt 0.066406 0.750000
vt 0.003906 0.750000
vt 0.105469 0.980469
vt 0.539062 0.753906
vt 0.492188 0.988281
vt 0.593750 0.988281
vt 0.644531 0.753906
vt 0.593750 0.988281
vt 0.644531 0.988281
vt 0.492188 0.988281
vt 0.394531 0.792969
vt 0.394531 0.988281
vt 0.464844 0.519531
vt 0.394531 0.519531
vt 0.394531 0.792969
s 0
usemtl Z_tri_in
f 376/376/247 375/375/247 374/374/247
f 376/376/247 377/377/247 375/375/247
f 378/378/247 377/377/247 376/376/247
f 378/378/247 379/379/247 377/377/247
f 380/380/247 379/379/247 378/378/247
f 380/380/247 381/381/247 379/379/247
f 382/382/247 380/380/247 378/378/247
f 382/382/247 383/383/247 380/380/247
f 384/384/247 383/383/247 382/382/247
f 386/386/247 379/379/247 385/385/247
f 386/386/247 387/387/247 379/379/247
f 388/388/247 387/387/247 386/386/247
f 391/391/248 390/390/248 389/389/248
f 391/391/248 392/392/248 390/390/248
f 393/393/248 392/392/248 391/391/248
f 395/395/248 389/389/248 394/394/248
f 395/395/248 396/396/248 389/389/248
f 397/397/248 389/389/248 396/396/248
f 397/397/248 391/391/248 389/389/248
f 398/398/248 390/390/248 392/392/248
f 398/398/248 399/399/248 390/390/248
f 399/399/248 400/400/248 390/390/248
f 399/399/248 401/401/248 400/400/248
f 402/402/248 400/400/248 401/401/248
f 402/402/248 403/403/248 400/400/248
s 1
f 406/406/249 405/405/250 404/404/251
f 406/406/249 407/407/251 405/405/250
s 0
f 410/410/252 409/409/252 408/408/252
f 410/410/252 411/411/252 409/409/252
f 412/412/247 379/379/247 381/381/247
f 412/412/247 385/385/247 379/379/247
s 1
f 415/415/253 414/414/254 413/413/255
f 415/415/253 416/416/255 414/414/254
s 0
f 419/419/256 418/418/256 417/417/256
f 419/419/256 420/420/256 418/418/256
s 1
f 423/423/257 422/422/257 421/421/258
f 426/426/259 425/425/260 424/424/261
f 429/429/262 428/428/263 427/427/264
f 432/432/265 431/431/266 430/430/267
f 435/435/268 434/434/268 433/433/269
f 438/438/270 437/437/271 436/436/270
f 441/441/272 440/440/273 439/439/274
f 444/444/275 443/443/275 442/442/276
f 447/447/277 446/446/278 445/445/277
f 450/450/279 449/449/279 448/448/280
f 453/453/281 452/452/281 451/451/282
f 456/456/283 455/455/284 454/454/285
f 459/459/286 458/458/286 457/457/287
f 462/462/288 461/461/289 460/460/290
f 465/465/291 464/464/292 463/463/292
f 468/468/293 467/467/294 466/466/295
f 471/471/296 470/470/297 469/469/298
f 474/474/299 473/473/300 472/472/300
f 477/477/301 476/476/302 475/475/303
f 480/480/304 479/479/305 478/478/306
f 483/483/307 482/482/307 481/481/308
f 486/486/309 485/485/309 484/484/310
f 489/489/311 488/488/311 487/487/312
f 492/492/313 491/491/314 490/490/315
f 495/495/316 494/494/317 493/493/316
s 0
f 496/496/248 400/400/248 403/403/248
s 1
f 499/499/318 498/498/318 497/497/319
f 502/502/320 501/501/321 500/500/322
f 505/505/323 504/504/324 503/503/325
f 508/508/326 507/507/327 506/506/326
f 511/511/328 510/510/329 509/509/330
f 514/514/331 513/513/331 512/512/332
f 517/517/333 516/516/333 515/515/334
f 520/520/335 519/519/336 518/518/337
f 523/523/338 522/522/339 521/521/340
f 526/526/341 525/525/342 524/524/343
f 529/529/344 528/528/345 527/527/344
f 532/532/346 531/531/347 530/530/346
f 535/535/348 534/534/349 533/533/349
f 538/538/350 537/537/351 536/536/352
f 541/541/353 540/540/354 539/539/353
f 544/544/355 543/543/356 542/542/357
f 547/547/358 546/546/359 545/545/360
f 550/550/361 549/549/362 548/548/361
f 553/553/363 552/552/364 551/551/365
f 556/556/366 555/555/366 554/554/367
f 559/559/368 558/558/368 557/557/369
f 562/562/370 561/561/371 560/560/372
f 565/565/373 564/564/374 563/563/375
f 568/568/376 567/567/377 566/566/378
f 571/571/379 570/570/380 569/569/381
f 574/574/382 573/573/383 572/572/384
f 577/577/385 576/576/386 575/575/387
f 580/580/388 579/579/389 578/578/389
f 583/583/390 582/582/391 581/581/392
f 586/586/393 585/585/393 584/584/394
f 589/589/395 588/588/396 587/587/397
f 592/592/398 591/591/398 590/590/399
f 595/595/400 594/594/400 593/593/401
f 598/598/402 597/597/402 596/596/403
f 601/601/404 600/600/405 599/599/406
f 604/604/407 603/603/407 602/602/408
f 607/607/409 606/606/409 605/605/410
f 610/610/411 609/609/412 608/608/411
f 613/613/413 612/612/414 611/611/414
o tforce3_shine
v 3.112142 7.602996 7.807662
v -1.482075 -2.614383 7.807666
v 1.628962 8.519792 7.807662
v -3.937560 -1.928999 7.807664
v -3.218716 8.654909 7.807662
v -7.063435 1.995665 7.807664
v -7.623129 8.654905 2.678779
v -9.837838 4.818916 2.678782
v -7.623129 8.654902 -7.807666
v -0.078370 -5.403347 7.807666
v 6.713462 -3.335374 7.807665
v 8.340993 -2.139961 7.807664
v 9.442997 -0.601920 7.807664
v 0.909934 9.547695 -7.807670
v -3.356598 9.547695 -7.807670
v 5.176465 7.701283 -7.807666
v 8.642062 5.569293 -7.807666
v 9.442997 8.654902 -7.807666
v 4.277997 -9.547703 -7.807660
v 6.020842 -7.220237 -7.807662
v 1.553247 -7.832530 -7.807662
v 6.646252 -5.445992 -7.807662
v 8.813584 -3.925843 -7.807662
v 9.442997 -0.601928 -7.807666
v 9.442997 3.361149 -7.807664
v -2.422493 -3.079244 -7.807666
v -4.879178 0.867216 -7.807666
v -9.837835 4.818913 -7.807666
v 4.278000 -9.547692 7.807668
v 6.114833 -6.366406 7.807665
v 9.285542 3.482939 7.807662
v 8.642062 5.569294 7.807662
v 6.277569 8.401075 7.807662
v 9.442997 8.654909 7.807662
vn -0.0000 -0.0000 1.0000
vn -0.2557 0.1476 0.9554
vn -0.5114 0.2952 0.8071
vn -0.7873 0.4546 0.4165
vn -0.8470 0.4890 0.2083
vn -0.3873 0.2236 -0.8944
vn -0.0000 -0.0000 -1.0000
vn -0.6124 0.3535 -0.7071
vt 0.652344 0.859375
vt 0.437500 0.378906
vt 0.582031 0.902344
vt 0.324219 0.410156
vt 0.355469 0.910156
vt 0.175781 0.597656
vt 0.152344 0.910156
vt 0.046875 0.730469
vt 0.152344 0.910156
vt 0.503906 0.246094
vt 0.820312 0.343750
vt 0.898438 0.402344
vt 0.949219 0.472656
vt 0.550781 0.953125
vt 0.351562 0.953125
vt 0.750000 0.863281
vt 0.910156 0.765625
vt 0.949219 0.910156
vt 0.707031 0.050781
vt 0.789062 0.160156
vt 0.578125 0.132812
vt 0.816406 0.246094
vt 0.917969 0.316406
vt 0.949219 0.472656
vt 0.949219 0.660156
vt 0.394531 0.355469
vt 0.281250 0.542969
vt 0.046875 0.730469
vt 0.707031 0.050781
vt 0.792969 0.203125
vt 0.941406 0.667969
vt 0.910156 0.765625
vt 0.800781 0.898438
vt 0.949219 0.910156
s 0
usemtl SC_tri_out
f 616/616/415 615/615/415 614/614/415
f 616/616/415 617/617/415 615/615/415
s 1
f 618/618/416 617/617/415 616/616/415
f 618/618/416 619/619/417 617/617/415
f 620/620/418 619/619/417 618/618/416
f 620/620/418 621/621/419 619/619/417
f 622/622/420 621/621/419 620/620/418
s 0
f 624/624/415 615/615/415 623/623/415
f 624/624/415 614/614/415 615/615/415
f 625/625/415 614/614/415 624/624/415
f 625/625/415 626/626/415 614/614/415
f 629/629/421 628/628/421 627/627/421
f 629/629/421 630/630/421 628/628/421
f 631/631/421 630/630/421 629/629/421
f 634/634/421 633/633/421 632/632/421
f 634/634/421 635/635/421 633/633/421
f 636/636/421 635/635/421 634/634/421
f 634/634/421 637/637/421 636/636/421
f 634/634/421 628/628/421 637/637/421
s 1
f 622/622/420 628/628/421 634/634/421
s 0
f 638/638/421 628/628/421 630/630/421
f 638/638/421 637/637/421 628/628/421
s 1
f 639/639/421 622/622/420 634/634/421
f 639/639/421 640/640/421 622/622/420
f 641/641/422 622/622/420 640/640/421
f 641/641/422 621/621/419 622/622/420
s 0
f 643/643/415 623/623/415 642/642/415
f 643/643/415 624/624/415 623/623/415
f 644/644/415 614/614/415 626/626/415
f 644/644/415 645/645/415 614/614/415
f 645/645/415 646/646/415 614/614/415
f 645/645/415 647/647/415 646/646/415
o tforce4
v 2.303975 -9.892838 7.733542
v -0.268152 -8.692124 7.733541
v -5.743732 8.796128 7.727186
v -5.419502 -8.388342 7.733541
v -7.663557 -5.279542 7.727190
v -8.451415 -8.912663 7.729304
v -7.663557 -3.281371 7.727190
v -9.136930 -1.301952 7.727188
v -8.451416 1.986701 7.727186
v -3.811222 9.252939 7.727186
v 6.443611 -8.508977 7.727190
v 6.075389 -8.903623 7.728776
v -1.467103 -9.019572 -7.727186
v -1.700670 8.521362 -7.733541
v -5.041462 -9.150765 -7.727186
v -8.053164 -5.279546 -7.733538
v -8.451416 -8.912669 -7.731421
v -7.686633 1.986692 -7.733538
v -8.438176 5.619812 -7.733541
v -3.950918 9.503008 -7.733542
v -6.297128 9.229136 -7.733541
v -9.106340 5.210354 7.727188
v -7.354791 8.901289 7.727187
v 0.549579 9.252934 -7.733541
v 9.136932 -5.620800 -7.733538
v 6.075389 -8.903631 -7.731946
v 2.303975 -10.153850 -7.727182
v -8.451416 -1.646429 -7.733538
v 9.136932 -5.620798 2.649083
v 6.443611 -8.508977 7.727190
v 0.549577 9.252937 2.649079
v -3.811222 9.252939 7.727186
v 0.549579 9.252934 -7.733541
v 9.136932 -5.620800 -7.733538
v 0.549577 9.252937 2.649079
v 9.136932 -5.620798 2.649083
v -8.451416 9.252934 -7.733541
v -6.552926 10.153845 -0.003180
v -8.451416 9.252937 -0.003179
v -8.451416 9.252941 7.727186
v -9.136930 -1.301952 7.727188
v -7.477891 0.573901 1.416222
v -8.451416 1.986701 7.727186
v -8.155296 -8.083272 1.452736
v -8.053164 -5.279546 -7.733538
v -8.303303 -6.374908 2.794726
v -7.361028 3.385872 1.664847
v -7.477891 0.573901 1.416222
v -7.686633 1.986692 -7.733538
v -8.053164 -5.279546 -7.733538
v -8.155296 -8.083272 1.452736
v -8.451416 -8.912669 -7.731421
v -8.303303 -6.374908 2.794726
v -8.451415 -8.912663 7.729304
v -8.155296 -8.083272 1.452736
v 5.473176 -8.464880 0.000004
v 2.303975 -9.892838 7.733542
v 6.075389 -8.903623 7.728776
v -6.459917 -7.817584 2.508278
v -8.451415 -8.912663 7.729304
v -5.419502 -8.388342 7.733541
v -7.477891 0.573901 1.416222
v -8.451415 -1.646425 -0.003175
v -8.451416 -1.646429 -7.733538
v -1.467103 -8.906289 0.003180
v -5.419502 -8.388342 7.733541
v -0.268152 -8.692124 7.733541
v 2.303975 -8.904801 -1.178397
v -0.268152 -8.692124 7.733541
v 2.303975 -9.892838 7.733542
v 5.473176 -8.464880 0.000004
v 2.303975 -10.153850 -7.727182
v 2.303975 -8.904801 -1.178397
v -6.459917 -7.817584 2.508278
v -8.451416 -8.912669 -7.731421
v -8.155296 -8.083272 1.452736
v -8.451416 -1.646429 -7.733538
v -7.240067 -4.010666 1.760198
v -8.053164 -5.279546 -7.733538
v -8.451416 -1.646429 -7.733538
v -8.451415 -1.646425 -0.003175
v -7.240067 -4.010666 1.760198
v -7.686633 1.986692 -7.733538
v -7.477891 0.573901 1.416222
v -8.451416 -1.646429 -7.733538
v -7.686633 1.986692 -7.733538
v -8.451416 5.210353 -0.003175
v -7.361028 3.385872 1.664847
v -8.438176 5.619812 -7.733541
v -8.451416 5.210353 -0.003175
v -7.686633 1.986692 -7.733538
v -8.438176 5.619812 -7.733541
v -8.451416 9.252937 -0.003179
v -8.451416 5.210353 -0.003175
v -8.451416 9.252934 -7.733541
v -8.451416 9.252937 -0.003179
v -8.438176 5.619812 -7.733541
v -8.303303 -6.374908 2.794726
v -7.663557 -5.279542 7.727190
v -8.451415 -8.912663 7.729304
v -8.451416 5.210353 -0.003175
v -8.451416 9.252941 7.727186
v -9.106340 5.210354 7.727188
v -8.451416 9.252941 7.727186
v -8.451416 5.210353 -0.003175
v -8.451416 9.252937 -0.003179
v -7.663557 -3.281371 7.727190
v -7.240067 -4.010666 1.760198
v -8.451415 -1.646425 -0.003175
v -8.451416 1.986701 7.727186
v -7.477891 0.573901 1.416222
v -7.361028 3.385872 1.664847
v -9.106340 5.210354 7.727188
v -7.361028 3.385872 1.664847
v -8.451416 5.210353 -0.003175
v -9.106340 5.210354 7.727188
v -8.451416 1.986701 7.727186
v -7.361028 3.385872 1.664847
v -7.240067 -4.010666 1.760198
v -8.303303 -6.374908 2.794726
v -8.053164 -5.279546 -7.733538
v -7.663557 -5.279542 7.727190
v -7.240067 -4.010666 1.760198
v -7.663557 -3.281371 7.727190
v -7.663557 -5.279542 7.727190
v -8.303303 -6.374908 2.794726
v -7.240067 -4.010666 1.760198
v -7.663557 -3.281371 7.727190
v -8.451415 -1.646425 -0.003175
v -9.136930 -1.301952 7.727188
v -8.451415 -1.646425 -0.003175
v -7.477891 0.573901 1.416222
v -9.136930 -1.301952 7.727188
v 6.815283 -6.699971 -0.748334
v 9.136932 -5.620800 -7.733538
v 6.075389 -8.903631 -7.731946
v 6.815283 -6.699971 -0.748334
v 6.075389 -8.903631 -7.731946
v 5.473176 -8.464880 0.000004
v 9.136932 -5.620800 -7.733538
v 6.815283 -6.699971 -0.748334
v 9.136932 -5.620798 2.649083
v 6.815283 -6.699971 -0.748334
v 5.473176 -8.464880 0.000004
v 6.075389 -8.903623 7.728776
v 6.815283 -6.699971 -0.748334
v 6.075389 -8.903623 7.728776
v 6.443611 -8.508977 7.727190
v 6.815283 -6.699971 -0.748334
v 6.443611 -8.508977 7.727190
v 9.136932 -5.620798 2.649083
v -2.755945 8.521364 -0.003179
v -4.293243 9.578430 -0.003179
v -1.700670 8.521362 -7.733541
v -4.293243 9.578430 -0.003179
v -6.552926 10.153845 -0.003180
v -3.950918 9.503008 -7.733542
v -7.354791 8.901289 7.727187
v -6.552926 10.153845 -0.003180
v -5.743732 8.796128 7.727186
v -5.743732 8.796128 7.727186
v -4.293243 9.578430 -0.003179
v -2.755945 8.521364 -0.003179
v -3.811222 9.252939 7.727186
v -5.743732 8.796128 7.727186
v -2.755945 8.521364 -0.003179
v -5.743732 8.796128 7.727186
v -6.552926 10.153845 -0.003180
v -4.293243 9.578430 -0.003179
v -7.354791 8.901289 7.727187
v -8.451416 9.252941 7.727186
v -6.552926 10.153845 -0.003180
v -3.811222 9.252939 7.727186
v -2.755945 8.521364 -0.003179
v 0.549577 9.252937 2.649079
v 0.549577 9.252937 2.649079
v -2.755945 8.521364 -0.003179
v -1.700670 8.521362 -7.733541
v 0.549579 9.252934 -7.733541
v 0.549577 9.252937 2.649079
v -1.700670 8.521362 -7.733541
v -1.700670 8.521362 -7.733541
v -4.293243 9.578430 -0.003179
v -3.950918 9.503008 -7.733542
v -3.950918 9.503008 -7.733542
v -6.552926 10.153845 -0.003180
v -6.297128 9.229136 -7.733541
v -6.297128 9.229136 -7.733541
v -6.552926 10.153845 -0.003180
v -8.451416 9.252934 -7.733541
v -8.451416 9.252941 7.727186
v -8.451416 9.252934 -7.733541
v -6.459917 -7.817584 2.508278
v -8.155296 -8.083272 1.452736
v -8.451415 -8.912663 7.729304
v -6.459917 -7.817584 2.508278
v -5.041462 -9.150765 -7.727186
v -8.451416 -8.912669 -7.731421
v -1.467103 -8.906289 0.003180
v -1.467103 -9.019572 -7.727186
v -5.041462 -9.150765 -7.727186
v -1.467103 -8.906289 0.003180
v -6.459917 -7.817584 2.508278
v -5.419502 -8.388342 7.733541
v 2.303975 -8.904801 -1.178397
v 2.303975 -10.153850 -7.727182
v -1.467103 -8.906289 0.003180
v 5.473176 -8.464880 0.000004
v 2.303975 -8.904801 -1.178397
v 2.303975 -9.892838 7.733542
v 5.473176 -8.464880 0.000004
v 6.075389 -8.903631 -7.731946
v 2.303975 -10.153850 -7.727182
v 2.303975 -8.904801 -1.178397
v -1.467103 -8.906289 0.003180
v -0.268152 -8.692124 7.733541
v 2.303975 -10.153850 -7.727182
v -1.467103 -9.019572 -7.727186
v -1.467103 -8.906289 0.003180
v -1.467103 -8.906289 0.003180
v -5.041462 -9.150765 -7.727186
v -6.459917 -7.817584 2.508278
vn 0.0002 0.0004 1.0000
vn 0.0005 0.0005 1.0000
vn -0.0000 0.0004 1.0000
vn -0.0012 0.0005 1.0000
vn -0.0012 0.0004 1.0000
vn 0.0001 0.0003 1.0000
vn -0.0013 0.0004 1.0000
vn -0.0016 0.0009 1.0000
vn -0.0000 -0.0000 1.0000
vn -0.0014 0.0004 1.0000
vn 0.0012 0.0008 1.0000
vn 0.0019 0.0013 1.0000
vn 0.0014 0.0009 1.0000
vn 0.0008 0.0006 1.0000
vn 0.0017 0.0012 1.0000
vn 0.0007 -0.0005 -1.0000
vn -0.0000 -0.0004 -1.0000
vn 0.0013 -0.0006 -1.0000
vn -0.0000 -0.0002 -1.0000
vn 0.0012 -0.0007 -1.0000
vn -0.0000 -0.0000 -1.0000
vn -0.0003 -0.0002 -1.0000
vn -0.0011 -0.0006 -1.0000
vn -0.0005 -0.0004 -1.0000
vn -0.0006 -0.0004 -1.0000
vn -0.0001 -0.0004 -1.0000
vn 0.0002 -0.0000 -1.0000
vn 0.0008 -0.0004 -1.0000
vn 0.6949 0.4012 0.5968
vn 0.8660 0.5000 -0.0000
vn -0.7091 0.7051 -0.0002
vn -0.2265 0.9739 0.0169
vn -0.4287 0.9034 -0.0000
vn -0.9606 0.2002 -0.1930
vn -0.9680 0.2154 -0.1284
vn -0.9978 0.0656 -0.0108
vn -0.9976 -0.0627 -0.0302
vn -0.9395 -0.3411 -0.0302
vn -0.9988 0.0390 0.0288
vn -0.9907 0.1351 -0.0173
vn -0.9952 -0.0963 -0.0197
vn -0.9938 0.1090 0.0222
vn -0.9658 -0.2593 -0.0030
vn -0.9421 -0.3327 -0.0422
vn -0.9976 -0.0448 -0.0530
vn -0.9970 0.0746 -0.0222
vn 0.2529 -0.9646 -0.0745
vn 0.3415 -0.9394 -0.0300
vn 0.1689 -0.9756 -0.1402
vn 0.0870 -0.9937 -0.0709
vn -0.9158 0.4016 -0.0000
vn -0.9911 0.1316 -0.0176
vn -0.9479 0.3171 -0.0318
vn -0.0588 -0.9976 0.0368
vn -0.0759 -0.9962 0.0419
vn -0.4209 -0.9016 -0.1000
vn -0.2273 -0.9733 -0.0309
vn 0.0219 -0.9933 0.1137
vn 0.0665 -0.9801 0.1869
vn 0.2518 -0.9623 0.1029
vn -0.4060 -0.9132 0.0336
vn 0.1016 -0.9911 0.0862
vn 0.0530 -0.9977 0.0428
vn -0.9891 -0.1084 0.0992
vn -0.9959 -0.0711 0.0558
vn -0.9680 -0.2508 0.0062
vn -0.9518 -0.3063 -0.0171
vn -0.8900 -0.4560 -0.0000
vn -0.9771 0.2057 0.0541
vn -0.9759 0.2181 -0.0047
vn -0.9403 -0.3401 0.0146
vn -0.9478 -0.3159 0.0428
vn -0.8909 -0.4438 0.0969
vn -0.9792 -0.2026 -0.0124
vn -0.9814 -0.1917 -0.0123
vn -0.9958 -0.0908 -0.0070
vn -0.9762 0.2169 -0.0010
vn -1.0000 -0.0000 -0.0017
vn -1.0000 -0.0036 -0.0000
vn -0.9766 0.2151 -0.0002
vn -0.9742 0.2113 0.0794
vn -0.9783 0.2022 0.0441
vn -0.9837 0.1594 -0.0833
vn -0.9988 -0.0109 -0.0485
vn -0.9762 0.2169 -0.0002
vn -0.9959 -0.0908 -0.0061
vn -1.0000 -0.0000 -0.0000
vn -0.9510 -0.3085 -0.0206
vn -0.9675 -0.2530 0.0027
vn -0.8879 -0.4600 -0.0068
vn -0.9892 -0.0881 -0.1174
vn -0.9830 0.1433 -0.1144
vn -0.9848 0.0555 -0.1643
vn -0.9250 -0.3777 -0.0420
vn -0.9137 -0.4004 -0.0701
vn -0.8268 -0.5582 -0.0700
vn -0.9667 -0.2126 -0.1428
vn -0.9566 -0.1944 -0.2169
vn -0.9082 0.4180 0.0219
vn -0.9514 0.3076 0.0154
vn -0.9801 0.1975 0.0175
vn -0.9975 -0.0000 -0.0708
vn -0.9994 -0.0168 -0.0293
vn -0.9800 0.1981 0.0189
vn -0.9512 0.3081 0.0168
vn -0.9077 0.4190 0.0247
vn -0.8014 -0.5965 -0.0445
vn -0.9224 -0.3841 -0.0403
vn -0.8866 0.4519 -0.0988
vn -0.9357 0.3433 -0.0816
vn -0.9848 0.1593 -0.0697
vn 0.7245 -0.6756 0.1364
vn 0.7086 -0.7032 0.0580
vn 0.6404 -0.7659 0.0572
vn 0.8115 -0.5764 0.0959
vn 0.7544 -0.6553 0.0378
vn 0.4215 -0.9068 -0.0000
vn 0.5619 -0.8271 -0.0104
vn 0.7723 -0.6279 -0.0958
vn 0.6157 -0.7869 -0.0416
vn 0.7320 -0.6788 -0.0583
vn 0.7263 -0.6781 -0.1129
vn 0.7080 -0.7030 -0.0668
vn 0.5835 -0.7990 -0.1450
vn 0.6381 -0.7655 -0.0831
vn 0.5649 0.8215 0.0771
vn 0.4887 0.8687 0.0812
vn 0.3546 0.9342 0.0400
vn 0.2468 0.9691 0.0015
vn 0.1174 0.9929 0.0175
vn 0.3292 0.9433 0.0432
vn 0.0642 0.9840 0.1661
vn 0.0252 0.9947 0.0999
vn 0.3515 0.9312 0.0967
vn 0.4852 0.8637 0.1362
vn 0.5567 0.8096 0.1864
vn -0.0532 0.9967 -0.0620
vn -0.2283 0.9658 -0.1226
vn 0.3278 0.9378 0.1142
vn 0.1163 0.9892 0.0889
vn 0.2442 0.9591 0.1429
vn 0.1455 0.9833 0.1097
vn 0.3002 0.9362 0.1828
vn -0.1291 0.9854 -0.1109
vn -0.0028 0.9984 -0.0556
vn -0.1955 0.9803 -0.0267
vn -0.0364 0.9993 -0.0131
vn -0.3092 0.9510 -0.0000
vn 0.3998 0.9165 0.0088
vn 0.4045 0.9134 0.0467
vn -0.1151 0.9859 -0.1217
vn -0.0647 0.9969 -0.0444
vn 0.0110 0.9929 -0.1184
vn -0.0015 0.9991 -0.0427
vn 0.2246 -0.9674 -0.1172
vn -0.3477 -0.9336 -0.0868
vn 0.1152 -0.9916 -0.0594
vn -0.0693 -0.9904 0.1194
vn -0.0326 -0.9977 0.0594
vn 0.0367 -0.9992 0.0146
vn -0.0282 -0.9991 0.0310
vn -0.2404 -0.9689 -0.0580
vn -0.1190 -0.9925 -0.0295
vn -0.1674 -0.9859 -0.0054
vn -0.0171 -0.9929 0.1177
vn 0.0590 -0.9806 0.1870
vn 0.0181 -0.9934 0.1137
vn 0.1761 -0.9784 -0.1085
vn 0.0772 -0.9964 -0.0347
vn 0.3045 -0.9513 -0.0474
vn 0.3138 -0.9463 0.0781
vn 0.3711 -0.9274 0.0464
vn 0.0087 -0.9996 0.0264
vn -0.0422 -0.9984 0.0367
vn -0.0071 -0.9994 0.0330
vn -0.1915 -0.9810 0.0307
vn -0.2880 -0.9575 0.0140
vn -0.0788 -0.9955 0.0526
vn -0.1610 -0.9813 0.1055
vn -0.1271 -0.9889 0.0764
vt 0.113281 0.062500
vt 0.097656 0.066406
vt 0.066406 0.156250
vt 0.070312 0.070312
vt 0.054688 0.085938
vt 0.050781 0.066406
vt 0.054688 0.093750
vt 0.046875 0.105469
vt 0.050781 0.121094
vt 0.078125 0.160156
vt 0.136719 0.066406
vt 0.132812 0.066406
vt 0.089844 0.066406
vt 0.089844 0.156250
vt 0.070312 0.066406
vt 0.054688 0.085938
vt 0.050781 0.066406
vt 0.054688 0.121094
vt 0.050781 0.140625
vt 0.078125 0.160156
vt 0.062500 0.160156
vt 0.046875 0.140625
vt 0.058594 0.156250
vt 0.101562 0.160156
vt 0.152344 0.082031
vt 0.132812 0.066406
vt 0.113281 0.058594
vt 0.050781 0.105469
vt 0.152344 0.082031
vt 0.136719 0.066406
vt 0.101562 0.160156
vt 0.078125 0.160156
vt 0.101562 0.160156
vt 0.152344 0.082031
vt 0.101562 0.160156
vt 0.152344 0.082031
vt 0.394531 0.519531
vt 0.335938 0.753906
vt 0.398438 0.753906
vt 0.398438 0.992188
vt 0.710938 0.519531
vt 0.675781 0.707031
vt 0.617188 0.519531
vt 0.914062 0.707031
vt 0.843750 0.980469
vt 0.898438 0.667969
vt 0.593750 0.703125
vt 0.675781 0.707031
vt 0.621094 0.980469
vt 0.843750 0.980469
vt 0.914062 0.707031
vt 0.949219 0.980469
vt 0.898438 0.667969
vt 0.953125 0.519531
vt 0.914062 0.707031
vt 0.972656 0.750000
vt 0.832031 0.519531
vt 0.972656 0.519531
vt 0.574219 0.675781
vt 0.480469 0.519531
vt 0.589844 0.519531
vt 0.675781 0.707031
vt 0.730469 0.750000
vt 0.726562 0.980469
vt 0.714844 0.750000
vt 0.589844 0.519531
vt 0.757812 0.519531
vt 0.835938 0.785156
vt 0.757812 0.519531
vt 0.832031 0.519531
vt 0.972656 0.750000
vt 0.832031 0.980469
vt 0.835938 0.785156
vt 0.574219 0.675781
vt 0.480469 0.980469
vt 0.468750 0.707031
vt 0.726562 0.980469
vt 0.824219 0.699219
vt 0.843750 0.980469
vt 0.726562 0.980469
vt 0.730469 0.750000
vt 0.824219 0.699219
vt 0.621094 0.980469
vt 0.675781 0.707031
vt 0.726562 0.980469
vt 0.621094 0.980469
vt 0.515625 0.750000
vt 0.593750 0.703125
vt 0.500000 0.980469
vt 0.515625 0.750000
vt 0.621094 0.980469
vt 0.500000 0.980469
vt 0.390625 0.750000
vt 0.515625 0.750000
vt 0.390625 0.980469
vt 0.390625 0.750000
vt 0.500000 0.980469
vt 0.898438 0.667969
vt 0.847656 0.519531
vt 0.953125 0.519531
vt 0.515625 0.750000
vt 0.390625 0.519531
vt 0.507812 0.519531
vt 0.390625 0.519531
vt 0.515625 0.750000
vt 0.390625 0.750000
vt 0.785156 0.519531
vt 0.824219 0.699219
vt 0.730469 0.750000
vt 0.617188 0.519531
vt 0.675781 0.707031
vt 0.593750 0.703125
vt 0.507812 0.519531
vt 0.593750 0.703125
vt 0.515625 0.750000
vt 0.507812 0.519531
vt 0.617188 0.519531
vt 0.593750 0.703125
vt 0.824219 0.699219
vt 0.898438 0.667969
vt 0.843750 0.980469
vt 0.847656 0.519531
vt 0.824219 0.699219
vt 0.785156 0.519531
vt 0.847656 0.519531
vt 0.898438 0.667969
vt 0.824219 0.699219
vt 0.785156 0.519531
vt 0.730469 0.750000
vt 0.710938 0.519531
vt 0.730469 0.750000
vt 0.675781 0.707031
vt 0.710938 0.519531
vt 0.929688 0.753906
vt 0.984375 0.523438
vt 0.847656 0.523438
vt 0.929688 0.753906
vt 0.847656 0.523438
vt 0.855469 0.753906
vt 0.984375 0.523438
vt 0.929688 0.753906
vt 0.984375 0.832031
vt 0.929688 0.753906
vt 0.855469 0.753906
vt 0.847656 0.984375
vt 0.929688 0.753906
vt 0.847656 0.984375
vt 0.867188 0.984375
vt 0.929688 0.753906
vt 0.867188 0.984375
vt 0.984375 0.832031
vt 0.203125 0.753906
vt 0.257812 0.753906
vt 0.164062 0.519531
vt 0.257812 0.753906
vt 0.335938 0.753906
vt 0.242188 0.519531
vt 0.363281 0.988281
vt 0.335938 0.753906
vt 0.308594 0.988281
vt 0.308594 0.988281
vt 0.257812 0.753906
vt 0.203125 0.753906
vt 0.242188 0.988281
vt 0.308594 0.988281
vt 0.203125 0.753906
vt 0.308594 0.988281
vt 0.335938 0.753906
vt 0.257812 0.753906
vt 0.363281 0.988281
vt 0.398438 0.992188
vt 0.335938 0.753906
vt 0.242188 0.988281
vt 0.203125 0.753906
vt 0.101562 0.832031
vt 0.101562 0.832031
vt 0.203125 0.753906
vt 0.164062 0.519531
vt 0.089844 0.515625
vt 0.101562 0.832031
vt 0.164062 0.519531
vt 0.164062 0.519531
vt 0.257812 0.753906
vt 0.242188 0.519531
vt 0.242188 0.519531
vt 0.335938 0.753906
vt 0.320312 0.519531
vt 0.320312 0.519531
vt 0.335938 0.753906
vt 0.394531 0.519531
vt 0.050781 0.160156
vt 0.050781 0.160156
vt 0.574219 0.675781
vt 0.468750 0.707031
vt 0.480469 0.519531
vt 0.574219 0.675781
vt 0.593750 0.980469
vt 0.480469 0.980469
vt 0.714844 0.750000
vt 0.714844 0.980469
vt 0.593750 0.980469
vt 0.714844 0.750000
vt 0.574219 0.675781
vt 0.589844 0.519531
vt 0.835938 0.785156
vt 0.832031 0.980469
vt 0.714844 0.750000
vt 0.972656 0.750000
vt 0.835938 0.785156
vt 0.832031 0.519531
vt 0.972656 0.750000
vt 0.972656 0.980469
vt 0.832031 0.980469
vt 0.835938 0.785156
vt 0.714844 0.750000
vt 0.757812 0.519531
vt 0.832031 0.980469
vt 0.714844 0.980469
vt 0.714844 0.750000
vt 0.714844 0.750000
vt 0.593750 0.980469
vt 0.574219 0.675781
s 0
usemtl Z_tri_in
f 650/650/423 649/649/423 648/648/424
f 650/650/425 651/651/426 649/649/425
f 652/652/427 651/651/426 650/650/428
f 652/652/429 653/653/430 651/651/430
f 650/650/431 654/654/431 652/652/432
f 650/650/431 655/655/431 654/654/431
f 656/656/431 655/655/431 650/650/431
f 650/650/431 658/658/433 657/657/431
f 650/650/428 659/659/434 658/658/435
f 648/648/436 659/659/437 650/650/423
f 662/662/438 661/661/439 660/660/439
f 662/662/440 663/663/440 661/661/441
f 664/664/442 663/663/442 662/662/442
f 666/666/443 661/661/443 665/665/443
f 666/666/443 667/667/443 661/661/443
f 668/668/443 667/667/443 666/666/443
f 650/650/431 669/669/431 656/656/431
f 650/650/431 670/670/431 669/669/431
f 672/672/443 661/661/443 671/671/443
f 672/672/444 673/673/444 661/661/444
f 674/674/445 661/661/446 673/673/445
f 674/674/447 660/660/448 661/661/449
f 675/675/443 661/661/443 663/663/450
f 675/675/443 665/665/443 661/661/443
f 678/678/451 677/677/451 676/676/451
f 678/678/451 679/679/451 677/677/451
f 682/682/452 681/681/452 680/680/452
f 682/682/452 683/683/452 681/681/452
s 1
f 686/686/453 685/685/454 684/684/455
f 686/686/453 687/687/455 685/685/454
f 690/690/456 689/689/457 688/688/456
f 693/693/458 692/692/459 691/691/460
f 696/696/461 695/695/462 694/694/463
f 699/699/464 698/698/465 697/697/464
f 702/702/466 701/701/467 700/700/468
f 705/705/469 704/704/469 703/703/470
f 708/708/471 707/707/471 706/706/472
f 711/711/473 710/710/474 709/709/475
f 714/714/476 713/713/476 712/712/477
f 717/717/478 716/716/478 715/715/479
f 720/720/480 719/719/481 718/718/482
f 723/723/483 722/722/484 721/721/485
f 726/726/486 725/725/487 724/724/486
f 729/729/488 728/728/489 727/727/490
f 732/732/491 731/731/492 730/730/491
f 735/735/493 734/734/494 733/733/495
f 738/738/496 737/737/497 736/736/496
f 741/741/498 740/740/499 739/739/500
f 744/744/501 743/743/502 742/742/501
f 747/747/503 746/746/503 745/745/504
f 750/750/505 749/749/505 748/748/506
f 753/753/507 752/752/508 751/751/509
f 756/756/510 755/755/511 754/754/512
f 759/759/513 758/758/514 757/757/515
f 762/762/516 761/761/517 760/760/518
f 765/765/519 764/764/520 763/763/520
f 768/768/521 767/767/522 766/766/523
f 771/771/524 770/770/525 769/769/524
f 774/774/526 773/773/527 772/772/528
f 777/777/529 776/776/530 775/775/529
f 780/780/531 779/779/532 778/778/533
f 783/783/534 782/782/534 781/781/535
f 786/786/536 785/785/537 784/784/538
f 789/789/539 788/788/540 787/787/539
f 792/792/541 791/791/542 790/790/543
f 795/795/544 794/794/544 793/793/545
f 798/798/546 797/797/546 796/796/547
f 801/801/548 800/800/549 799/799/550
f 804/804/551 803/803/552 802/802/553
f 807/807/554 806/806/555 805/805/554
f 810/810/556 809/809/557 808/808/558
f 813/813/559 812/812/560 811/811/560
f 816/816/561 815/815/562 814/814/563
f 819/819/564 818/818/565 817/817/565
f 822/822/566 821/821/567 820/820/566
f 825/825/568 824/824/569 823/823/568
s 0
f 828/828/570 827/827/570 826/826/570
s 1
f 831/831/571 830/830/572 829/829/571
f 834/834/573 833/833/574 832/832/573
f 837/837/575 836/836/576 835/835/575
s 0
f 838/838/431 669/669/431 670/670/431
f 839/839/443 668/668/443 666/666/443
s 1
f 842/842/577 841/841/578 840/840/579
f 845/845/580 844/844/580 843/843/581
f 848/848/582 847/847/582 846/846/583
f 851/851/584 850/850/585 849/849/586
f 854/854/587 853/853/588 852/852/589
f 857/857/590 856/856/591 855/855/592
f 860/860/593 859/859/593 858/858/594
f 863/863/595 862/862/596 861/861/597
f 866/866/598 865/865/599 864/864/599
f 869/869/600 868/868/601 867/867/602
o tforce4_shine
v -9.197403 5.262457 7.804459
v -8.535930 9.345470 7.804457
v -8.535930 2.006564 7.804458
v -7.428338 8.990302 7.804459
v 6.136141 -8.992661 7.806061
v 6.508048 -8.594067 7.804461
v 2.327015 -9.991767 7.810877
v -0.270833 -8.779045 7.810874
v -7.740192 -3.314186 7.804461
v -5.473698 -8.472225 7.810874
v -7.740192 -5.332336 7.804461
v -8.535929 -9.001789 7.806601
v 0.555074 9.345465 2.675570
v 0.555075 9.345462 -7.810875
v 9.228302 -5.677006 -7.810874
v -1.717677 8.606575 -7.810875
v 6.136141 -8.992666 -7.809268
v 2.327015 -10.255388 -7.804454
v -1.481776 -9.109768 -7.804458
v -3.404777 -0.317849 -7.807666
v -5.091877 -9.242273 -7.804458
v -9.228301 -1.314971 7.804460
v -3.990428 9.598040 -7.810876
v -8.522558 5.676013 -7.810874
v -7.763500 2.006562 -7.810872
v -8.535930 -1.662893 -7.810874
v -8.535930 -9.001795 -7.808733
v -8.133696 -5.332340 -7.810874
v -5.801169 8.884090 7.804457
v -3.849334 9.345468 7.804457
v -8.535930 9.345462 -7.810875
v -6.360099 9.321427 -7.810875
v 9.228302 -5.677005 2.675575
vn -0.0000 -0.0000 1.0000
vn 0.0003 0.0006 1.0000
vn -0.0001 -0.0000 1.0000
vn 0.3890 0.2246 0.8934
vn 0.0001 0.0001 1.0000
vn -0.0001 0.0010 1.0000
vn 0.0008 0.0022 1.0000
vn 0.0012 0.0028 1.0000
vn 0.0001 0.0013 1.0000
vn -0.0013 0.0007 1.0000
vn -0.0028 -0.0000 1.0000
vn -0.0014 0.0006 1.0000
vn -0.0023 0.0003 1.0000
vn -0.0016 0.0009 1.0000
vn 0.6123 0.3535 -0.7072
vn 0.6124 0.3536 -0.7071
vn 0.8222 0.4746 0.3143
vn -0.0000 -0.0000 -1.0000
vn -0.0008 -0.0003 -1.0000
vn -0.0011 -0.0006 -1.0000
vn -0.0002 -0.0002 -1.0000
vn -0.0001 -0.0004 -1.0000
vn -0.0000 -0.0004 -1.0000
vn 0.0007 -0.0006 -1.0000
vn -0.0000 -0.0002 -1.0000
vn 0.0005 -0.0003 -1.0000
vn -0.0001 0.0011 1.0000
vn -0.0001 0.0007 1.0000
vn 0.0009 0.0023 1.0000
vn 0.0004 -0.0002 -1.0000
vn 0.0012 -0.0007 -1.0000
vn 0.0013 -0.0006 -1.0000
vn 0.0009 -0.0005 -1.0000
vn 0.0010 -0.0005 -1.0000
vn 0.3889 0.2245 0.8935
vn 0.8221 0.4747 0.3143
vt 0.050781 0.753906
vt 0.082031 0.941406
vt 0.082031 0.609375
vt 0.136719 0.925781
vt 0.796875 0.109375
vt 0.816406 0.128906
vt 0.613281 0.062500
vt 0.484375 0.117188
vt 0.121094 0.367188
vt 0.230469 0.132812
vt 0.121094 0.273438
vt 0.082031 0.109375
vt 0.523438 0.941406
vt 0.523438 0.941406
vt 0.949219 0.257812
vt 0.414062 0.906250
vt 0.796875 0.109375
vt 0.613281 0.050781
vt 0.425781 0.105469
vt 0.332031 0.503906
vt 0.250000 0.097656
vt 0.046875 0.457031
vt 0.304688 0.953125
vt 0.082031 0.773438
vt 0.121094 0.609375
vt 0.082031 0.441406
vt 0.082031 0.109375
vt 0.101562 0.273438
vt 0.214844 0.917969
vt 0.308594 0.941406
vt 0.082031 0.941406
vt 0.187500 0.937500
vt 0.949219 0.257812
s 0
usemtl SC_tri_out
f 872/872/603 871/871/603 870/870/603
f 872/872/603 873/873/603 871/871/603
f 874/874/604 873/873/605 872/872/605
s 1
f 874/874/604 875/875/606 873/873/607
s 0
f 878/878/608 877/877/609 876/876/610
f 878/878/611 879/879/612 877/877/609
f 880/880/613 879/879/614 878/878/608
f 880/880/615 881/881/616 879/879/616
s 1
f 884/884/617 883/883/618 882/882/619
f 884/884/617 885/885/620 883/883/618
f 886/886/621 885/885/620 884/884/617
s 0
f 886/886/622 887/887/622 885/885/623
f 888/888/624 885/885/624 887/887/624
f 888/888/625 889/889/625 885/885/625
f 890/890/625 889/889/625 888/888/625
f 890/890/626 885/885/627 889/889/628
f 878/878/629 872/872/603 891/891/603
f 878/878/630 874/874/604 872/872/605
f 876/876/631 874/874/604 878/878/608
f 885/885/620 893/893/620 892/892/620
f 885/885/620 894/894/620 893/893/620
f 895/895/632 894/894/620 885/885/620
f 897/897/633 890/890/633 896/896/633
f 897/897/634 885/885/627 890/890/635
f 895/895/632 885/885/620 897/897/636
s 1
f 875/875/606 898/898/603 873/873/607
f 875/875/606 899/899/637 898/898/603
f 882/882/619 899/899/637 875/875/606
s 0
f 901/901/620 893/893/620 900/900/620
f 901/901/620 892/892/620 893/893/620
s 1
f 902/902/638 882/882/619 875/875/606
f 902/902/638 884/884/617 882/882/619
o tforce5
v -5.042312 -6.334270 -7.730361
v 3.850693 -5.178569 -7.730361
v -4.249307 -3.279209 -7.730361
v 4.615475 -1.545453 -7.730362
v -3.897280 -0.323582 -7.730362
v 3.863933 2.087671 -7.730361
v -5.062041 2.632051 -7.730362
v -3.846493 5.270790 -7.730362
v -4.249307 -3.279207 7.730362
v -4.249307 0.995796 7.730362
v 3.195769 1.678214 7.730364
v -3.276743 5.270792 7.730361
v 3.850693 5.720792 7.730361
v 1.825693 7.745792 7.730361
v 4.638554 -6.813516 7.730364
v -4.405203 -8.399965 7.730362
v 3.165178 -4.834096 7.730364
v -5.042312 -6.334269 7.730362
v -0.199307 9.770788 -7.730366
v -4.571291 9.545789 -7.730366
v -1.825562 11.795788 -7.730366
v -4.249307 13.820788 -7.730366
v 3.850693 5.720788 -7.730362
v 1.486724 7.023106 -7.730362
v 3.850693 -12.444812 -7.730360
v 4.248945 -8.811693 -7.730361
v -0.478229 -12.442901 -7.730358
v -4.249307 -8.520555 -7.730359
v -4.249307 -12.444391 -7.730358
v -4.249307 -12.444391 -7.730358
v -4.249307 -12.444387 0.000005
v -0.478229 -13.712766 0.000005
v -4.249306 -12.444381 7.730366
v 0.361812 10.603708 7.730358
v -4.249307 8.168768 7.730361
v -1.597079 12.520212 7.730358
v -4.249307 13.820796 7.730358
v -4.249307 13.820788 -7.730366
v -4.249307 13.820789 -0.000003
v -2.910485 9.545793 -0.000003
v -4.249307 13.820796 7.730358
v 3.850693 5.720792 0.000001
v 1.486725 7.023107 -0.000004
v 3.850693 5.720788 -7.730362
v 1.486724 7.023106 -7.730362
v 3.850693 -1.545444 7.730362
v 3.850694 -12.444807 7.730367
v 4.638554 -8.811687 7.730363
v -4.249307 13.820796 7.730358
v -4.249307 13.820789 -0.000003
v -2.224307 11.795792 -0.000003
v -4.249307 13.820788 -7.730366
v -4.249306 -12.444381 7.730366
v -0.478229 -13.820790 7.730366
v -4.249306 -12.444381 7.730366
v -4.249307 -12.444387 0.000005
v -3.858376 -9.389327 0.000005
v -4.249307 -12.444391 -7.730358
v -0.478229 -13.712766 0.000005
v -0.478229 -12.442901 -7.730358
v -4.249307 -12.444391 -7.730358
v 4.146812 -11.615417 1.452737
v 3.850693 -12.444812 -7.730360
v -0.478229 -13.712766 0.000005
v 4.146812 -11.615417 1.452737
v -0.478229 -13.712766 0.000005
v 3.850694 -12.444807 7.730367
v 3.850693 -12.444812 -7.730360
v -0.478229 -12.442901 -7.730358
v -0.478229 -13.712766 0.000005
v -0.478229 -13.712766 0.000005
v -0.478229 -13.820790 7.730366
v 3.850694 -12.444807 7.730367
v -0.478229 -13.712766 0.000005
v -4.249306 -12.444381 7.730366
v -0.478229 -13.820790 7.730366
v 5.062042 -7.542811 1.763378
v 3.850693 -5.178569 -7.730361
v 4.248945 -8.811693 -7.730361
v 5.062042 -7.542811 1.763378
v 3.850694 -5.178569 0.000001
v 3.850693 -5.178569 -7.730361
v 4.824217 -2.958243 1.419398
v 4.615475 -1.545453 -7.730362
v 3.850693 -5.178569 -7.730361
v 3.850693 1.678209 0.000001
v 4.615475 -1.545453 -7.730362
v 4.941081 -0.146273 1.668023
v 3.850693 1.678209 0.000001
v 3.863933 2.087671 -7.730361
v 4.615475 -1.545453 -7.730362
v 3.850693 5.720792 0.000001
v 3.863933 2.087671 -7.730361
v 3.850693 1.678209 0.000001
v 3.850693 5.720792 0.000001
v 3.850693 5.720788 -7.730362
v 3.863933 2.087671 -7.730361
v 4.638554 -8.811687 7.730363
v 3.998806 -9.907052 2.797906
v 3.850694 -12.444807 7.730367
v 3.850693 5.720792 7.730361
v 3.850693 1.678209 0.000001
v 3.195769 1.678214 7.730364
v 3.850693 1.678209 0.000001
v 3.850693 5.720792 7.730361
v 3.850693 5.720792 0.000001
v 5.062042 -7.542811 1.763378
v 4.638554 -6.813516 7.730364
v 3.850694 -5.178569 0.000001
v 4.824217 -2.958243 1.419398
v 3.850693 -1.545444 7.730362
v 4.941081 -0.146273 1.668023
v 4.941081 -0.146273 1.668023
v 3.195769 1.678214 7.730364
v 3.850693 1.678209 0.000001
v 4.941081 -0.146273 1.668023
v 3.850693 -1.545444 7.730362
v 3.195769 1.678214 7.730364
v 3.998806 -9.907052 2.797906
v 5.062042 -7.542811 1.763378
v 4.248945 -8.811693 -7.730361
v 5.062042 -7.542811 1.763378
v 4.638554 -8.811687 7.730363
v 4.638554 -6.813516 7.730364
v 5.062042 -7.542811 1.763378
v 3.998806 -9.907052 2.797906
v 4.638554 -8.811687 7.730363
v 3.850694 -5.178569 0.000001
v 4.638554 -6.813516 7.730364
v 3.165178 -4.834096 7.730364
v 4.824217 -2.958243 1.419398
v 3.850694 -5.178569 0.000001
v 3.165178 -4.834096 7.730364
v 3.850694 -5.178569 0.000001
v 4.824217 -2.958243 1.419398
v 3.850693 -5.178569 -7.730361
v 4.824217 -2.958243 1.419398
v 4.941081 -0.146273 1.668023
v 4.615475 -1.545453 -7.730362
v 4.824217 -2.958243 1.419398
v 3.165178 -4.834096 7.730364
v 3.850693 -1.545444 7.730362
v -3.146771 5.270791 0.000001
v -4.571291 9.545789 -7.730366
v -2.910485 9.545793 -0.000003
v -4.249307 2.346880 1.142437
v -3.146771 5.270791 0.000001
v -3.276743 5.270792 7.730361
v -4.249307 2.346880 1.142437
v -5.062041 2.632051 -7.730362
v -3.846493 5.270790 -7.730362
v -3.384844 -0.466165 1.243738
v -4.249307 2.346880 1.142437
v -4.249307 0.995796 7.730362
v -3.384844 -0.466165 1.243738
v -3.897280 -0.323582 -7.730362
v -5.062041 2.632051 -7.730362
v -2.910485 9.545793 -0.000003
v -4.571291 9.545789 -7.730366
v -4.249307 13.820788 -7.730366
v -3.146771 5.270791 0.000001
v -3.846493 5.270790 -7.730362
v -4.571291 9.545789 -7.730366
v -3.146771 5.270791 0.000001
v -2.910485 9.545793 -0.000003
v -3.276743 5.270792 7.730361
v -4.249307 -3.279208 2.168483
v -4.249307 -3.279209 -7.730361
v -3.897280 -0.323582 -7.730362
v -4.249307 -3.279208 2.168483
v -3.384844 -0.466165 1.243738
v -4.249307 -3.279207 7.730362
v -3.384844 -0.466165 1.243738
v -4.249307 -3.279208 2.168483
v -3.897280 -0.323582 -7.730362
v -3.858376 -9.389327 0.000005
v -4.405203 -8.399965 7.730362
v -4.249306 -12.444381 7.730366
v -4.249307 -6.334267 1.603971
v -5.042312 -6.334269 7.730362
v -4.405203 -8.399965 7.730362
v -4.249307 -3.279208 2.168483
v -4.249307 -3.279207 7.730362
v -5.042312 -6.334269 7.730362
v -4.249307 -12.444391 -7.730358
v -4.249307 -8.520555 -7.730359
v -3.858376 -9.389327 0.000005
v -3.858376 -9.389327 0.000005
v -5.042312 -6.334270 -7.730361
v -4.249307 -6.334267 1.603971
v -4.249307 -6.334267 1.603971
v -5.042312 -6.334270 -7.730361
v -4.249307 -3.279209 -7.730361
v -4.249307 -6.334267 1.603971
v -4.249307 -3.279209 -7.730361
v -4.249307 -3.279208 2.168483
v -3.858376 -9.389327 0.000005
v -4.249307 -6.334267 1.603971
v -4.405203 -8.399965 7.730362
v -3.858376 -9.389327 0.000005
v -4.249307 -8.520555 -7.730359
v -5.042312 -6.334270 -7.730361
v -4.249307 -6.334267 1.603971
v -4.249307 -3.279208 2.168483
v -5.042312 -6.334269 7.730362
v -2.224307 11.795792 -0.000003
v -4.249307 13.820788 -7.730366
v -1.825562 11.795788 -7.730366
v 1.486724 7.023106 -7.730362
v 1.486725 7.023107 -0.000004
v -0.199307 9.770788 -7.730366
v -0.199307 9.770788 -7.730366
v -0.199307 10.603704 -0.000004
v -1.825562 11.795788 -7.730366
v 3.850693 5.720792 7.730361
v 1.825693 7.745792 7.730361
v 3.850693 5.720792 0.000001
v 1.825693 7.745792 7.730361
v 0.361812 10.603708 7.730358
v 1.486725 7.023107 -0.000004
v 0.361812 10.603708 7.730358
v -1.597079 12.520212 7.730358
v -0.199307 10.603704 -0.000004
v -4.249307 13.820796 7.730358
v -2.224307 11.795792 -0.000003
v -1.597079 12.520212 7.730358
v -0.199307 10.603704 -0.000004
v -2.224307 11.795792 -0.000003
v -1.825562 11.795788 -7.730366
v -1.597079 12.520212 7.730358
v -2.224307 11.795792 -0.000003
v -0.199307 10.603704 -0.000004
v 0.361812 10.603708 7.730358
v -0.199307 10.603704 -0.000004
v 1.486725 7.023107 -0.000004
v 1.486725 7.023107 -0.000004
v -0.199307 10.603704 -0.000004
v -0.199307 9.770788 -7.730366
v 1.825693 7.745792 7.730361
v 1.486725 7.023107 -0.000004
v 3.850693 5.720792 0.000001
v 4.248945 -8.811693 -7.730361
v 4.146812 -11.615417 1.452737
v 3.998806 -9.907052 2.797906
v 4.146812 -11.615417 1.452737
v 4.248945 -8.811693 -7.730361
v 3.850693 -12.444812 -7.730360
v 3.850694 -12.444807 7.730367
v 3.998806 -9.907052 2.797906
v 4.146812 -11.615417 1.452737
v -3.384844 -0.466165 1.243738
v -4.249307 0.995796 7.730362
v -4.249307 -3.279207 7.730362
v -4.249307 2.346880 1.142437
v -3.276743 5.270792 7.730361
v -4.249307 0.995796 7.730362
v -2.910485 9.545793 -0.000003
v -4.249307 8.168768 7.730361
v -3.276743 5.270792 7.730361
v -2.910485 9.545793 -0.000003
v -4.249307 13.820796 7.730358
v -4.249307 8.168768 7.730361
v -3.384844 -0.466165 1.243738
v -5.062041 2.632051 -7.730362
v -4.249307 2.346880 1.142437
v -4.249307 2.346880 1.142437
v -3.846493 5.270790 -7.730362
v -3.146771 5.270791 0.000001
vn -0.0000 -0.0000 -1.0000
vn -0.0000 -0.0000 1.0000
vn -0.1516 -0.9881 -0.0253
vn -0.6193 -0.7852 -0.0000
vn -0.3188 -0.9478 -0.0000
vn -0.9790 -0.2037 0.0012
vn -0.9354 0.3536 -0.0000
vn -0.9543 -0.2989 -0.0000
vn 0.4825 0.8759 -0.0000
vn 0.6231 0.7818 -0.0223
vn 0.7137 0.7004 -0.0099
vn 0.6506 0.7593 -0.0153
vn 0.1202 0.9927 -0.0000
vn 0.7071 0.7071 -0.0000
vn -0.9994 0.0352 0.0014
vn -0.9767 -0.2144 -0.0000
vn -0.9919 0.1269 -0.0000
vn 0.0004 -0.9868 -0.1621
vn 0.0103 -0.9943 -0.1061
vn 0.2111 -0.9774 0.0103
vn 0.3936 -0.9166 0.0701
vn 0.6934 -0.7193 0.0417
vn 0.4363 -0.8945 -0.0976
vn 0.2337 -0.9694 -0.0755
vn 0.7107 -0.7019 -0.0475
vn 0.0098 -0.9943 -0.1062
vn -0.0004 -0.9868 -0.1621
vn 0.3029 -0.9529 -0.0133
vn 0.1631 -0.9861 -0.0319
vn -0.3428 -0.9393 -0.0131
vn -0.1642 -0.9859 -0.0320
vn 0.9891 0.1084 -0.0992
vn 0.9959 0.0711 -0.0558
vn 0.8900 0.4560 -0.0000
vn 0.9518 0.3063 0.0171
vn 0.9680 0.2508 -0.0062
vn 0.9771 -0.2057 -0.0541
vn 0.9759 -0.2181 0.0047
vn 0.9403 0.3401 -0.0147
vn 0.8909 0.4438 -0.0969
vn 0.9478 0.3159 -0.0428
vn 0.9792 0.2026 0.0124
vn 0.9814 0.1917 0.0123
vn 0.9958 0.0908 0.0070
vn 1.0000 -0.0000 0.0017
vn 0.9708 0.2398 -0.0089
vn 1.0000 0.0036 -0.0000
vn 0.9703 0.2416 -0.0098
vn 0.9742 -0.2113 -0.0794
vn 0.9783 -0.2022 -0.0441
vn 0.9837 -0.1594 0.0833
vn 0.9988 0.0109 0.0485
vn 0.9708 0.2398 -0.0098
vn 1.0000 -0.0000 -0.0000
vn 0.9959 0.0908 0.0061
vn 0.9510 0.3085 0.0206
vn 0.8879 0.4600 0.0068
vn 0.9675 0.2530 -0.0027
vn 0.9892 0.0881 0.1174
vn 0.9848 -0.0555 0.1643
vn 0.9830 -0.1433 0.1144
vn 0.9250 0.3777 0.0420
vn 0.8268 0.5582 0.0700
vn 0.9137 0.4004 0.0701
vn 0.9566 0.1944 0.2169
vn 0.9667 0.2126 0.1428
vn 0.9082 -0.4180 -0.0219
vn 0.9801 -0.1975 -0.0175
vn 0.9514 -0.3076 -0.0154
vn 0.9975 -0.0000 0.0708
vn 0.9994 0.0168 0.0293
vn 0.9077 -0.4190 -0.0247
vn 0.9512 -0.3081 -0.0168
vn 0.9800 -0.1981 -0.0189
vn 0.8014 0.5965 0.0445
vn 0.9224 0.3841 0.0403
vn 0.8866 -0.4519 0.0988
vn 0.9848 -0.1593 0.0697
vn 0.9357 -0.3433 0.0816
vn 0.9158 -0.4016 -0.0000
vn 0.9479 -0.3171 0.0318
vn 0.9911 -0.1316 0.0176
vn 0.9988 -0.0390 -0.0288
vn 0.9952 0.0963 0.0197
vn 0.9907 -0.1351 0.0173
vn 0.9606 -0.2002 0.1930
vn 0.9680 -0.2154 0.1284
vn -0.9939 -0.0266 0.1069
vn -0.9763 0.0540 0.2097
vn -0.9853 0.0960 0.1412
vn -0.9376 0.3474 -0.0158
vn -0.9694 0.2440 0.0281
vn -0.9698 0.2436 0.0120
vn -0.9041 0.4165 0.0962
vn -0.9576 0.2797 0.0687
vn -0.9535 -0.2952 -0.0605
vn -0.9966 -0.0813 -0.0106
vn -0.9833 -0.1791 -0.0312
vn -0.9293 -0.3662 0.0472
vn -0.9761 -0.2160 0.0232
vn -0.9751 0.0734 0.2095
vn -0.9941 -0.0167 0.1069
vn -0.9820 -0.1665 0.0889
vn -0.9966 -0.0147 0.0812
vn -0.9983 0.0552 -0.0168
vn -0.9996 -0.0258 -0.0072
vn -0.9950 0.0964 0.0275
vn -0.9930 0.1183 -0.0000
vn -0.9897 0.1431 -0.0058
vn -0.9559 0.2937 -0.0000
vn -0.9930 0.1185 -0.0007
vn -0.9729 0.2313 -0.0058
vn -0.9486 0.3109 0.0591
vn -0.9704 0.2402 0.0238
vn -0.9914 0.1276 0.0294
vn -0.9971 -0.0384 -0.0656
vn -0.9984 -0.0476 -0.0314
vn -0.9484 -0.2925 -0.1228
vn -0.9823 -0.1719 -0.0742
vn -0.9679 0.2512 -0.0000
vn -0.9777 0.2098 -0.0058
vn -0.9992 -0.0283 0.0267
vn -0.9987 -0.0000 0.0505
vn -0.9936 -0.1093 0.0296
vn -0.9820 -0.1695 0.0834
vn -0.9926 -0.1134 0.0432
vn -0.9647 0.2504 0.0820
vn -0.9943 0.1023 0.0291
vn -0.9964 0.0842 -0.0058
vn -1.0000 -0.0000 -0.0000
vn -0.9996 -0.0242 -0.0121
vn -0.9936 -0.0967 -0.0579
vn -0.9965 -0.0725 -0.0411
vn -0.9967 -0.0768 -0.0275
vn -0.9400 -0.3410 0.0092
vn -0.9796 -0.2009 0.0060
vn -0.9914 0.0237 -0.1283
vn -0.9929 0.0962 -0.0703
vn -0.9970 -0.0123 -0.0765
vn 0.6408 0.7670 0.0331
vn 0.6161 0.7877 0.0013
vn 0.8523 0.5230 -0.0000
vn 0.8023 0.5965 -0.0221
vn 0.7779 0.6247 -0.0673
vn 0.7586 0.6487 -0.0615
vn 0.8050 0.5931 -0.0096
vn 0.8232 0.5643 -0.0632
vn 0.8871 0.4544 -0.0814
vn 0.7188 0.6932 -0.0532
vn 0.6984 0.7139 -0.0507
vn 0.4372 0.8915 -0.1190
vn 0.5161 0.8532 -0.0751
vn 0.5071 0.8615 0.0262
vn 0.5495 0.8355 -0.0021
vn 0.6305 0.7761 -0.0150
vn 0.6284 0.7727 -0.0894
vn 0.5481 0.8330 -0.0759
vn 0.5036 0.8554 -0.1210
vn 0.8329 0.5507 -0.0554
vn 0.8298 0.5547 -0.0613
vn 0.9028 0.4251 -0.0655
vn 0.9038 0.4256 -0.0459
vn 0.8303 0.5549 -0.0513
vn 0.8333 0.5510 -0.0454
vn 0.7129 0.6984 -0.0635
vn 0.6219 0.7796 -0.0743
vn 0.4800 0.8713 -0.1025
vn 0.9978 -0.0657 0.0108
vn 0.9818 -0.1891 0.0196
vn 0.9976 0.0626 0.0302
vn 0.9938 -0.1089 -0.0222
vn 0.9621 -0.2727 -0.0072
vn 0.9797 -0.1979 0.0314
vn 0.9970 -0.0746 0.0222
vn 0.9976 0.0447 0.0530
vn -0.9912 -0.0000 -0.1321
vn -0.9973 -0.0303 -0.0669
vn -0.9741 0.2216 0.0454
vn -0.9829 0.1793 0.0426
vn -0.9257 -0.3107 -0.2157
vn -0.9715 -0.2111 -0.1079
vn -0.9853 -0.0000 -0.1706
vn -0.9950 -0.0535 -0.0845
vn -0.9951 -0.0786 0.0603
vn -0.9538 -0.2903 0.0780
vn -0.9835 -0.1767 0.0386
vn -0.9622 0.2607 0.0781
vn -0.9212 0.3800 0.0834
vn -0.9635 0.2605 0.0621
vt 0.039062 0.097656
vt 0.160156 0.101562
vt 0.050781 0.109375
vt 0.171875 0.121094
vt 0.054688 0.125000
vt 0.160156 0.136719
vt 0.039062 0.140625
vt 0.054688 0.152344
vt 0.050781 0.109375
vt 0.050781 0.132812
vt 0.152344 0.132812
vt 0.062500 0.152344
vt 0.160156 0.152344
vt 0.132812 0.164062
vt 0.171875 0.093750
vt 0.046875 0.085938
vt 0.148438 0.105469
vt 0.039062 0.097656
vt 0.105469 0.171875
vt 0.046875 0.171875
vt 0.082031 0.183594
vt 0.050781 0.191406
vt 0.160156 0.152344
vt 0.128906 0.160156
vt 0.160156 0.066406
vt 0.164062 0.085938
vt 0.101562 0.066406
vt 0.050781 0.085938
vt 0.050781 0.066406
vt 0.742188 0.523438
vt 0.742188 0.753906
vt 0.851562 0.757812
vt 0.742188 0.984375
vt 0.113281 0.175781
vt 0.050781 0.164062
vt 0.085938 0.187500
vt 0.050781 0.191406
vt 0.898438 0.519531
vt 0.898438 0.734375
vt 0.750000 0.742188
vt 0.898438 0.992188
vt 0.390625 0.750000
vt 0.328125 0.750000
vt 0.390625 0.980469
vt 0.324219 0.984375
vt 0.160156 0.121094
vt 0.160156 0.066406
vt 0.171875 0.085938
vt 0.058594 0.523438
vt 0.058594 0.753906
vt 0.140625 0.753906
vt 0.054688 0.984375
vt 0.050781 0.066406
vt 0.101562 0.062500
vt 0.007812 0.984375
vt 0.007812 0.750000
vt 0.109375 0.753906
vt 0.007812 0.519531
vt 0.851562 0.757812
vt 0.851562 0.527344
vt 0.742188 0.523438
vt 0.980469 0.796875
vt 0.980469 0.527344
vt 0.851562 0.757812
vt 0.980469 0.796875
vt 0.851562 0.757812
vt 0.980469 0.988281
vt 0.980469 0.527344
vt 0.851562 0.527344
vt 0.851562 0.757812
vt 0.851562 0.757812
vt 0.851562 0.988281
vt 0.980469 0.988281
vt 0.851562 0.757812
vt 0.742188 0.984375
vt 0.851562 0.988281
vt 0.824219 0.699219
vt 0.726562 0.980469
vt 0.843750 0.980469
vt 0.824219 0.699219
vt 0.730469 0.750000
vt 0.726562 0.980469
vt 0.675781 0.707031
vt 0.621094 0.980469
vt 0.726562 0.980469
vt 0.515625 0.750000
vt 0.621094 0.980469
vt 0.593750 0.703125
vt 0.515625 0.750000
vt 0.500000 0.980469
vt 0.621094 0.980469
vt 0.390625 0.750000
vt 0.500000 0.980469
vt 0.515625 0.750000
vt 0.390625 0.750000
vt 0.390625 0.980469
vt 0.500000 0.980469
vt 0.847656 0.519531
vt 0.898438 0.667969
vt 0.953125 0.519531
vt 0.390625 0.519531
vt 0.515625 0.750000
vt 0.507812 0.519531
vt 0.515625 0.750000
vt 0.390625 0.519531
vt 0.390625 0.750000
vt 0.824219 0.699219
vt 0.785156 0.519531
vt 0.730469 0.750000
vt 0.675781 0.707031
vt 0.617188 0.519531
vt 0.593750 0.703125
vt 0.593750 0.703125
vt 0.507812 0.519531
vt 0.515625 0.750000
vt 0.593750 0.703125
vt 0.617188 0.519531
vt 0.507812 0.519531
vt 0.898438 0.667969
vt 0.824219 0.699219
vt 0.843750 0.980469
vt 0.824219 0.699219
vt 0.847656 0.519531
vt 0.785156 0.519531
vt 0.824219 0.699219
vt 0.898438 0.667969
vt 0.847656 0.519531
vt 0.730469 0.750000
vt 0.785156 0.519531
vt 0.710938 0.519531
vt 0.675781 0.707031
vt 0.730469 0.750000
vt 0.710938 0.519531
vt 0.730469 0.750000
vt 0.675781 0.707031
vt 0.726562 0.980469
vt 0.675781 0.707031
vt 0.593750 0.703125
vt 0.621094 0.980469
vt 0.675781 0.707031
vt 0.710938 0.519531
vt 0.617188 0.519531
vt 0.597656 0.746094
vt 0.746094 0.519531
vt 0.750000 0.742188
vt 0.496094 0.781250
vt 0.597656 0.746094
vt 0.597656 0.992188
vt 0.496094 0.781250
vt 0.503906 0.519531
vt 0.597656 0.519531
vt 0.394531 0.789062
vt 0.496094 0.781250
vt 0.445312 0.992188
vt 0.394531 0.789062
vt 0.402344 0.519531
vt 0.503906 0.519531
vt 0.750000 0.742188
vt 0.746094 0.519531
vt 0.898438 0.519531
vt 0.597656 0.746094
vt 0.597656 0.519531
vt 0.746094 0.519531
vt 0.597656 0.746094
vt 0.750000 0.742188
vt 0.597656 0.992188
vt 0.300781 0.820312
vt 0.300781 0.519531
vt 0.402344 0.519531
vt 0.300781 0.820312
vt 0.394531 0.789062
vt 0.296875 0.992188
vt 0.394531 0.789062
vt 0.300781 0.820312
vt 0.402344 0.519531
vt 0.109375 0.753906
vt 0.132812 0.988281
vt 0.007812 0.984375
vt 0.199219 0.800781
vt 0.191406 0.988281
vt 0.132812 0.988281
vt 0.296875 0.820312
vt 0.296875 0.988281
vt 0.191406 0.988281
vt 0.007812 0.519531
vt 0.132812 0.519531
vt 0.109375 0.753906
vt 0.109375 0.753906
vt 0.191406 0.519531
vt 0.199219 0.800781
vt 0.199219 0.800781
vt 0.191406 0.519531
vt 0.296875 0.519531
vt 0.199219 0.800781
vt 0.296875 0.519531
vt 0.296875 0.820312
vt 0.109375 0.753906
vt 0.199219 0.800781
vt 0.132812 0.988281
vt 0.109375 0.753906
vt 0.132812 0.519531
vt 0.191406 0.519531
vt 0.199219 0.800781
vt 0.296875 0.820312
vt 0.191406 0.988281
vt 0.140625 0.753906
vt 0.054688 0.984375
vt 0.140625 0.984375
vt 0.324219 0.984375
vt 0.328125 0.750000
vt 0.222656 0.984375
vt 0.222656 0.984375
vt 0.199219 0.750000
vt 0.140625 0.984375
vt 0.390625 0.519531
vt 0.308594 0.519531
vt 0.390625 0.750000
vt 0.308594 0.519531
vt 0.203125 0.519531
vt 0.328125 0.750000
vt 0.203125 0.519531
vt 0.125000 0.519531
vt 0.199219 0.750000
vt 0.058594 0.523438
vt 0.140625 0.753906
vt 0.125000 0.519531
vt 0.199219 0.750000
vt 0.140625 0.753906
vt 0.140625 0.984375
vt 0.125000 0.519531
vt 0.140625 0.753906
vt 0.199219 0.750000
vt 0.203125 0.519531
vt 0.199219 0.750000
vt 0.328125 0.750000
vt 0.328125 0.750000
vt 0.199219 0.750000
vt 0.222656 0.984375
vt 0.308594 0.519531
vt 0.328125 0.750000
vt 0.390625 0.750000
vt 0.843750 0.980469
vt 0.914062 0.707031
vt 0.898438 0.667969
vt 0.914062 0.707031
vt 0.843750 0.980469
vt 0.949219 0.980469
vt 0.953125 0.519531
vt 0.898438 0.667969
vt 0.914062 0.707031
vt 0.394531 0.789062
vt 0.445312 0.992188
vt 0.296875 0.992188
vt 0.496094 0.781250
vt 0.597656 0.992188
vt 0.445312 0.992188
vt 0.750000 0.742188
vt 0.699219 0.992188
vt 0.597656 0.992188
vt 0.750000 0.742188
vt 0.898438 0.992188
vt 0.699219 0.992188
vt 0.394531 0.789062
vt 0.503906 0.519531
vt 0.496094 0.781250
vt 0.496094 0.781250
vt 0.597656 0.519531
vt 0.597656 0.746094
s 0
usemtl Z_tri_in
f 905/905/639 904/904/639 903/903/639
f 905/905/639 906/906/639 904/904/639
f 907/907/639 906/906/639 905/905/639
f 907/907/639 908/908/639 906/906/639
f 909/909/639 908/908/639 907/907/639
f 909/909/639 910/910/639 908/908/639
f 913/913/640 912/912/640 911/911/640
f 913/913/640 914/914/640 912/912/640
f 915/915/640 914/914/640 913/913/640
f 915/915/640 916/916/640 914/914/640
f 919/919/640 918/918/640 917/917/640
f 919/919/640 920/920/640 918/918/640
f 911/911/640 920/920/640 919/919/640
f 922/922/639 921/921/639 910/910/639
f 922/922/639 923/923/639 921/921/639
f 924/924/639 923/923/639 922/922/639
f 910/910/639 925/925/639 908/908/639
f 910/910/639 926/926/639 925/925/639
f 921/921/639 926/926/639 910/910/639
f 929/929/639 928/928/639 927/927/639
f 929/929/639 930/930/639 928/928/639
f 931/931/639 930/930/639 929/929/639
s 1
f 934/934/641 933/933/642 932/932/643
f 934/934/641 935/935/643 933/933/642
s 0
f 938/938/640 937/937/640 936/936/640
f 938/938/640 939/939/640 937/937/640
f 916/916/640 937/937/640 914/914/640
f 916/916/640 936/936/640 937/937/640
s 1
f 942/942/644 941/941/645 940/940/646
f 942/942/644 943/943/646 941/941/645
f 946/946/647 945/945/648 944/944/649
f 946/946/647 947/947/647 945/945/648
s 0
f 948/948/640 911/911/640 919/919/640
f 948/948/640 913/913/640 911/911/640
f 930/930/639 904/904/639 928/928/639
f 930/930/639 903/903/639 904/904/639
f 950/950/640 918/918/640 949/949/640
f 950/950/640 917/917/640 918/918/640
s 1
f 953/953/650 952/952/651 951/951/652
f 953/953/650 954/954/652 952/952/651
s 0
f 956/956/640 918/918/640 955/955/640
f 956/956/640 949/949/640 918/918/640
s 1
f 959/959/653 958/958/654 957/957/655
f 959/959/653 960/960/655 958/958/654
f 963/963/656 962/962/656 961/961/657
f 966/966/658 965/965/659 964/964/660
f 969/969/661 968/968/662 967/967/663
f 972/972/664 971/971/665 970/970/665
f 975/975/666 974/974/666 973/973/667
f 978/978/668 977/977/668 976/976/669
f 981/981/670 980/980/670 979/979/671
f 984/984/672 983/983/673 982/982/674
f 987/987/675 986/986/675 985/985/676
f 990/990/677 989/989/678 988/988/679
f 993/993/680 992/992/680 991/991/681
f 996/996/682 995/995/683 994/994/684
f 999/999/685 998/998/685 997/997/686
f 1002/1002/687 1001/1001/688 1000/1000/687
f 1005/1005/689 1004/1004/690 1003/1003/689
f 1008/1008/691 1007/1007/692 1006/1006/693
f 1011/1011/694 1010/1010/695 1009/1009/696
f 1014/1014/697 1013/1013/698 1012/1012/699
f 1017/1017/700 1016/1016/701 1015/1015/702
f 1020/1020/703 1019/1019/703 1018/1018/704
f 1023/1023/705 1022/1022/706 1021/1021/707
f 1026/1026/708 1025/1025/708 1024/1024/709
f 1029/1029/710 1028/1028/711 1027/1027/712
f 1032/1032/713 1031/1031/713 1030/1030/714
f 1035/1035/715 1034/1034/716 1033/1033/717
f 1038/1038/718 1037/1037/719 1036/1036/720
f 1041/1041/721 1040/1040/722 1039/1039/723
f 1044/1044/724 1043/1043/724 1042/1042/725
f 1047/1047/726 1046/1046/727 1045/1045/728
f 1050/1050/729 1049/1049/730 1048/1048/731
f 1053/1053/732 1052/1052/732 1051/1051/733
f 1056/1056/734 1055/1055/735 1054/1054/736
f 1059/1059/737 1058/1058/737 1057/1057/738
f 1062/1062/739 1061/1061/739 1060/1060/740
f 1065/1065/741 1064/1064/741 1063/1063/742
f 1068/1068/743 1067/1067/744 1066/1066/745
f 1071/1071/746 1070/1070/746 1069/1069/747
f 1074/1074/748 1073/1073/749 1072/1072/750
f 1077/1077/751 1076/1076/752 1075/1075/753
f 1080/1080/754 1079/1079/754 1078/1078/755
f 1083/1083/756 1082/1082/756 1081/1081/757
f 1086/1086/758 1085/1085/758 1084/1084/759
f 1089/1089/760 1088/1088/761 1087/1087/761
f 1092/1092/762 1091/1091/763 1090/1090/764
f 1095/1095/765 1094/1094/765 1093/1093/766
f 1098/1098/767 1097/1097/768 1096/1096/769
f 1101/1101/770 1100/1100/771 1099/1099/772
f 1104/1104/773 1103/1103/773 1102/1102/774
f 1107/1107/775 1106/1106/776 1105/1105/777
f 1110/1110/778 1109/1109/778 1108/1108/779
f 1113/1113/780 1112/1112/781 1111/1111/780
f 1116/1116/782 1115/1115/783 1114/1114/782
f 1119/1119/784 1118/1118/652 1117/1117/652
f 1122/1122/785 1121/1121/786 1120/1120/786
f 1125/1125/787 1124/1124/788 1123/1123/788
f 1128/1128/789 1127/1127/790 1126/1126/789
f 1131/1131/791 1130/1130/792 1129/1129/793
f 1134/1134/794 1133/1133/795 1132/1132/796
f 1137/1137/797 1136/1136/798 1135/1135/799
f 1140/1140/800 1139/1139/801 1138/1138/802
f 1143/1143/803 1142/1142/804 1141/1141/805
f 1146/1146/806 1145/1145/807 1144/1144/808
f 1149/1149/809 1148/1148/809 1147/1147/810
f 1152/1152/811 1151/1151/812 1150/1150/813
f 1155/1155/814 1154/1154/814 1153/1153/815
f 1158/1158/816 1157/1157/816 1156/1156/817
f 1161/1161/818 1160/1160/818 1159/1159/819
f 1164/1164/820 1163/1163/820 1162/1162/821
f 1167/1167/822 1166/1166/823 1165/1165/824
f 1170/1170/825 1169/1169/826 1168/1168/827
o tforce5_shine
v -5.092736 -6.397614 -7.807662
v 3.889200 -5.230355 -7.807662
v -4.291800 -3.312001 -7.807662
v 4.661630 -1.560908 -7.807664
v -3.936252 -0.326817 -7.807664
v 3.902572 2.108546 -7.807664
v -5.112662 2.658374 -7.807664
v -3.884958 5.323494 -7.807666
v -4.291800 -3.312001 7.807666
v -4.291800 1.005753 7.807664
v 3.227727 1.694996 7.807667
v -3.309511 5.323503 7.807662
v 3.889200 5.778000 7.807662
v 1.843950 7.823250 7.807662
v 3.889200 -12.569261 -7.807664
v 4.291434 -8.899810 -7.807662
v -0.483011 -12.567327 -7.807662
v -4.291800 -8.605761 -7.807662
v -4.291800 -12.568830 -7.807662
v 3.889200 5.777997 -7.807666
v 1.501592 7.093337 -7.807665
v -0.201300 9.868496 -7.807668
v -4.617004 9.641246 -7.807668
v -1.843817 11.913747 -7.807668
v -4.291800 13.958997 -7.807668
v 4.684938 -6.881649 7.807672
v -4.449255 -8.483965 7.807666
v 3.196830 -4.882441 7.807672
v -5.092735 -6.397611 7.807666
v -4.291800 -12.568826 7.807670
v -0.483011 -13.959000 7.807670
v 3.889200 -12.569254 7.807670
v 4.684938 -8.899801 7.807666
v 3.889200 -1.560898 7.807666
v -4.291800 8.250456 7.807662
v 0.365430 10.709743 7.807662
v -1.613049 12.645411 7.807662
v -4.291800 13.959002 7.807660
vn -0.0000 -0.0000 -1.0000
vn -0.0000 -0.0000 1.0000
vt 0.277344 0.296875
vt 0.683594 0.332031
vt 0.312500 0.394531
vt 0.718750 0.453125
vt 0.332031 0.492188
vt 0.683594 0.570312
vt 0.277344 0.585938
vt 0.332031 0.671875
vt 0.312500 0.394531
vt 0.312500 0.535156
vt 0.652344 0.554688
vt 0.359375 0.671875
vt 0.683594 0.687500
vt 0.589844 0.753906
vt 0.683594 0.097656
vt 0.699219 0.214844
vt 0.484375 0.097656
vt 0.312500 0.222656
vt 0.312500 0.097656
vt 0.683594 0.687500
vt 0.574219 0.730469
vt 0.500000 0.820312
vt 0.300781 0.812500
vt 0.425781 0.886719
vt 0.312500 0.953125
vt 0.718750 0.281250
vt 0.308594 0.226562
vt 0.652344 0.343750
vt 0.277344 0.296875
vt 0.312500 0.097656
vt 0.484375 0.050781
vt 0.683594 0.097656
vt 0.718750 0.214844
vt 0.683594 0.453125
vt 0.312500 0.769531
vt 0.523438 0.847656
vt 0.433594 0.910156
vt 0.312500 0.953125
s 0
usemtl SC_tri_out
f 1173/1173/828 1172/1172/828 1171/1171/828
f 1173/1173/828 1174/1174/828 1172/1172/828
f 1175/1175/828 1174/1174/828 1173/1173/828
f 1175/1175/828 1176/1176/828 1174/1174/828
f 1177/1177/828 1176/1176/828 1175/1175/828
f 1177/1177/828 1178/1178/828 1176/1176/828
f 1181/1181/829 1180/1180/829 1179/1179/829
f 1181/1181/829 1182/1182/829 1180/1180/829
f 1183/1183/829 1182/1182/829 1181/1181/829
f 1183/1183/829 1184/1184/829 1182/1182/829
f 1187/1187/828 1186/1186/828 1185/1185/828
f 1187/1187/828 1188/1188/828 1186/1186/828
f 1189/1189/828 1188/1188/828 1187/1187/828
f 1178/1178/828 1190/1190/828 1176/1176/828
f 1178/1178/828 1191/1191/828 1190/1190/828
f 1192/1192/828 1191/1191/828 1178/1178/828
f 1193/1193/828 1192/1192/828 1178/1178/828
f 1193/1193/828 1194/1194/828 1192/1192/828
f 1195/1195/828 1194/1194/828 1193/1193/828
f 1198/1198/829 1197/1197/829 1196/1196/829
f 1198/1198/829 1199/1199/829 1197/1197/829
f 1179/1179/829 1199/1199/829 1198/1198/829
f 1188/1188/828 1172/1172/828 1186/1186/828
f 1188/1188/828 1171/1171/828 1172/1172/828
f 1201/1201/829 1197/1197/829 1200/1200/829
f 1201/1201/829 1202/1202/829 1197/1197/829
f 1203/1203/829 1197/1197/829 1202/1202/829
f 1203/1203/829 1196/1196/829 1197/1197/829
f 1204/1204/829 1179/1179/829 1198/1198/829
f 1204/1204/829 1181/1181/829 1179/1179/829
f 1184/1184/829 1205/1205/829 1182/1182/829
f 1184/1184/829 1206/1206/829 1205/1205/829
f 1207/1207/829 1205/1205/829 1206/1206/829
f 1207/1207/829 1208/1208/829 1205/1205/829
o tforce6
v 16.851469 9.055044 7.733537
v 15.119388 8.008349 7.730361
v 13.080167 8.065724 7.733538
v 13.236642 6.345355 7.727186
v 10.508039 9.266438 7.733538
v 12.459360 4.153666 7.727187
v 10.480352 1.569599 7.727185
v 16.851469 9.055036 -7.727190
v 13.080167 7.804716 -7.727190
v 13.891202 6.897830 -7.733541
v 9.309089 8.938993 -7.727190
v 13.591365 5.464077 -7.733541
v 11.392118 2.234455 -7.733538
v 8.530917 0.131896 7.727185
v 8.634676 -2.794595 7.727185
v -9.070437 3.338907 7.727187
v 8.953339 -4.418988 7.727185
v 8.534776 -6.176322 7.727185
v 5.734730 8.807797 -7.727190
v 2.324776 9.045893 -7.727190
v 8.536961 0.138367 -7.733539
v -2.004146 9.047805 -7.727190
v -5.775224 9.046315 -7.727190
v -9.163496 2.493534 -7.733538
v -10.889085 0.189111 -7.733536
v 8.535506 -6.714530 -7.733538
v -12.585310 -2.392680 -7.733536
v -14.884489 -4.974477 -7.733532
v -6.398405 5.755309 -7.727190
v -8.544280 4.250216 -7.727190
v 5.356690 9.570220 7.733534
v 2.324776 9.045897 7.733538
v -2.004146 7.669912 7.733538
v -5.775224 9.046324 7.733538
v -6.866318 7.523510 7.733538
v -8.477734 6.339933 7.733538
v -10.889083 0.189123 7.727186
v -11.365078 -1.401513 7.727186
v -5.775224 9.046324 7.733538
v -7.195133 7.639159 0.003173
v -5.775224 9.046320 0.003173
v -5.775224 9.046315 -7.727190
v -12.902733 -2.992146 7.727186
v -13.113312 -4.582784 7.727190
v -5.775224 9.046315 -7.727190
v -2.004146 7.777938 0.003173
v -5.775224 9.046320 0.003173
v -5.775224 9.046324 7.733538
v 8.940629 -3.897693 -7.733538
v -15.333767 -7.556273 -7.733532
v 8.534776 -10.140983 -7.733534
v 8.534776 -6.176322 7.727185
v 8.534776 -10.140974 2.649088
v -14.562477 -6.173430 7.727185
v -16.851469 -10.138080 2.649088
v -16.851469 -10.138080 2.649088
v 8.534776 -10.140974 2.649088
v -16.851467 -10.138079 -7.733534
v 8.534776 -10.140983 -7.733534
v -12.420028 -2.692415 0.367381
v -11.620319 -1.897099 0.367380
v -11.365078 -1.401513 7.727186
v -12.420028 -2.692415 0.367381
v -11.365078 -1.401513 7.727186
v -12.902733 -2.992146 7.727186
v -12.672593 -4.778630 2.535461
v -12.902733 -2.992146 7.727186
v -13.113312 -4.582784 7.727190
v -16.851469 -10.138080 2.649088
v -15.717728 -8.155741 1.500337
v -14.562477 -6.173430 7.727185
v -13.113312 -4.582784 7.727190
v -13.441268 -6.864841 3.412160
v -12.672593 -4.778630 2.535461
v 16.249367 9.493682 0.003172
v 16.851469 9.055036 -7.727190
v 14.470151 7.074147 1.057332
v 16.851469 9.055036 -7.727190
v 13.891202 6.897830 -7.733541
v 14.470151 7.074147 1.057332
v -15.717728 -8.155741 1.500337
v -13.441268 -6.864841 3.412160
v -14.562477 -6.173430 7.727185
v -12.585310 -2.392680 -7.733536
v -10.889085 0.189111 -7.733536
v -11.620319 -1.897099 0.367380
v -15.717728 -8.155741 1.500337
v -15.333767 -7.556273 -7.733532
v -13.441268 -6.864841 3.412160
v -12.420028 -2.692415 0.367381
v -12.585310 -2.392680 -7.733536
v -11.620319 -1.897099 0.367380
v -13.441268 -6.864841 3.412160
v -14.884489 -4.974477 -7.733532
v -12.672593 -4.778630 2.535461
v -12.672593 -4.778630 2.535461
v -12.585310 -2.392680 -7.733536
v -12.420028 -2.692415 0.367381
v -16.851469 -10.138080 2.649088
v -16.851467 -10.138079 -7.733534
v -15.717728 -8.155741 1.500337
v 8.533939 0.135134 0.996758
v 8.634676 -2.794595 7.727185
v 8.530917 0.131896 7.727185
v 8.469269 -7.543771 1.621923
v 8.534776 -10.140974 2.649088
v 8.534776 -6.176322 7.727185
v 8.533939 0.135134 0.996758
v 10.480352 1.569599 7.727185
v 11.180269 1.581543 -0.003176
v 8.533939 0.135134 0.996758
v 8.530917 0.131896 7.727185
v 10.480352 1.569599 7.727185
v 12.459360 4.153666 7.727187
v 12.312532 3.412724 -0.003178
v 10.480352 1.569599 7.727185
v 13.236642 6.345355 7.727186
v 14.470151 7.074147 1.057332
v 13.091134 5.157030 0.003176
v 15.119388 8.008349 7.730361
v 14.470151 7.074147 1.057332
v 13.236642 6.345355 7.727186
v 8.953339 -4.418988 7.727185
v 7.812544 -3.525715 1.621920
v 9.443685 -5.394055 1.621922
v 7.812544 -3.525715 1.621920
v 8.953339 -4.418988 7.727185
v 8.634676 -2.794595 7.727185
v 9.443685 -5.394055 1.621922
v 8.534776 -6.176322 7.727185
v 8.953339 -4.418988 7.727185
v 8.469269 -7.543771 1.621923
v 8.534776 -10.140983 -7.733534
v 8.534776 -10.140974 2.649088
v 8.533939 0.135134 0.996758
v 11.392118 2.234455 -7.733538
v 8.536961 0.138367 -7.733539
v 11.180269 1.581543 -0.003176
v 11.392118 2.234455 -7.733538
v 8.533939 0.135134 0.996758
v 8.536961 0.138367 -7.733539
v 8.940629 -3.897693 -7.733538
v 7.812544 -3.525715 1.621920
v 8.535506 -6.714530 -7.733538
v 8.534776 -10.140983 -7.733534
v 8.469269 -7.543771 1.621923
v 13.591365 5.464077 -7.733541
v 11.392118 2.234455 -7.733538
v 12.312532 3.412724 -0.003178
v 13.891202 6.897830 -7.733541
v 13.091134 5.157030 0.003176
v 14.470151 7.074147 1.057332
v 13.891202 6.897830 -7.733541
v 13.591365 5.464077 -7.733541
v 13.091134 5.157030 0.003176
v 7.812544 -3.525715 1.621920
v 8.535506 -6.714530 -7.733538
v 9.443685 -5.394055 1.621922
v 12.459360 4.153666 7.727187
v 13.091134 5.157030 0.003176
v 12.312532 3.412724 -0.003178
v 11.180269 1.581543 -0.003176
v 12.312532 3.412724 -0.003178
v 11.392118 2.234455 -7.733538
v 12.312532 3.412724 -0.003178
v 11.180269 1.581543 -0.003176
v 10.480352 1.569599 7.727185
v 13.091134 5.157030 0.003176
v 13.591365 5.464077 -7.733541
v 12.312532 3.412724 -0.003178
v 12.459360 4.153666 7.727187
v 13.236642 6.345355 7.727186
v 13.091134 5.157030 0.003176
v 7.812544 -3.525715 1.621920
v 8.940629 -3.897693 -7.733538
v 8.535506 -6.714530 -7.733538
v 9.443685 -5.394055 1.621922
v 8.535506 -6.714530 -7.733538
v 8.469269 -7.543771 1.621923
v 9.443685 -5.394055 1.621922
v 8.469269 -7.543771 1.621923
v 8.534776 -6.176322 7.727185
v 8.533939 0.135134 0.996758
v 7.812544 -3.525715 1.621920
v 8.634676 -2.794595 7.727185
v 8.533939 0.135134 0.996758
v 8.536961 0.138367 -7.733539
v 7.812544 -3.525715 1.621920
v 14.470151 7.074147 1.057332
v 15.119388 8.008349 7.730361
v 16.851469 9.055044 7.733537
v 16.249367 9.493682 0.003172
v 14.470151 7.074147 1.057332
v 16.851469 9.055044 7.733537
v 5.734730 8.807797 -7.727190
v 4.316274 10.140978 2.508274
v 2.324776 9.045893 -7.727190
v 2.620895 9.875290 1.455904
v 4.316274 10.140978 2.508274
v 2.324776 9.045897 7.733538
v -2.004146 7.777938 0.003173
v 2.620895 9.875290 1.455904
v 2.324776 9.045897 7.733538
v 2.324776 9.045893 -7.727190
v 2.620895 9.875290 1.455904
v -2.004146 7.777938 0.003173
v -2.004146 9.047805 -7.727190
v -2.004146 7.777938 0.003173
v -5.775224 9.046315 -7.727190
v -9.070437 3.338907 7.727187
v -8.950500 4.745798 0.003176
v -8.477734 6.339933 7.733538
v -8.477734 6.339933 7.733538
v -7.195133 7.639159 0.003173
v -6.866318 7.523510 7.733538
v -10.253917 0.434124 1.337834
v -9.070437 3.338907 7.727187
v -10.889083 0.189123 7.727186
v -10.253917 0.434124 1.337834
v -10.889083 0.189123 7.727186
v -11.620319 -1.897099 0.367380
v -10.889085 0.189111 -7.733536
v -9.163496 2.493534 -7.733538
v -10.253917 0.434124 1.337834
v -9.163496 2.493534 -7.733538
v -8.950500 4.745798 0.003176
v -8.897004 2.595536 1.057894
v -9.163496 2.493534 -7.733538
v -8.544280 4.250216 -7.727190
v -8.950500 4.745798 0.003176
v -8.544280 4.250216 -7.727190
v -7.195133 7.639159 0.003173
v -8.950500 4.745798 0.003176
v -7.195133 7.639159 0.003173
v -6.398405 5.755309 -7.727190
v -5.775224 9.046315 -7.727190
v -8.950500 4.745798 0.003176
v -7.195133 7.639159 0.003173
v -8.477734 6.339933 7.733538
v -6.866318 7.523510 7.733538
v -7.195133 7.639159 0.003173
v -5.775224 9.046324 7.733538
v -6.398405 5.755309 -7.727190
v -7.195133 7.639159 0.003173
v -8.544280 4.250216 -7.727190
v -8.897004 2.595536 1.057894
v -8.950500 4.745798 0.003176
v -9.070437 3.338907 7.727187
v -10.889083 0.189123 7.727186
v -11.365078 -1.401513 7.727186
v -11.620319 -1.897099 0.367380
v -9.163496 2.493534 -7.733538
v -8.897004 2.595536 1.057894
v -10.253917 0.434124 1.337834
v -10.889085 0.189111 -7.733536
v -10.253917 0.434124 1.337834
v -11.620319 -1.897099 0.367380
v -8.897004 2.595536 1.057894
v -9.070437 3.338907 7.727187
v -10.253917 0.434124 1.337834
v -2.004146 9.047805 -7.727190
v 2.324776 9.045893 -7.727190
v -2.004146 7.777938 0.003173
v -15.717728 -8.155741 1.500337
v -16.851467 -10.138079 -7.733534
v -15.333767 -7.556273 -7.733532
v -13.441268 -6.864841 3.412160
v -15.333767 -7.556273 -7.733532
v -14.884489 -4.974477 -7.733532
v -12.672593 -4.778630 2.535461
v -12.420028 -2.692415 0.367381
v -12.902733 -2.992146 7.727186
v -12.672593 -4.778630 2.535461
v -14.884489 -4.974477 -7.733532
v -12.585310 -2.392680 -7.733536
v -16.851467 -10.138079 -7.733534
v -14.562477 -6.173430 7.727185
v -13.441268 -6.864841 3.412160
v -13.113312 -4.582784 7.727190
v -14.562477 -6.173430 7.727185
v 13.080167 8.065724 7.733538
v 16.249367 9.493682 0.003172
v 16.851469 9.055044 7.733537
v -5.775224 9.046324 7.733538
v -2.004146 7.777938 0.003173
v -2.004146 7.669912 7.733538
v -2.004146 7.669912 7.733538
v -2.004146 7.777938 0.003173
v 2.324776 9.045897 7.733538
v 2.324776 9.045897 7.733538
v 4.316274 10.140978 2.508274
v 5.356690 9.570220 7.733534
v 5.356690 9.570220 7.733534
v 9.309089 9.052273 0.003172
v 10.508039 9.266438 7.733538
v 10.508039 9.266438 7.733538
v 13.080167 9.053761 -1.178405
v 13.080167 8.065724 7.733538
v 13.080167 7.804716 -7.727190
v 16.249367 9.493682 0.003172
v 13.080167 9.053761 -1.178405
v 2.324776 9.045893 -7.727190
v 4.316274 10.140978 2.508274
v 2.620895 9.875290 1.455904
v 5.734730 8.807797 -7.727190
v 9.309089 9.052273 0.003172
v 4.316274 10.140978 2.508274
v 9.309089 8.938993 -7.727190
v 13.080167 7.804716 -7.727190
v 9.309089 9.052273 0.003172
v 9.309089 9.052273 0.003172
v 13.080167 9.053761 -1.178405
v 10.508039 9.266438 7.733538
v 16.851469 9.055036 -7.727190
v 16.249367 9.493682 0.003172
v 13.080167 7.804716 -7.727190
v 13.080167 9.053761 -1.178405
v 16.249367 9.493682 0.003172
v 13.080167 8.065724 7.733538
v 13.080167 7.804716 -7.727190
v 13.080167 9.053761 -1.178405
v 9.309089 9.052273 0.003172
v 4.316274 10.140978 2.508274
v 9.309089 9.052273 0.003172
v 5.356690 9.570220 7.733534
v 9.309089 8.938993 -7.727190
v 9.309089 9.052273 0.003172
v 5.734730 8.807797 -7.727190
vn 0.0003 -0.0043 1.0000
vn 0.0014 -0.0046 1.0000
vn 0.0014 -0.0054 1.0000
vn 0.0003 -0.0042 1.0000
vn 0.0004 -0.0026 1.0000
vn 0.0014 -0.0045 1.0000
vn 0.0003 -0.0015 1.0000
vn 0.0004 -0.0027 1.0000
vn -0.0000 -0.0042 1.0000
vn 0.0004 -0.0013 1.0000
vn 0.0017 -0.0006 1.0000
vn 0.0011 -0.0008 1.0000
vn 0.0001 0.0051 -1.0000
vn 0.0005 0.0075 -1.0000
vn -0.0018 0.0054 -1.0000
vn -0.0000 0.0051 -1.0000
vn 0.0001 0.0028 -1.0000
vn 0.0005 0.0074 -1.0000
vn -0.0010 0.0005 -1.0000
vn -0.0010 0.0006 -1.0000
vn -0.0005 0.0007 -1.0000
vn -0.0000 -0.0000 1.0000
vn -0.0000 -0.0007 1.0000
vn 0.0001 0.0007 -1.0000
vn -0.0000 0.0007 -1.0000
vn -0.0000 -0.0000 -1.0000
vn 0.0001 0.0009 -1.0000
vn -0.0001 0.0007 -1.0000
vn -0.0004 0.0001 -1.0000
vn -0.0003 0.0004 -1.0000
vn 0.0001 0.0018 -1.0000
vn 0.0001 0.0008 -1.0000
vn 0.0001 0.0019 -1.0000
vn -0.0001 0.0008 -1.0000
vn 0.0001 -0.0006 1.0000
vn 0.0002 -0.0006 1.0000
vn -0.0000 -0.0009 1.0000
vn -0.0001 -0.0010 1.0000
vn -0.0002 -0.0012 1.0000
vn 0.0003 -0.0002 1.0000
vn -0.0000 -0.0012 1.0000
vn 0.0002 -0.0003 1.0000
vn -0.0001 -0.0004 1.0000
vn -0.0000 -0.0008 1.0000
vn -0.4834 0.8754 -0.0000
vn -0.7439 0.6677 -0.0289
vn -0.7039 0.7103 -0.0000
vn 0.0003 -0.0012 1.0000
vn -0.0001 -0.0007 1.0000
vn 0.0006 -0.0008 1.0000
vn 0.0002 -0.0013 1.0000
vn 0.0481 0.9988 -0.0000
vn 0.1516 0.9881 0.0253
vn 0.3188 0.9478 -0.0000
vn -0.0001 -0.7882 0.6154
vn -0.0001 -1.0000 -0.0000
vn -0.0000 0.0009 -1.0000
vn -0.0004 0.0006 -1.0000
vn -0.7050 0.7089 -0.0233
vn -0.7731 0.6343 -0.0048
vn -0.7959 0.6052 -0.0159
vn -0.7189 0.6949 -0.0188
vn -0.8018 0.5974 -0.0137
vn -0.9874 0.1307 -0.0888
vn -0.9764 0.2133 -0.0348
vn -0.8674 0.4976 0.0025
vn -0.8014 0.5978 -0.0197
vn -0.9525 0.3024 -0.0363
vn -0.8836 0.4631 -0.0685
vn -0.9463 0.3100 -0.0920
vn 0.7749 -0.6295 0.0571
vn 0.8214 -0.5622 0.0959
vn 0.9397 0.3374 0.0567
vn 0.6582 -0.7528 -0.0023
vn 0.5888 -0.8080 -0.0226
vn -0.3255 0.9168 -0.2315
vn -0.5876 0.7962 -0.1439
vn -0.5414 0.8289 -0.1409
vn -0.8338 0.5506 0.0397
vn -0.8339 0.5479 0.0658
vn -0.6680 0.7441 -0.0046
vn -0.5146 0.8568 0.0342
vn -0.6251 0.7806 -0.0037
vn -0.7729 0.6340 0.0272
vn -0.7046 0.7085 0.0406
vn -0.7959 0.6053 0.0163
vn -0.9302 0.3525 0.1027
vn -0.8944 0.4072 0.1849
vn -0.8562 0.5117 0.0717
vn -0.9461 0.3237 0.0088
vn -0.9889 0.1463 0.0256
vn -0.9751 0.2207 0.0226
vn -0.8018 0.5973 -0.0209
vn -0.8681 0.4965 -0.0000
vn 0.9994 0.0354 0.0005
vn 0.9557 -0.2942 -0.0101
vn 0.9997 0.0193 -0.0150
vn 0.9975 -0.0705 -0.0030
vn 0.5937 -0.8043 0.0264
vn 0.4917 -0.8697 0.0432
vn 0.6641 -0.7476 0.0120
vn 0.5935 -0.8048 -0.0001
vn 0.7080 -0.7061 -0.0100
vn 0.7932 -0.6075 0.0432
vn 0.8286 -0.5588 0.0342
vn 0.8511 -0.5220 0.0558
vn 0.7566 -0.6521 0.0485
vn 0.7881 -0.6104 0.0791
vn 0.6614 -0.7489 0.0405
vn 0.6925 -0.7209 0.0292
vn 0.9253 0.3782 -0.0286
vn 0.9038 0.4258 -0.0414
vn 0.7526 0.6570 -0.0445
vn 0.9697 0.1902 -0.1534
vn 0.9798 0.1765 -0.0944
vn 0.9664 -0.2302 0.1144
vn 0.9948 -0.0868 0.0530
vn 0.9997 0.0252 -0.0000
vn 0.9977 -0.0676 0.0045
vn 0.5918 -0.8061 -0.0001
vn 0.7072 -0.7069 -0.0099
vn 0.6505 -0.7584 -0.0420
vn 0.4605 -0.8855 -0.0622
vn 0.5796 -0.8145 -0.0267
vn 0.9906 0.1309 0.0402
vn 0.9884 0.0989 0.1153
vn 0.9967 -0.0802 0.0081
vn 1.0000 -0.0002 0.0071
vn 0.8443 -0.5358 0.0062
vn 0.8265 -0.5628 -0.0126
vn 0.7749 -0.6319 -0.0124
vn 0.8663 -0.4995 -0.0054
vn 0.8220 -0.5678 -0.0428
vn 0.9471 -0.3180 0.0438
vn 0.9773 -0.2044 0.0551
vn 0.9226 0.3748 -0.0918
vn 0.7431 0.6488 -0.1637
vn 0.9005 0.4223 -0.1035
vn 0.8883 -0.4586 0.0234
vn 0.9083 -0.4174 0.0269
vn 0.9129 -0.4076 0.0217
vn 0.8504 -0.5258 -0.0211
vn 0.8559 -0.5171 0.0020
vn 0.7752 -0.6317 -0.0059
vn 0.8481 -0.5244 0.0760
vn 0.7744 -0.6312 0.0430
vn 0.8548 -0.5164 0.0506
vn 0.8881 -0.4585 0.0340
vn 0.9123 -0.4074 0.0428
vn 0.9080 -0.4173 0.0374
vn 0.9239 -0.3811 0.0328
vn 0.9420 -0.3341 0.0337
vn 0.9822 -0.1413 0.1240
vn 0.9989 0.0106 0.0451
vn 0.9573 -0.2888 -0.0106
vn 0.9104 -0.4127 -0.0301
vn 0.9830 -0.1823 -0.0205
vn 0.9077 -0.4114 0.0824
vn 0.9564 -0.2883 0.0461
vn 0.9826 -0.1818 0.0375
vn 0.9720 -0.2096 -0.1058
vn 0.9971 -0.0241 -0.0717
vn 0.9099 -0.4098 -0.0641
vn 0.9997 -0.0158 -0.0177
vn 0.9811 -0.1933 0.0003
vn 0.9156 -0.4019 -0.0099
vn 0.5159 -0.8539 0.0693
vn 0.6246 -0.7797 0.0440
vn 0.7815 -0.6165 -0.0959
vn 0.7539 -0.6558 -0.0391
vn 0.9461 0.3043 -0.1112
vn 0.0692 0.9904 -0.1194
vn 0.0325 0.9977 -0.0594
vn -0.2244 0.9674 0.1172
vn -0.1151 0.9916 0.0594
vn -0.2592 0.9636 0.0661
vn -0.4363 0.8945 0.0976
vn -0.3662 0.9288 0.0564
vn -0.2337 0.9694 0.0755
vn -0.2111 0.9774 -0.0103
vn -0.3442 0.9385 -0.0277
vn -0.3936 0.9166 -0.0701
vn -0.0004 0.9868 0.1621
vn -0.0103 0.9943 0.1061
vn -0.9809 0.1937 0.0200
vn -0.9739 0.2269 -0.0049
vn -0.5916 0.8054 0.0372
vn -0.6929 0.7210 -0.0104
vn -0.8641 0.4989 -0.0668
vn -0.8566 0.5143 -0.0421
vn -0.8418 0.5392 -0.0253
vn -0.8490 0.5244 -0.0643
vn -0.8489 0.5270 -0.0408
vn -0.8251 0.5649 0.0112
vn -0.7998 0.5989 0.0398
vn -0.9917 0.1282 0.0084
vn -0.9920 0.1262 0.0002
vn -0.9995 -0.0099 0.0304
vn -0.9538 0.2961 -0.0504
vn -0.9407 0.3318 -0.0707
vn -0.9181 0.3925 -0.0545
vn -0.8182 0.5709 -0.0680
vn -0.8524 0.5171 -0.0779
vn -0.9721 0.1841 -0.1451
vn -0.9035 0.4157 -0.1046
vn -0.8537 0.5179 -0.0546
vn -0.8188 0.5713 -0.0563
vn -0.9186 0.3928 -0.0427
vn -0.8121 0.5819 0.0432
vn -0.7976 0.6031 -0.0073
vn -0.5559 0.7926 -0.2505
vn -0.6783 0.7180 -0.1564
vn -0.9991 -0.0357 -0.0220
vn -0.9932 0.1134 -0.0263
vn -0.9932 0.1154 -0.0180
vn -0.9054 0.4244 0.0139
vn -0.9579 0.2867 0.0139
vn -0.8471 0.5315 0.0010
vn -0.9152 0.4030 0.0029
vn -0.8456 0.5334 0.0194
vn -0.8524 0.5220 0.0306
vn -0.8599 0.5102 0.0151
vn -0.8703 0.4902 0.0477
vn -0.8490 0.5262 -0.0489
vn -0.8489 0.5225 -0.0803
vn -0.9164 0.3974 -0.0475
vn -0.0098 0.9943 0.1062
vn 0.0004 0.9868 0.1621
vn -0.8621 0.5068 -0.0029
vn -0.7982 0.6020 -0.0224
vn -0.9733 0.1694 0.1548
vn -0.9149 0.3995 0.0576
vn -0.9965 0.0550 -0.0631
vn -0.9593 0.2800 -0.0366
vn -0.9842 0.1758 -0.0220
vn -0.7387 0.6579 0.1466
vn -0.8687 0.4879 0.0851
vn -0.7080 0.6451 -0.2873
vn -0.7588 0.6297 -0.1667
vn -0.2530 0.9646 0.0744
vn 0.0155 0.9996 0.0234
vn 0.3428 0.9393 0.0131
vn 0.1642 0.9859 0.0321
vn -0.3029 0.9529 0.0133
vn -0.1631 0.9861 0.0319
vn -0.1687 0.9756 0.1402
vn -0.0869 0.9937 0.0709
vn 0.0588 0.9976 -0.0368
vn 0.0759 0.9962 -0.0419
vn 0.4209 0.9016 0.1000
vn 0.2273 0.9733 0.0309
vn -0.0218 0.9933 -0.1136
vn 0.1102 0.9878 -0.1101
vn -0.0664 0.9801 -0.1869
vn -0.1987 0.9794 -0.0359
vn -0.0530 0.9977 -0.0428
vn -0.1018 0.9911 -0.0862
vn 0.0788 0.9955 -0.0526
vn 0.1271 0.9889 -0.0764
vn 0.1610 0.9813 -0.1055
vn 0.1915 0.9810 -0.0307
vn 0.2880 0.9575 -0.0140
vn -0.0087 0.9996 -0.0264
vn 0.0071 0.9994 -0.0330
vn 0.0422 0.9984 -0.0367
vn -0.3137 0.9463 -0.0781
vn -0.0162 0.9983 -0.0563
vn -0.1762 0.9784 0.1085
vn 0.0548 0.9977 0.0408
vn -0.0773 0.9964 0.0347
vn 0.0171 0.9929 -0.1177
vn -0.0181 0.9934 -0.1137
vn -0.0590 0.9806 -0.1870
vn 0.2404 0.9689 0.0580
vn 0.1674 0.9859 0.0054
vn 0.1190 0.9925 0.0295
vn -0.0367 0.9992 -0.0146
vn 0.0282 0.9991 -0.0309
vt 0.214844 0.171875
vt 0.207031 0.167969
vt 0.195312 0.167969
vt 0.195312 0.156250
vt 0.179688 0.175781
vt 0.191406 0.140625
vt 0.179688 0.125000
vt 0.214844 0.171875
vt 0.195312 0.164062
vt 0.199219 0.160156
vt 0.175781 0.171875
vt 0.199219 0.152344
vt 0.187500 0.128906
vt 0.171875 0.117188
vt 0.171875 0.097656
vt 0.078125 0.136719
vt 0.171875 0.085938
vt 0.171875 0.074219
vt 0.156250 0.171875
vt 0.136719 0.171875
vt 0.171875 0.117188
vt 0.113281 0.171875
vt 0.093750 0.171875
vt 0.078125 0.132812
vt 0.066406 0.117188
vt 0.171875 0.074219
vt 0.058594 0.101562
vt 0.046875 0.082031
vt 0.093750 0.152344
vt 0.082031 0.144531
vt 0.152344 0.175781
vt 0.136719 0.171875
vt 0.113281 0.164062
vt 0.093750 0.171875
vt 0.089844 0.164062
vt 0.082031 0.156250
vt 0.066406 0.117188
vt 0.066406 0.105469
vt 0.203125 0.519531
vt 0.136719 0.750000
vt 0.203125 0.750000
vt 0.203125 0.976562
vt 0.058594 0.097656
vt 0.054688 0.085938
vt 0.203125 0.976562
vt 0.316406 0.750000
vt 0.203125 0.750000
vt 0.203125 0.519531
vt 0.171875 0.089844
vt 0.042969 0.066406
vt 0.171875 0.050781
vt 0.171875 0.074219
vt 0.171875 0.050781
vt 0.046875 0.078125
vt 0.035156 0.050781
vt 0.035156 0.050781
vt 0.171875 0.050781
vt 0.035156 0.050781
vt 0.171875 0.050781
vt 0.312500 0.750000
vt 0.343750 0.746094
vt 0.355469 0.972656
vt 0.312500 0.750000
vt 0.355469 0.972656
vt 0.296875 0.972656
vt 0.253906 0.750000
vt 0.296875 0.972656
vt 0.257812 0.972656
vt 0.078125 0.816406
vt 0.136719 0.750000
vt 0.195312 0.972656
vt 0.257812 0.972656
vt 0.183594 0.750000
vt 0.253906 0.750000
vt 0.855469 0.753906
vt 0.847656 0.523438
vt 0.761719 0.785156
vt 0.847656 0.523438
vt 0.750000 0.523438
vt 0.761719 0.785156
vt 0.136719 0.750000
vt 0.183594 0.750000
vt 0.195312 0.972656
vt 0.328125 0.523438
vt 0.410156 0.523438
vt 0.343750 0.746094
vt 0.136719 0.750000
vt 0.167969 0.523438
vt 0.183594 0.750000
vt 0.312500 0.750000
vt 0.328125 0.523438
vt 0.343750 0.746094
vt 0.183594 0.750000
vt 0.250000 0.523438
vt 0.253906 0.750000
vt 0.253906 0.750000
vt 0.328125 0.523438
vt 0.312500 0.750000
vt 0.078125 0.816406
vt 0.078125 0.523438
vt 0.136719 0.750000
vt 0.484375 0.785156
vt 0.402344 0.984375
vt 0.468750 0.988281
vt 0.265625 0.804688
vt 0.191406 0.832031
vt 0.304688 0.984375
vt 0.484375 0.785156
vt 0.550781 0.988281
vt 0.558594 0.753906
vt 0.484375 0.785156
vt 0.468750 0.988281
vt 0.550781 0.988281
vt 0.652344 0.988281
vt 0.628906 0.753906
vt 0.550781 0.988281
vt 0.722656 0.988281
vt 0.761719 0.785156
vt 0.687500 0.753906
vt 0.796875 0.984375
vt 0.761719 0.785156
vt 0.722656 0.988281
vt 0.359375 0.984375
vt 0.371094 0.804688
vt 0.339844 0.804688
vt 0.371094 0.804688
vt 0.359375 0.984375
vt 0.402344 0.984375
vt 0.339844 0.804688
vt 0.304688 0.984375
vt 0.359375 0.984375
vt 0.265625 0.804688
vt 0.191406 0.523438
vt 0.191406 0.832031
vt 0.484375 0.785156
vt 0.582031 0.523438
vt 0.484375 0.523438
vt 0.558594 0.753906
vt 0.582031 0.523438
vt 0.484375 0.785156
vt 0.484375 0.523438
vt 0.375000 0.523438
vt 0.371094 0.804688
vt 0.289062 0.523438
vt 0.191406 0.523438
vt 0.265625 0.804688
vt 0.703125 0.523438
vt 0.582031 0.523438
vt 0.628906 0.753906
vt 0.750000 0.523438
vt 0.687500 0.753906
vt 0.761719 0.785156
vt 0.750000 0.523438
vt 0.703125 0.523438
vt 0.687500 0.753906
vt 0.371094 0.804688
vt 0.289062 0.523438
vt 0.339844 0.804688
vt 0.652344 0.988281
vt 0.687500 0.753906
vt 0.628906 0.753906
vt 0.558594 0.753906
vt 0.628906 0.753906
vt 0.582031 0.523438
vt 0.628906 0.753906
vt 0.558594 0.753906
vt 0.550781 0.988281
vt 0.687500 0.753906
vt 0.703125 0.523438
vt 0.628906 0.753906
vt 0.652344 0.988281
vt 0.722656 0.988281
vt 0.687500 0.753906
vt 0.371094 0.804688
vt 0.375000 0.523438
vt 0.289062 0.523438
vt 0.339844 0.804688
vt 0.289062 0.523438
vt 0.265625 0.804688
vt 0.339844 0.804688
vt 0.265625 0.804688
vt 0.304688 0.984375
vt 0.484375 0.785156
vt 0.371094 0.804688
vt 0.402344 0.984375
vt 0.484375 0.785156
vt 0.484375 0.523438
vt 0.371094 0.804688
vt 0.761719 0.785156
vt 0.796875 0.984375
vt 0.847656 0.984375
vt 0.855469 0.753906
vt 0.761719 0.785156
vt 0.847656 0.984375
vt 0.593750 0.980469
vt 0.574219 0.675781
vt 0.480469 0.980469
vt 0.468750 0.707031
vt 0.574219 0.675781
vt 0.480469 0.519531
vt 0.316406 0.750000
vt 0.468750 0.707031
vt 0.480469 0.519531
vt 0.480469 0.980469
vt 0.468750 0.707031
vt 0.316406 0.750000
vt 0.332031 0.976562
vt 0.316406 0.750000
vt 0.203125 0.976562
vt 0.027344 0.519531
vt 0.046875 0.750000
vt 0.082031 0.519531
vt 0.082031 0.519531
vt 0.136719 0.750000
vt 0.152344 0.519531
vt 0.410156 0.746094
vt 0.488281 0.968750
vt 0.410156 0.968750
vt 0.410156 0.746094
vt 0.410156 0.968750
vt 0.343750 0.746094
vt 0.410156 0.523438
vt 0.492188 0.523438
vt 0.410156 0.746094
vt 0.015625 0.980469
vt 0.046875 0.750000
vt 0.031250 0.718750
vt 0.015625 0.980469
vt 0.058594 0.980469
vt 0.046875 0.750000
vt 0.058594 0.980469
vt 0.136719 0.750000
vt 0.046875 0.750000
vt 0.136719 0.750000
vt 0.144531 0.980469
vt 0.203125 0.976562
vt 0.046875 0.750000
vt 0.136719 0.750000
vt 0.082031 0.519531
vt 0.152344 0.519531
vt 0.136719 0.750000
vt 0.203125 0.519531
vt 0.144531 0.980469
vt 0.136719 0.750000
vt 0.058594 0.980469
vt 0.031250 0.718750
vt 0.046875 0.750000
vt 0.027344 0.519531
vt 0.410156 0.968750
vt 0.355469 0.972656
vt 0.343750 0.746094
vt 0.492188 0.523438
vt 0.488281 0.750000
vt 0.410156 0.746094
vt 0.410156 0.523438
vt 0.410156 0.746094
vt 0.343750 0.746094
vt 0.488281 0.750000
vt 0.488281 0.968750
vt 0.410156 0.746094
vt 0.332031 0.976562
vt 0.480469 0.980469
vt 0.316406 0.750000
vt 0.136719 0.750000
vt 0.078125 0.523438
vt 0.167969 0.523438
vt 0.183594 0.750000
vt 0.167969 0.523438
vt 0.250000 0.523438
vt 0.253906 0.750000
vt 0.312500 0.750000
vt 0.296875 0.972656
vt 0.253906 0.750000
vt 0.250000 0.523438
vt 0.328125 0.523438
vt 0.035156 0.050781
vt 0.046875 0.078125
vt 0.183594 0.750000
vt 0.257812 0.972656
vt 0.195312 0.972656
vt 0.832031 0.519531
vt 0.972656 0.750000
vt 0.972656 0.519531
vt 0.203125 0.519531
vt 0.316406 0.750000
vt 0.316406 0.519531
vt 0.316406 0.519531
vt 0.316406 0.750000
vt 0.480469 0.519531
vt 0.480469 0.519531
vt 0.574219 0.675781
vt 0.589844 0.519531
vt 0.589844 0.519531
vt 0.714844 0.750000
vt 0.757812 0.519531
vt 0.757812 0.519531
vt 0.835938 0.785156
vt 0.832031 0.519531
vt 0.832031 0.980469
vt 0.972656 0.750000
vt 0.835938 0.785156
vt 0.480469 0.980469
vt 0.574219 0.675781
vt 0.468750 0.707031
vt 0.593750 0.980469
vt 0.714844 0.750000
vt 0.574219 0.675781
vt 0.714844 0.980469
vt 0.832031 0.980469
vt 0.714844 0.750000
vt 0.714844 0.750000
vt 0.835938 0.785156
vt 0.757812 0.519531
vt 0.972656 0.980469
vt 0.972656 0.750000
vt 0.832031 0.980469
vt 0.835938 0.785156
vt 0.972656 0.750000
vt 0.832031 0.519531
vt 0.832031 0.980469
vt 0.835938 0.785156
vt 0.714844 0.750000
vt 0.574219 0.675781
vt 0.714844 0.750000
vt 0.589844 0.519531
vt 0.714844 0.980469
vt 0.714844 0.750000
vt 0.593750 0.980469
s 0
usemtl Z_tri_in
f 1211/1211/830 1210/1210/831 1209/1209/832
f 1211/1211/833 1212/1212/834 1210/1210/835
f 1213/1213/836 1212/1212/837 1211/1211/838
f 1213/1213/839 1214/1214/840 1212/1212/834
f 1215/1215/841 1214/1214/841 1213/1213/839
f 1218/1218/842 1217/1217/843 1216/1216/844
f 1218/1218/845 1219/1219/846 1217/1217/847
s 1
f 1220/1220/848 1219/1219/846 1218/1218/845
s 0
f 1220/1220/849 1221/1221/850 1219/1219/846
f 1224/1224/851 1223/1223/851 1222/1222/852
f 1224/1224/851 1225/1225/851 1223/1223/851
f 1226/1226/851 1225/1225/851 1224/1224/851
f 1229/1229/853 1228/1228/853 1227/1227/853
f 1229/1229/854 1230/1230/854 1228/1228/854
f 1231/1231/854 1230/1230/854 1229/1229/854
f 1234/1234/855 1233/1233/855 1232/1232/856
f 1234/1234/855 1235/1235/855 1233/1233/855
f 1236/1236/855 1235/1235/855 1234/1234/855
f 1229/1229/857 1237/1237/858 1231/1231/858
f 1229/1229/859 1238/1238/860 1237/1237/859
f 1232/1232/861 1238/1238/862 1229/1229/863
f 1240/1240/864 1222/1222/864 1239/1239/864
f 1240/1240/865 1241/1241/866 1222/1222/865
f 1242/1242/867 1222/1222/852 1241/1241/868
f 1242/1242/869 1243/1243/869 1222/1222/869
f 1244/1244/870 1222/1222/871 1243/1243/871
f 1244/1244/870 1224/1224/872 1222/1222/873
f 1245/1245/851 1226/1226/851 1224/1224/851
f 1245/1245/851 1246/1246/851 1226/1226/851
s 1
f 1249/1249/874 1248/1248/875 1247/1247/876
f 1249/1249/874 1250/1250/876 1248/1248/875
s 0
f 1213/1213/877 1222/1222/878 1215/1215/879
f 1213/1213/880 1239/1239/852 1222/1222/852
f 1251/1251/851 1226/1226/851 1246/1246/851
f 1251/1251/851 1252/1252/851 1226/1226/851
s 1
f 1255/1255/881 1254/1254/882 1253/1253/883
f 1255/1255/881 1256/1256/883 1254/1254/882
s 0
f 1257/1257/855 1232/1232/856 1229/1229/857
f 1257/1257/855 1234/1234/855 1232/1232/856
f 1234/1234/855 1258/1258/855 1236/1236/855
f 1234/1234/855 1259/1259/855 1258/1258/855
f 1262/1262/884 1261/1261/884 1260/1260/884
f 1262/1262/884 1263/1263/884 1261/1261/884
f 1266/1266/885 1265/1265/885 1264/1264/885
f 1266/1266/885 1267/1267/885 1265/1265/885
f 1221/1221/886 1227/1227/886 1219/1219/846
f 1221/1221/887 1229/1229/887 1227/1227/887
s 1
f 1270/1270/888 1269/1269/889 1268/1268/890
f 1273/1273/891 1272/1272/891 1271/1271/892
f 1276/1276/893 1275/1275/893 1274/1274/894
f 1279/1279/895 1278/1278/896 1277/1277/895
f 1282/1282/897 1281/1281/898 1280/1280/899
f 1285/1285/900 1284/1284/901 1283/1283/902
f 1288/1288/903 1287/1287/904 1286/1286/904
f 1291/1291/905 1290/1290/906 1289/1289/907
f 1294/1294/908 1293/1293/909 1292/1292/909
f 1297/1297/910 1296/1296/911 1295/1295/912
f 1300/1300/913 1299/1299/914 1298/1298/915
f 1303/1303/916 1302/1302/917 1301/1301/918
f 1306/1306/919 1305/1305/920 1304/1304/921
f 1309/1309/922 1308/1308/923 1307/1307/923
f 1312/1312/924 1311/1311/924 1310/1310/925
f 1315/1315/926 1314/1314/926 1313/1313/927
f 1318/1318/928 1317/1317/929 1316/1316/930
f 1321/1321/931 1320/1320/931 1319/1319/932
f 1324/1324/933 1323/1323/934 1322/1322/933
f 1327/1327/935 1326/1326/936 1325/1325/937
f 1330/1330/938 1329/1329/939 1328/1328/938
f 1333/1333/940 1332/1332/941 1331/1331/942
f 1336/1336/943 1335/1335/943 1334/1334/944
f 1339/1339/945 1338/1338/945 1337/1337/946
f 1342/1342/947 1341/1341/947 1340/1340/948
f 1345/1345/949 1344/1344/949 1343/1343/950
f 1348/1348/951 1347/1347/952 1346/1346/953
f 1351/1351/954 1350/1350/955 1349/1349/955
f 1354/1354/956 1353/1353/957 1352/1352/957
f 1357/1357/958 1356/1356/959 1355/1355/959
f 1360/1360/960 1359/1359/961 1358/1358/962
f 1363/1363/963 1362/1362/964 1361/1361/964
f 1366/1366/965 1365/1365/966 1364/1364/967
f 1369/1369/968 1368/1368/969 1367/1367/970
f 1372/1372/971 1371/1371/972 1370/1370/973
f 1375/1375/974 1374/1374/975 1373/1373/976
f 1378/1378/977 1377/1377/978 1376/1376/979
f 1381/1381/980 1380/1380/981 1379/1379/981
f 1384/1384/982 1383/1383/982 1382/1382/983
f 1387/1387/984 1386/1386/985 1385/1385/986
f 1390/1390/987 1389/1389/988 1388/1388/989
f 1393/1393/990 1392/1392/991 1391/1391/992
f 1396/1396/993 1395/1395/994 1394/1394/995
f 1399/1399/996 1398/1398/996 1397/1397/997
f 1402/1402/998 1401/1401/999 1400/1400/1000
f 1405/1405/1001 1404/1404/1002 1403/1403/1001
f 1408/1408/1003 1407/1407/1004 1406/1406/1005
f 1411/1411/1006 1410/1410/1007 1409/1409/1008
f 1414/1414/1009 1413/1413/1010 1412/1412/1011
f 1417/1417/1012 1416/1416/1013 1415/1415/1012
f 1420/1420/1014 1419/1419/1015 1418/1418/1014
f 1423/1423/1016 1422/1422/1017 1421/1421/1016
f 1426/1426/1018 1425/1425/1018 1424/1424/1019
f 1429/1429/1020 1428/1428/1021 1427/1427/1022
f 1432/1432/1023 1431/1431/1024 1430/1430/1024
f 1435/1435/1025 1434/1434/1026 1433/1433/1027
f 1438/1438/1028 1437/1437/1029 1436/1436/1029
f 1441/1441/1030 1440/1440/1031 1439/1439/1032
f 1444/1444/1033 1443/1443/1033 1442/1442/1034
f 1447/1447/1035 1446/1446/1036 1445/1445/1037
f 1450/1450/1038 1449/1449/1039 1448/1448/1038
f 1453/1453/1040 1452/1452/1041 1451/1451/1040
f 1456/1456/1042 1455/1455/1043 1454/1454/1044
f 1459/1459/1045 1458/1458/1046 1457/1457/1046
f 1462/1462/1047 1461/1461/1048 1460/1460/1049
f 1465/1465/1050 1464/1464/1051 1463/1463/1052
f 1468/1468/1053 1467/1467/1054 1466/1466/1055
f 1471/1471/1056 1470/1470/1057 1469/1469/1057
f 1474/1474/1058 1473/1473/1058 1472/1472/1059
f 1477/1477/1060 1476/1476/1060 1475/1475/1061
f 1480/1480/1062 1479/1479/1063 1478/1478/1064
f 1483/1483/1065 1482/1482/1065 1481/1481/1066
s 0
f 1484/1484/855 1258/1258/855 1259/1259/855
f 1485/1485/851 1226/1226/851 1252/1252/851
s 1
f 1488/1488/1067 1487/1487/1067 1486/1486/1068
f 1491/1491/1069 1490/1490/1070 1489/1489/1069
f 1494/1494/1071 1493/1493/1072 1492/1492/1071
f 1497/1497/1073 1496/1496/1074 1495/1495/1073
f 1500/1500/1075 1499/1499/1076 1498/1498/1075
f 1503/1503/1077 1502/1502/1078 1501/1501/1077
f 1506/1506/1079 1505/1505/1080 1504/1504/1079
f 1509/1509/1081 1508/1508/1082 1507/1507/1083
f 1512/1512/1084 1511/1511/1085 1510/1510/1086
f 1515/1515/1087 1514/1514/1088 1513/1513/1089
f 1518/1518/1090 1517/1517/1091 1516/1516/1091
f 1521/1521/1092 1520/1520/1093 1519/1519/1094
f 1524/1524/1095 1523/1523/1096 1522/1522/1095
f 1527/1527/1097 1526/1526/1098 1525/1525/1099
f 1530/1530/1100 1529/1529/1101 1528/1528/1102
f 1533/1533/1103 1532/1532/1104 1531/1531/1105
f 1536/1536/1106 1535/1535/1107 1534/1534/1106
o tforce6_shine
v -13.031760 -3.022069 7.804458
v -11.478729 -1.415529 7.804458
v -13.244446 -4.628613 7.804461
v 8.620124 -6.238091 7.804461
v -14.708100 -6.235168 7.804461
v 8.620124 -10.242384 2.675579
v -17.019983 -10.239461 2.675579
v -17.019981 -10.239461 -7.810869
v -5.832976 9.136786 7.810872
v -2.024187 7.746614 7.810872
v -6.934981 7.598742 7.810872
v -9.161141 3.372295 7.804458
v -10.997973 0.191013 7.804457
v 17.019983 9.145585 -7.804461
v 13.210967 7.882761 -7.804461
v 14.030114 6.966805 -7.810874
v 9.402178 9.028378 -7.804461
v 13.727277 5.518714 -7.810874
v 5.792078 8.895874 -7.804461
v 2.348023 9.136351 -7.804461
v -6.462389 5.812860 -7.804461
v -8.629722 4.292717 -7.804461
v 8.622331 0.139750 -7.810874
v -9.255131 2.518466 -7.810873
v 9.030037 -3.936671 -7.810873
v 8.620862 -6.781672 -7.810873
v 17.019983 9.145593 7.810872
v 15.270581 8.088428 7.807662
v 13.210967 8.146380 7.810873
v 13.369009 6.408805 7.804458
v 8.616226 0.133215 7.804457
v 10.613120 9.359102 7.810873
v 5.410257 9.665921 7.810869
v -5.832976 9.136778 -7.804461
v -2.024187 9.138281 -7.804461
v 11.506039 2.256797 -7.810873
v -10.997977 0.191002 -7.810872
v -12.711161 -2.416610 -7.810872
v -15.033334 -5.024223 -7.810872
v 9.042874 -4.463180 7.804461
v 8.721023 -2.822546 7.804458
v 8.620125 -10.242393 -7.810869
v -15.487104 -7.631835 -7.810872
v 10.585156 1.585293 7.804458
v 12.583953 4.195200 7.804459
v 2.348024 9.136359 7.810874
v -8.562511 6.403331 7.810873
vn -0.0000 -0.0000 1.0000
vn 0.0001 -0.0819 0.9966
vn -0.0001 -0.5771 0.8167
vn -0.0001 -0.9456 0.3254
vn -0.0001 -0.8944 -0.4472
vn 0.0002 -0.0008 1.0000
vn -0.0004 -0.0009 1.0000
vn -0.0000 -0.0004 1.0000
vn -0.0003 -0.0006 1.0000
vn 0.0001 0.0054 -1.0000
vn 0.0005 0.0075 -1.0000
vn -0.0018 0.0054 -1.0000
vn 0.0002 0.0054 -1.0000
vn 0.0012 0.0054 -1.0000
vn 0.0005 0.0074 -1.0000
vn -0.0003 0.0011 -1.0000
vn -0.0001 0.0017 -1.0000
vn 0.0002 0.0023 -1.0000
vn -0.0000 0.0020 -1.0000
vn -0.0002 0.0012 -1.0000
vn -0.0003 0.0004 -1.0000
vn -0.0001 0.0007 -1.0000
vn -0.0001 0.0005 -1.0000
vn 0.0001 0.0005 -1.0000
vn 0.0001 0.0006 -1.0000
vn -0.0000 -0.0000 -1.0000
vn 0.0014 -0.0026 1.0000
vn 0.0014 -0.0045 1.0000
vn 0.0014 -0.0054 1.0000
vn 0.0014 -0.0027 1.0000
vn 0.0019 -0.0022 1.0000
vn 0.0010 -0.0006 1.0000
vn 0.0020 -0.0023 1.0000
vn 0.0015 -0.0026 1.0000
vn -0.0001 -0.0007 1.0000
vn 0.0008 -0.0006 1.0000
vn 0.0014 -0.0025 1.0000
vn 0.0012 -0.0004 1.0000
vn 0.0002 -0.0004 1.0000
vn 0.0001 -0.4472 -0.8944
vn 0.0009 -0.0006 1.0000
vn 0.0019 -0.0023 1.0000
vn 0.0003 -0.0002 1.0000
vn -0.0000 -0.0003 1.0000
vn -0.0004 0.0002 -1.0000
vn -0.0003 0.0010 -1.0000
vn -0.0000 0.0018 -1.0000
vn 0.0002 -0.0009 1.0000
vn 0.0003 -0.0010 1.0000
vn 0.0018 -0.0025 1.0000
vt 0.152344 0.378906
vt 0.195312 0.449219
vt 0.148438 0.304688
vt 0.726562 0.234375
vt 0.109375 0.234375
vt 0.726562 0.050781
vt 0.046875 0.050781
vt 0.046875 0.050781
vt 0.343750 0.929688
vt 0.445312 0.863281
vt 0.316406 0.859375
vt 0.253906 0.667969
vt 0.207031 0.523438
vt 0.949219 0.929688
vt 0.847656 0.871094
vt 0.867188 0.828125
vt 0.746094 0.921875
vt 0.859375 0.765625
vt 0.652344 0.917969
vt 0.558594 0.929688
vt 0.328125 0.777344
vt 0.269531 0.710938
vt 0.726562 0.519531
vt 0.253906 0.628906
vt 0.738281 0.335938
vt 0.726562 0.207031
vt 0.949219 0.929688
vt 0.902344 0.878906
vt 0.847656 0.882812
vt 0.851562 0.804688
vt 0.726562 0.519531
vt 0.777344 0.937500
vt 0.640625 0.953125
vt 0.343750 0.929688
vt 0.445312 0.929688
vt 0.800781 0.617188
vt 0.207031 0.523438
vt 0.160156 0.406250
vt 0.101562 0.289062
vt 0.738281 0.312500
vt 0.730469 0.386719
vt 0.726562 0.050781
vt 0.089844 0.171875
vt 0.777344 0.585938
vt 0.832031 0.703125
vt 0.558594 0.929688
vt 0.273438 0.804688
s 0
usemtl SC_tri_out
f 1539/1539/1108 1538/1538/1108 1537/1537/1108
s 1
f 1539/1539/1108 1540/1540/1109 1538/1538/1108
f 1541/1541/1110 1540/1540/1109 1539/1539/1108
f 1541/1541/1110 1542/1542/1111 1540/1540/1109
f 1543/1543/1111 1542/1542/1111 1541/1541/1110
f 1543/1543/1111 1544/1544/1112 1542/1542/1111
s 0
f 1547/1547/1113 1546/1546/1108 1545/1545/1108
s 1
f 1547/1547/1114 1540/1540/1109 1546/1546/1115
f 1548/1548/1116 1540/1540/1109 1547/1547/1114
f 1548/1548/1116 1538/1538/1108 1540/1540/1109
s 0
f 1549/1549/1108 1538/1538/1108 1548/1548/1113
f 1552/1552/1117 1551/1551/1118 1550/1550/1119
f 1552/1552/1120 1553/1553/1121 1551/1551/1122
f 1554/1554/1123 1553/1553/1121 1552/1552/1120
f 1554/1554/1124 1555/1555/1124 1553/1553/1121
f 1556/1556/1125 1555/1555/1126 1554/1554/1127
f 1559/1559/1128 1558/1558/1129 1557/1557/1128
f 1559/1559/1130 1560/1560/1131 1558/1558/1129
f 1561/1561/1131 1560/1560/1131 1559/1559/1130
f 1561/1561/1132 1562/1562/1133 1560/1560/1132
f 1565/1565/1134 1564/1564/1135 1563/1563/1136
f 1565/1565/1137 1566/1566/1138 1564/1564/1135
f 1567/1567/1139 1566/1566/1140 1565/1565/1141
f 1569/1569/1108 1565/1565/1134 1568/1568/1108
f 1569/1569/1142 1567/1567/1143 1565/1565/1144
s 1
f 1540/1540/1109 1567/1567/1145 1569/1569/1146
s 0
f 1571/1571/1130 1557/1557/1133 1570/1570/1133
f 1571/1571/1128 1559/1559/1128 1557/1557/1128
f 1572/1572/1128 1559/1559/1128 1571/1571/1128
f 1562/1562/1133 1573/1573/1133 1560/1560/1131
f 1562/1562/1133 1574/1574/1133 1573/1573/1133
f 1575/1575/1133 1574/1574/1133 1562/1562/1133
s 1
f 1577/1577/1108 1540/1540/1109 1576/1576/1108
f 1577/1577/1108 1567/1567/1145 1540/1540/1109
f 1544/1544/1112 1578/1578/1147 1542/1542/1111
f 1544/1544/1112 1579/1579/1133 1578/1578/1147
s 0
f 1581/1581/1108 1567/1567/1148 1580/1580/1108
f 1581/1581/1108 1566/1566/1149 1567/1567/1148
s 1
f 1569/1569/1146 1546/1546/1115 1540/1540/1109
s 0
f 1569/1569/1150 1582/1582/1108 1546/1546/1151
f 1571/1571/1152 1554/1554/1153 1572/1572/1152
f 1571/1571/1130 1556/1556/1154 1554/1554/1127
s 1
f 1579/1579/1133 1562/1562/1133 1578/1578/1147
s 0
f 1579/1579/1133 1575/1575/1133 1562/1562/1133
f 1548/1548/1155 1547/1547/1156 1583/1583/1157
o tforce7
v -7.115244 5.246958 7.730361
v -5.232498 6.909955 7.730361
v 5.889553 -7.274725 7.730361
v -3.500194 7.956439 7.730361
v -3.132084 8.351192 7.730361
v -11.820969 -0.966497 7.730361
v -9.871535 0.471205 7.730361
v -7.892527 3.055271 7.730363
v -11.817110 -7.274715 7.730361
v -11.398546 -5.517381 7.730361
v -11.717210 -3.892990 7.730361
v -11.817110 -11.239376 -7.730358
v 12.539342 -11.239376 -7.730358
v -11.816381 -7.812922 -7.730361
v -11.411257 -4.996089 -7.730361
v -11.814924 -0.960026 -7.730363
v -8.959768 1.136057 -7.730362
v -6.760522 4.365684 -7.730362
v -6.460684 5.799438 -7.730362
v -3.500194 7.956438 -7.730362
v -0.438762 11.239368 -7.730366
v -3.132084 8.351192 7.730361
v -0.438762 11.239372 2.652255
v 5.889553 -7.274725 7.730361
v 12.539342 -11.239370 2.652263
v 12.539342 -11.239370 2.652263
v -0.438762 11.239372 2.652255
v 12.539342 -11.239376 -7.730358
v -0.438762 11.239368 -7.730366
v -11.817110 -7.274715 7.730361
v 5.889553 -7.274725 7.730361
v -11.817110 -11.239367 2.652261
v 12.539342 -11.239370 2.652263
v -11.817110 -11.239376 -7.730358
v -11.817110 -11.239367 2.652261
v 12.539342 -11.239376 -7.730358
v 12.539342 -11.239370 2.652263
v -11.817110 -11.239376 -7.730358
v -11.882617 -8.642164 1.625099
v -11.817110 -11.239367 2.652261
v -11.817110 -7.274715 7.730361
v -10.908200 -6.492449 1.625099
v -11.398546 -5.517381 7.730361
v -11.398546 -5.517381 7.730361
v -12.539342 -4.624108 1.625096
v -11.717210 -3.892990 7.730361
v -12.539342 -4.624108 1.625096
v -11.398546 -5.517381 7.730361
v -10.908200 -6.492449 1.625099
v -5.881735 5.975753 1.054157
v -5.232498 6.909955 7.730361
v -7.115244 5.246958 7.730361
v -5.881735 5.975753 1.054157
v -7.115244 5.246958 7.730361
v -7.260752 4.058637 0.000001
v -8.039354 2.314331 -0.000002
v -7.892527 3.055271 7.730363
v -9.871535 0.471205 7.730361
v -11.820969 -0.966497 7.730361
v -11.817947 -0.963260 0.999934
v -9.871535 0.471205 7.730361
v -9.871535 0.471205 7.730361
v -11.817947 -0.963260 0.999934
v -9.171618 0.483150 -0.000000
v -11.817110 -11.239367 2.652261
v -11.882617 -8.642164 1.625099
v -11.817110 -7.274715 7.730361
v -3.500194 7.956439 7.730361
v -4.102519 8.395287 -0.000003
v -2.760411 10.160197 -0.745161
v -3.500194 7.956439 7.730361
v -2.760411 10.160197 -0.745161
v -3.132084 8.351192 7.730361
v -11.717210 -3.892990 7.730361
v -11.817947 -0.963260 0.999934
v -11.820969 -0.966497 7.730361
v -3.132084 8.351192 7.730361
v -2.760411 10.160197 -0.745161
v -0.438762 11.239372 2.652255
v -0.438762 11.239368 -7.730366
v -2.760411 10.160197 -0.745161
v -3.500194 7.956438 -7.730362
v -3.500194 7.956438 -7.730362
v -2.760411 10.160197 -0.745161
v -4.102519 8.395287 -0.000003
v -3.500194 7.956438 -7.730362
v -4.102519 8.395287 -0.000003
v -5.881735 5.975753 1.054157
v -2.760411 10.160197 -0.745161
v -0.438762 11.239368 -7.730366
v -0.438762 11.239372 2.652255
v -6.460684 5.799438 -7.730362
v -3.500194 7.956438 -7.730362
v -5.881735 5.975753 1.054157
v -5.881735 5.975753 1.054157
v -4.102519 8.395287 -0.000003
v -3.500194 7.956439 7.730361
v -5.232498 6.909955 7.730361
v -5.881735 5.975753 1.054157
v -3.500194 7.956439 7.730361
v -11.814924 -0.960026 -7.730363
v -11.817947 -0.963260 0.999934
v -12.539342 -4.624108 1.625096
v -12.539342 -4.624108 1.625096
v -11.817947 -0.963260 0.999934
v -11.717210 -3.892990 7.730361
v -11.882617 -8.642164 1.625099
v -10.908200 -6.492449 1.625099
v -11.817110 -7.274715 7.730361
v -11.816381 -7.812922 -7.730361
v -10.908200 -6.492449 1.625099
v -11.882617 -8.642164 1.625099
v -11.411257 -4.996089 -7.730361
v -12.539342 -4.624108 1.625096
v -11.816381 -7.812922 -7.730361
v -7.115244 5.246958 7.730361
v -7.892527 3.055271 7.730363
v -7.260752 4.058637 0.000001
v -6.760522 4.365684 -7.730362
v -7.260752 4.058637 0.000001
v -8.039354 2.314331 -0.000002
v -9.171618 0.483150 -0.000000
v -8.039354 2.314331 -0.000002
v -9.871535 0.471205 7.730361
v -8.039354 2.314331 -0.000002
v -9.171618 0.483150 -0.000000
v -8.959768 1.136057 -7.730362
v -7.260752 4.058637 0.000001
v -7.892527 3.055271 7.730363
v -8.039354 2.314331 -0.000002
v -11.816381 -7.812922 -7.730361
v -12.539342 -4.624108 1.625096
v -10.908200 -6.492449 1.625099
v -6.760522 4.365684 -7.730362
v -6.460684 5.799438 -7.730362
v -7.260752 4.058637 0.000001
v -7.260752 4.058637 0.000001
v -6.460684 5.799438 -7.730362
v -5.881735 5.975753 1.054157
v -8.959768 1.136057 -7.730362
v -6.760522 4.365684 -7.730362
v -8.039354 2.314331 -0.000002
v -11.817110 -11.239376 -7.730358
v -11.816381 -7.812922 -7.730361
v -11.882617 -8.642164 1.625099
v -11.411257 -4.996089 -7.730361
v -11.814924 -0.960026 -7.730363
v -12.539342 -4.624108 1.625096
v -8.959768 1.136057 -7.730362
v -9.171618 0.483150 -0.000000
v -11.817947 -0.963260 0.999934
v -8.959768 1.136057 -7.730362
v -11.817947 -0.963260 0.999934
v -11.814924 -0.960026 -7.730363
vn -0.0000 -0.0000 1.0000
vn -0.0000 -0.0000 -1.0000
vn 0.6949 0.4012 0.5968
vn 0.8660 0.5000 -0.0000
vn -0.0000 -0.7882 0.6154
vn -0.0000 -1.0000 -0.0000
vn -0.9997 -0.0252 -0.0000
vn -0.9977 0.0676 -0.0045
vn -0.9664 0.2302 -0.1144
vn -0.9948 0.0868 -0.0530
vn -0.9697 -0.1902 0.1534
vn -0.9798 -0.1765 0.0944
vn -0.9253 -0.3782 0.0286
vn -0.7526 -0.6570 0.0445
vn -0.9038 -0.4258 0.0414
vn -0.6615 0.7489 -0.0405
vn -0.6925 0.7209 -0.0292
vn -0.8511 0.5220 -0.0558
vn -0.7882 0.6104 -0.0790
vn -0.7566 0.6521 -0.0485
vn -0.7932 0.6075 -0.0432
vn -0.8286 0.5588 -0.0342
vn -0.5935 0.8048 0.0001
vn -0.7080 0.7061 0.0100
vn -0.5937 0.8043 -0.0264
vn -0.6641 0.7476 -0.0120
vn -0.4917 0.8697 -0.0432
vn -0.9997 -0.0193 0.0150
vn -0.9975 0.0705 0.0030
vn -0.7321 0.6787 0.0583
vn -0.7877 0.6142 0.0479
vn -0.7724 0.6278 0.0958
vn -0.7267 0.6776 0.1128
vn -0.7083 0.7028 0.0668
vn -0.9994 -0.0354 -0.0005
vn -0.9557 0.2942 0.0101
vn -0.5835 0.7990 0.1450
vn -0.6382 0.7654 0.0831
vn -0.7245 0.6756 -0.1364
vn -0.7087 0.7032 -0.0581
vn -0.8071 0.5884 -0.0480
vn -0.7544 0.6553 -0.0379
vn -0.8114 0.5765 -0.0960
vn -0.7750 0.6294 -0.0571
vn -0.8122 0.5813 -0.0481
vn -0.8214 0.5622 -0.0959
vn -0.4215 0.9068 -0.0000
vn -0.5619 0.8271 0.0104
vn -0.6582 0.7529 0.0023
vn -0.5887 0.8080 0.0226
vn -0.7815 0.6165 0.0959
vn -0.7922 0.6084 0.0480
vn -0.7539 0.6558 0.0391
vn -0.5158 0.8539 -0.0693
vn -0.6246 0.7797 -0.0440
vn -0.9997 0.0158 0.0177
vn -0.9156 0.4019 0.0099
vn -0.9811 0.1933 -0.0003
vn -0.9720 0.2096 0.1058
vn -0.9099 0.4098 0.0642
vn -0.9971 0.0241 0.0717
vn -0.9077 0.4114 -0.0824
vn -0.9826 0.1818 -0.0375
vn -0.9564 0.2884 -0.0462
vn -0.9573 0.2888 0.0106
vn -0.9830 0.1823 0.0205
vn -0.9104 0.4127 0.0301
vn -0.9822 0.1413 -0.1240
vn -0.9989 -0.0106 -0.0451
vn -0.9240 0.3811 -0.0328
vn -0.9420 0.3341 -0.0336
vn -0.8881 0.4584 -0.0340
vn -0.9080 0.4172 -0.0374
vn -0.9123 0.4072 -0.0429
vn -0.8481 0.5244 -0.0760
vn -0.8548 0.5164 -0.0506
vn -0.7744 0.6312 -0.0430
vn -0.8504 0.5258 0.0211
vn -0.7752 0.6317 0.0059
vn -0.8559 0.5171 -0.0020
vn -0.8884 0.4585 -0.0234
vn -0.9129 0.4075 -0.0217
vn -0.9083 0.4174 -0.0268
vn -0.9226 -0.3748 0.0919
vn -0.9005 -0.4223 0.1035
vn -0.7431 -0.6488 0.1637
vn -0.9471 0.3179 -0.0438
vn -0.9773 0.2044 -0.0551
vn -0.7749 0.6319 0.0125
vn -0.8221 0.5678 0.0428
vn -0.8663 0.4995 0.0054
vn -0.8443 0.5358 -0.0062
vn -0.8265 0.5628 0.0126
vn -0.9967 0.0802 -0.0081
vn -1.0000 0.0002 -0.0071
vn -0.9906 -0.1309 -0.0402
vn -0.9884 -0.0989 -0.1153
vn -0.6505 0.7584 0.0420
vn -0.5796 0.8145 0.0267
vn -0.4605 0.8855 0.0622
vn -0.5918 0.8061 0.0001
vn -0.7072 0.7069 0.0099
vt 0.066406 0.140625
vt 0.074219 0.148438
vt 0.132812 0.066406
vt 0.082031 0.156250
vt 0.085938 0.160156
vt 0.039062 0.101562
vt 0.050781 0.113281
vt 0.062500 0.125000
vt 0.039062 0.066406
vt 0.046875 0.074219
vt 0.039062 0.085938
vt 0.039062 0.042969
vt 0.167969 0.042969
vt 0.039062 0.062500
vt 0.042969 0.078125
vt 0.039062 0.101562
vt 0.054688 0.117188
vt 0.066406 0.132812
vt 0.066406 0.144531
vt 0.082031 0.156250
vt 0.101562 0.175781
vt 0.085938 0.160156
vt 0.101562 0.175781
vt 0.132812 0.066406
vt 0.167969 0.042969
vt 0.167969 0.042969
vt 0.101562 0.175781
vt 0.167969 0.042969
vt 0.101562 0.175781
vt 0.039062 0.066406
vt 0.132812 0.066406
vt 0.039062 0.042969
vt 0.167969 0.042969
vt 0.039062 0.042969
vt 0.039062 0.042969
vt 0.167969 0.042969
vt 0.167969 0.042969
vt 0.191406 0.523438
vt 0.265625 0.804688
vt 0.191406 0.832031
vt 0.304688 0.984375
vt 0.339844 0.804688
vt 0.359375 0.984375
vt 0.359375 0.984375
vt 0.371094 0.804688
vt 0.402344 0.988281
vt 0.371094 0.804688
vt 0.359375 0.984375
vt 0.339844 0.804688
vt 0.761719 0.785156
vt 0.796875 0.984375
vt 0.722656 0.988281
vt 0.761719 0.785156
vt 0.722656 0.988281
vt 0.687500 0.753906
vt 0.628906 0.753906
vt 0.652344 0.988281
vt 0.550781 0.988281
vt 0.484375 0.988281
vt 0.484375 0.785156
vt 0.550781 0.988281
vt 0.550781 0.988281
vt 0.484375 0.785156
vt 0.562500 0.753906
vt 0.191406 0.832031
vt 0.265625 0.804688
vt 0.304688 0.984375
vt 0.847656 0.984375
vt 0.855469 0.753906
vt 0.929688 0.753906
vt 0.847656 0.984375
vt 0.929688 0.753906
vt 0.867188 0.984375
vt 0.402344 0.988281
vt 0.484375 0.785156
vt 0.484375 0.988281
vt 0.867188 0.984375
vt 0.929688 0.753906
vt 0.984375 0.832031
vt 0.984375 0.523438
vt 0.929688 0.753906
vt 0.847656 0.523438
vt 0.847656 0.523438
vt 0.929688 0.753906
vt 0.855469 0.753906
vt 0.847656 0.523438
vt 0.855469 0.753906
vt 0.761719 0.785156
vt 0.929688 0.753906
vt 0.984375 0.523438
vt 0.984375 0.832031
vt 0.750000 0.523438
vt 0.847656 0.523438
vt 0.761719 0.785156
vt 0.761719 0.785156
vt 0.855469 0.753906
vt 0.847656 0.984375
vt 0.796875 0.984375
vt 0.761719 0.785156
vt 0.847656 0.984375
vt 0.484375 0.523438
vt 0.484375 0.785156
vt 0.371094 0.804688
vt 0.371094 0.804688
vt 0.484375 0.785156
vt 0.402344 0.988281
vt 0.265625 0.804688
vt 0.339844 0.804688
vt 0.304688 0.984375
vt 0.289062 0.523438
vt 0.339844 0.804688
vt 0.265625 0.804688
vt 0.375000 0.523438
vt 0.371094 0.804688
vt 0.289062 0.523438
vt 0.722656 0.988281
vt 0.652344 0.988281
vt 0.687500 0.753906
vt 0.703125 0.523438
vt 0.687500 0.753906
vt 0.628906 0.753906
vt 0.562500 0.753906
vt 0.628906 0.753906
vt 0.550781 0.988281
vt 0.628906 0.753906
vt 0.562500 0.753906
vt 0.582031 0.523438
vt 0.687500 0.753906
vt 0.652344 0.988281
vt 0.628906 0.753906
vt 0.289062 0.523438
vt 0.371094 0.804688
vt 0.339844 0.804688
vt 0.703125 0.523438
vt 0.750000 0.523438
vt 0.687500 0.753906
vt 0.687500 0.753906
vt 0.750000 0.523438
vt 0.761719 0.785156
vt 0.582031 0.523438
vt 0.703125 0.523438
vt 0.628906 0.753906
vt 0.191406 0.523438
vt 0.289062 0.523438
vt 0.265625 0.804688
vt 0.375000 0.523438
vt 0.484375 0.523438
vt 0.371094 0.804688
vt 0.582031 0.523438
vt 0.562500 0.753906
vt 0.484375 0.785156
vt 0.582031 0.523438
vt 0.484375 0.785156
vt 0.484375 0.523438
s 0
usemtl Z_tri_in
f 1586/1586/1158 1585/1585/1158 1584/1584/1158
f 1586/1586/1158 1587/1587/1158 1585/1585/1158
f 1588/1588/1158 1587/1587/1158 1586/1586/1158
f 1586/1586/1158 1590/1590/1158 1589/1589/1158
f 1586/1586/1158 1591/1591/1158 1590/1590/1158
f 1584/1584/1158 1591/1591/1158 1586/1586/1158
f 1586/1586/1158 1593/1593/1158 1592/1592/1158
f 1586/1586/1158 1594/1594/1158 1593/1593/1158
f 1589/1589/1158 1594/1594/1158 1586/1586/1158
f 1597/1597/1159 1596/1596/1159 1595/1595/1159
f 1597/1597/1159 1598/1598/1159 1596/1596/1159
f 1599/1599/1159 1596/1596/1159 1598/1598/1159
f 1599/1599/1159 1600/1600/1159 1596/1596/1159
f 1601/1601/1159 1596/1596/1159 1600/1600/1159
f 1601/1601/1159 1602/1602/1159 1596/1596/1159
f 1603/1603/1159 1596/1596/1159 1602/1602/1159
f 1603/1603/1159 1604/1604/1159 1596/1596/1159
f 1607/1607/1160 1606/1606/1160 1605/1605/1160
f 1607/1607/1160 1608/1608/1160 1606/1606/1160
f 1611/1611/1161 1610/1610/1161 1609/1609/1161
f 1611/1611/1161 1612/1612/1161 1610/1610/1161
f 1615/1615/1162 1614/1614/1162 1613/1613/1162
f 1615/1615/1162 1616/1616/1162 1614/1614/1162
f 1619/1619/1163 1618/1618/1163 1617/1617/1163
f 1619/1619/1163 1620/1620/1163 1618/1618/1163
s 1
f 1623/1623/1164 1622/1622/1165 1621/1621/1164
f 1626/1626/1166 1625/1625/1167 1624/1624/1166
f 1629/1629/1168 1628/1628/1169 1627/1627/1168
f 1632/1632/1170 1631/1631/1171 1630/1630/1172
f 1635/1635/1173 1634/1634/1173 1633/1633/1174
f 1638/1638/1175 1637/1637/1176 1636/1636/1177
f 1641/1641/1178 1640/1640/1178 1639/1639/1179
f 1644/1644/1180 1643/1643/1181 1642/1642/1180
f 1647/1647/1182 1646/1646/1183 1645/1645/1184
f 1650/1650/1185 1649/1649/1186 1648/1648/1185
f 1653/1653/1187 1652/1652/1188 1651/1651/1189
f 1656/1656/1190 1655/1655/1191 1654/1654/1190
f 1659/1659/1192 1658/1658/1193 1657/1657/1192
f 1662/1662/1194 1661/1661/1195 1660/1660/1194
f 1665/1665/1196 1664/1664/1197 1663/1663/1196
f 1668/1668/1198 1667/1667/1199 1666/1666/1200
f 1671/1671/1201 1670/1670/1202 1669/1669/1203
f 1674/1674/1204 1673/1673/1204 1672/1672/1205
f 1677/1677/1206 1676/1676/1207 1675/1675/1207
f 1680/1680/1208 1679/1679/1209 1678/1678/1210
f 1683/1683/1211 1682/1682/1212 1681/1681/1211
f 1686/1686/1213 1685/1685/1214 1684/1684/1215
f 1689/1689/1216 1688/1688/1217 1687/1687/1218
f 1692/1692/1219 1691/1691/1220 1690/1690/1221
f 1695/1695/1222 1694/1694/1223 1693/1693/1224
f 1698/1698/1225 1697/1697/1226 1696/1696/1225
f 1701/1701/1227 1700/1700/1228 1699/1699/1228
f 1704/1704/1229 1703/1703/1230 1702/1702/1231
f 1707/1707/1232 1706/1706/1233 1705/1705/1234
f 1710/1710/1235 1709/1709/1236 1708/1708/1237
f 1713/1713/1238 1712/1712/1239 1711/1711/1240
f 1716/1716/1241 1715/1715/1242 1714/1714/1243
f 1719/1719/1244 1718/1718/1245 1717/1717/1245
f 1722/1722/1246 1721/1721/1247 1720/1720/1248
f 1725/1725/1249 1724/1724/1250 1723/1723/1250
f 1728/1728/1251 1727/1727/1252 1726/1726/1252
f 1731/1731/1253 1730/1730/1254 1729/1729/1254
f 1734/1734/1255 1733/1733/1256 1732/1732/1257
f 1737/1737/1258 1736/1736/1259 1735/1735/1258
o tforce7_shine
v -11.934543 -7.891049 -7.807662
v -11.935279 -11.351768 -7.807660
v 12.664735 -11.351768 -7.807660
v -11.935279 -11.351762 2.678784
v 12.664735 -11.351764 2.678785
v 5.948447 -7.347474 7.807665
v -0.443150 11.351765 2.678778
v -7.186397 5.299428 7.807662
v -5.284824 6.979053 7.807662
v -7.971452 3.085824 7.807667
v -9.970249 0.475917 7.807664
v -11.939178 -0.976161 7.807664
v -3.535196 8.036007 7.807662
v -3.163404 8.434704 7.807662
v -9.049366 1.147417 -7.807664
v -11.933072 -0.969626 -7.807667
v -11.525368 -5.046052 -7.807662
v -11.834381 -3.931921 7.807665
v -11.512530 -5.572555 7.807665
v -11.935279 -7.347466 7.807665
v -6.828127 4.409338 -7.807665
v -6.525292 5.857430 -7.807665
v -3.535196 8.035999 -7.807665
v -0.443150 11.351761 -7.807668
vn 0.2100 -0.1213 -0.9701
vn -0.0000 -0.7072 -0.7071
vn -0.0000 -0.0000 -1.0000
vn -0.0000 -0.9456 0.3254
vn 0.7206 -0.4095 0.5596
vn 0.1318 -0.0734 0.9886
vn 0.8222 0.4746 0.3143
vn -0.0000 -0.0000 1.0000
vn 0.3889 0.2245 0.8935
vn -0.0000 -0.4385 0.8987
vn 0.6124 0.3535 -0.7071
vt 0.046875 0.187500
vt 0.046875 0.050781
vt 0.949219 0.050781
vt 0.046875 0.050781
vt 0.949219 0.050781
vt 0.703125 0.210938
vt 0.468750 0.953125
vt 0.222656 0.710938
vt 0.292969 0.777344
vt 0.191406 0.625000
vt 0.121094 0.519531
vt 0.046875 0.464844
vt 0.355469 0.820312
vt 0.367188 0.835938
vt 0.152344 0.546875
vt 0.046875 0.464844
vt 0.062500 0.300781
vt 0.050781 0.347656
vt 0.062500 0.281250
vt 0.046875 0.210938
vt 0.234375 0.675781
vt 0.246094 0.734375
vt 0.355469 0.820312
vt 0.468750 0.953125
s 1
usemtl SC_tri_out
f 1740/1740/1260 1739/1739/1261 1738/1738/1262
f 1740/1740/1260 1741/1741/1263 1739/1739/1261
f 1742/1742/1264 1741/1741/1263 1740/1740/1260
f 1742/1742/1264 1743/1743/1265 1741/1741/1263
f 1744/1744/1266 1743/1743/1265 1742/1742/1264
s 0
f 1747/1747/1267 1746/1746/1267 1745/1745/1267
s 1
f 1747/1747/1267 1743/1743/1265 1746/1746/1267
f 1748/1748/1267 1743/1743/1265 1747/1747/1267
f 1748/1748/1267 1749/1749/1267 1743/1743/1265
f 1743/1743/1265 1750/1750/1267 1746/1746/1267
f 1743/1743/1265 1751/1751/1268 1750/1750/1267
f 1744/1744/1266 1751/1751/1268 1743/1743/1265
f 1740/1740/1260 1753/1753/1262 1752/1752/1262
f 1740/1740/1260 1754/1754/1262 1753/1753/1262
f 1738/1738/1262 1754/1754/1262 1740/1740/1260
f 1755/1755/1267 1743/1743/1265 1749/1749/1267
f 1755/1755/1267 1756/1756/1267 1743/1743/1265
f 1757/1757/1269 1743/1743/1265 1756/1756/1267
f 1757/1757/1269 1741/1741/1263 1743/1743/1265
f 1758/1758/1262 1740/1740/1260 1752/1752/1262
f 1758/1758/1262 1759/1759/1262 1740/1740/1260
f 1760/1760/1262 1740/1740/1260 1759/1759/1262
f 1760/1760/1262 1761/1761/1270 1740/1740/1260
f 1740/1740/1260 1744/1744/1266 1742/1742/1264
f 1740/1740/1260 1761/1761/1270 1744/1744/1266
o tforce8
v 7.701927 -12.105839 7.730365
v 5.769416 -12.562651 7.730365
v -2.338268 5.284279 7.730361
v 4.158358 -12.457490 7.730366
v 3.061732 -12.105839 7.730365
v 1.036733 -10.080839 7.730365
v -0.427149 -7.222929 7.730362
v -2.386039 -5.306427 7.730362
v -12.062727 -4.005847 -7.730361
v -7.255436 -3.129637 -7.730362
v -2.338267 12.837410 -7.730366
v -5.038268 -4.005846 -7.730361
v -2.614522 -6.030842 -7.730361
v -0.988268 -8.055847 -7.730361
v 0.697764 -10.803533 -7.730358
v 3.061732 -12.105844 -7.730358
v 5.216021 -12.129642 -7.730358
v 7.562230 -11.855771 -7.730358
v 9.812478 -12.837417 -7.730358
v 3.061732 -12.105844 -7.730358
v 3.061732 -12.105843 0.000004
v 4.960223 -11.204934 0.000004
v 3.061732 -12.105839 7.730365
v -5.038267 -4.005844 7.730362
v -3.013267 -6.030842 0.000001
v -5.038267 -4.005844 0.000001
v -5.038268 -4.005846 -7.730361
v -5.038268 -4.005846 -7.730361
v -7.836944 -3.960656 0.000001
v -5.038267 -4.005844 0.000001
v -5.038267 -4.005844 7.730362
v 3.061732 -12.105843 0.000004
v 3.061732 -12.105844 -7.730358
v 0.697765 -10.803529 0.000004
v 0.697764 -10.803533 -7.730358
v -2.338267 12.837410 -7.730366
v 12.062728 -12.105844 -7.730358
v -2.338268 12.837412 2.652255
v 12.062725 -12.105843 2.652263
v 7.701927 -12.105839 7.730365
v -2.338268 5.284279 7.730361
v 12.062725 -12.105843 2.652263
v -2.338268 12.837412 2.652255
v -5.038267 -4.005844 7.730362
v -7.701924 -3.566642 7.730362
v -12.062727 -4.005844 2.652259
v -12.062727 -4.005847 -7.730361
v -2.338268 12.837412 2.652255
v -2.338267 12.837410 -7.730366
v -7.701924 -3.566642 7.730362
v -12.062727 -4.005844 2.652259
v -2.338268 5.284279 7.730361
v -2.338268 12.837412 2.652255
v 5.769416 -12.562651 7.730365
v 7.701927 -12.105839 7.730365
v 8.757203 -12.837414 0.000004
v 4.960223 -11.204934 0.000004
v 5.769416 -12.562651 7.730365
v 7.219905 -11.780349 0.000004
v 3.061732 -12.105839 7.730365
v 4.158358 -12.457490 7.730366
v 4.960223 -11.204934 0.000004
v 8.757203 -12.837414 0.000004
v 7.701927 -12.105839 7.730365
v 12.062725 -12.105843 2.652263
v 8.757203 -12.837414 0.000004
v 12.062725 -12.105843 2.652263
v 9.812478 -12.837417 -7.730358
v 12.062725 -12.105843 2.652263
v 12.062728 -12.105844 -7.730358
v 9.812478 -12.837417 -7.730358
v 7.219905 -11.780349 0.000004
v 9.812478 -12.837417 -7.730358
v 7.562230 -11.855771 -7.730358
v 4.960223 -11.204934 0.000004
v 7.562230 -11.855771 -7.730358
v 5.216021 -12.129642 -7.730358
v 4.960223 -11.204934 0.000004
v 5.216021 -12.129642 -7.730358
v 3.061732 -12.105844 -7.730358
v -7.836944 -3.960656 0.000001
v -5.038268 -4.005846 -7.730361
v -7.255436 -3.129637 -7.730362
v -7.836944 -3.960656 0.000001
v -9.882327 -4.896003 1.095411
v -7.701924 -3.566642 7.730362
v -7.836944 -3.960656 0.000001
v -7.255436 -3.129637 -7.730362
v -12.062727 -4.005847 -7.730361
v -9.882327 -4.896003 1.095411
v -12.062727 -4.005847 -7.730361
v -12.062727 -4.005844 2.652259
v -7.836944 -3.960656 0.000001
v -12.062727 -4.005847 -7.730361
v -9.882327 -4.896003 1.095411
v -7.836944 -3.960656 0.000001
v -7.701924 -3.566642 7.730362
v -5.038267 -4.005844 7.730362
v -9.882327 -4.896003 1.095411
v -12.062727 -4.005844 2.652259
v -7.701924 -3.566642 7.730362
v 12.062728 -12.105844 -7.730358
v 0.697765 -10.803529 0.000004
v 1.036733 -10.080839 7.730365
v 3.061732 -12.105843 0.000004
v -0.988267 -7.222931 0.000004
v 0.697765 -10.803529 0.000004
v -0.988268 -8.055847 -7.730361
v -0.988267 -7.222931 0.000004
v -0.427149 -7.222929 7.730362
v 0.697765 -10.803529 0.000004
v -3.013267 -6.030842 0.000001
v -2.386039 -5.306427 7.730362
v -0.988267 -7.222931 0.000004
v -3.013267 -6.030842 0.000001
v -0.988267 -7.222931 0.000004
v -2.614522 -6.030842 -7.730361
v -3.013267 -6.030842 0.000001
v -5.038267 -4.005844 7.730362
v -2.386039 -5.306427 7.730362
v -2.386039 -5.306427 7.730362
v -0.427149 -7.222929 7.730362
v -0.988267 -7.222931 0.000004
v -0.427149 -7.222929 7.730362
v 1.036733 -10.080839 7.730365
v 0.697765 -10.803529 0.000004
v 1.036733 -10.080839 7.730365
v 3.061732 -12.105839 7.730365
v 3.061732 -12.105843 0.000004
v -0.988267 -7.222931 0.000004
v -0.988268 -8.055847 -7.730361
v -2.614522 -6.030842 -7.730361
v 0.697765 -10.803529 0.000004
v 0.697764 -10.803533 -7.730358
v -0.988268 -8.055847 -7.730361
v -5.038268 -4.005846 -7.730361
v -3.013267 -6.030842 0.000001
v -2.614522 -6.030842 -7.730361
v 7.219905 -11.780349 0.000004
v 8.757203 -12.837414 0.000004
v 9.812478 -12.837417 -7.730358
v 4.960223 -11.204934 0.000004
v 7.219905 -11.780349 0.000004
v 7.562230 -11.855771 -7.730358
v 4.960223 -11.204934 0.000004
v 4.158358 -12.457490 7.730366
v 5.769416 -12.562651 7.730365
v 7.219905 -11.780349 0.000004
v 5.769416 -12.562651 7.730365
v 8.757203 -12.837414 0.000004
vn -0.0000 -0.0000 1.0000
vn -0.0000 -0.0000 -1.0000
vn 0.4287 -0.9034 -0.0000
vn -0.7071 -0.7071 -0.0000
vn -0.0161 -0.9999 -0.0000
vn -0.4825 -0.8759 -0.0000
vn 0.8660 0.5000 -0.0000
vn 0.6949 0.4012 0.5968
vn -0.8660 0.5000 -0.0000
vn -0.6996 0.4140 0.5824
vn -0.7040 0.4267 0.5677
vn -0.6949 0.4012 0.5968
vn 0.2283 -0.9658 0.1226
vn -0.2442 -0.9591 -0.1429
vn -0.3002 -0.9362 -0.1828
vn 0.1291 -0.9854 0.1109
vn 0.1955 -0.9803 0.0267
vn 0.3092 -0.9510 -0.0000
vn -0.3998 -0.9165 -0.0088
vn 0.1151 -0.9859 0.1217
vn -0.0110 -0.9929 0.1184
vn -0.3646 -0.9225 -0.1266
vn 0.4325 -0.9008 0.0384
vn 0.1786 -0.9796 -0.0919
vn -0.3780 -0.9258 -0.0000
vn 0.3303 -0.9275 -0.1752
vn -0.1625 -0.9853 0.0531
vn -0.2030 -0.9451 0.2561
vn -0.4800 -0.8713 0.1025
vn -0.9038 -0.4256 0.0459
vn -0.9028 -0.4251 0.0655
vn -0.5036 -0.8554 0.1210
vn -0.5071 -0.8615 -0.0262
vn -0.4372 -0.8915 0.1190
vn -0.6984 -0.7139 0.0507
vn -0.8871 -0.4544 0.0814
vn -0.7779 -0.6247 0.0673
vn -0.8523 -0.5230 -0.0000
vn -0.6408 -0.7670 -0.0331
vn -0.5649 -0.8215 -0.0771
vn -0.2468 -0.9691 -0.0015
vn -0.0642 -0.9840 -0.1661
vn -0.5567 -0.8096 -0.1864
vt 0.179688 0.058594
vt 0.167969 0.058594
vt 0.105469 0.187500
vt 0.156250 0.058594
vt 0.144531 0.058594
vt 0.128906 0.074219
vt 0.113281 0.089844
vt 0.097656 0.105469
vt 0.031250 0.117188
vt 0.058594 0.117188
vt 0.105469 0.242188
vt 0.085938 0.117188
vt 0.097656 0.105469
vt 0.113281 0.089844
vt 0.128906 0.074219
vt 0.144531 0.058594
vt 0.160156 0.058594
vt 0.179688 0.058594
vt 0.195312 0.058594
vt 0.398438 0.519531
vt 0.398438 0.753906
vt 0.464844 0.753906
vt 0.398438 0.984375
vt 0.046875 0.988281
vt 0.148438 0.753906
vt 0.046875 0.753906
vt 0.046875 0.519531
vt 0.046875 0.519531
vt -0.031250 0.750000
vt 0.046875 0.750000
vt 0.046875 0.988281
vt 0.398438 0.753906
vt 0.394531 0.523438
vt 0.332031 0.753906
vt 0.328125 0.523438
vt 0.105469 0.242188
vt 0.210938 0.058594
vt 0.105469 0.242188
vt 0.210938 0.058594
vt 0.179688 0.058594
vt 0.105469 0.187500
vt 0.210938 0.058594
vt 0.105469 0.242188
vt 0.085938 0.117188
vt 0.062500 0.117188
vt 0.031250 0.117188
vt 0.031250 0.117188
vt 0.105469 0.242188
vt 0.105469 0.242188
vt 0.062500 0.117188
vt 0.031250 0.117188
vt 0.105469 0.187500
vt 0.105469 0.242188
vt 0.492188 0.984375
vt 0.558594 0.984375
vt 0.597656 0.753906
vt 0.464844 0.753906
vt 0.492188 0.984375
vt 0.542969 0.753906
vt 0.398438 0.984375
vt 0.433594 0.984375
vt 0.464844 0.753906
vt 0.597656 0.753906
vt 0.558594 0.984375
vt 0.699219 0.832031
vt 0.597656 0.753906
vt 0.699219 0.832031
vt 0.636719 0.519531
vt 0.699219 0.832031
vt 0.699219 0.515625
vt 0.636719 0.519531
vt 0.542969 0.753906
vt 0.636719 0.519531
vt 0.558594 0.519531
vt 0.464844 0.753906
vt 0.558594 0.519531
vt 0.476562 0.519531
vt 0.464844 0.753906
vt 0.476562 0.519531
vt 0.398438 0.519531
vt -0.031250 0.750000
vt 0.046875 0.519531
vt -0.015625 0.519531
vt -0.031250 0.750000
vt -0.089844 0.785156
vt -0.027344 0.988281
vt -0.031250 0.750000
vt -0.015625 0.519531
vt -0.156250 0.519531
vt -0.089844 0.785156
vt -0.156250 0.519531
vt -0.156250 0.832031
vt -0.031250 0.750000
vt -0.156250 0.519531
vt -0.089844 0.785156
vt -0.031250 0.750000
vt -0.027344 0.988281
vt 0.046875 0.988281
vt -0.089844 0.785156
vt -0.156250 0.832031
vt -0.027344 0.988281
vt 0.210938 0.058594
vt 0.332031 0.753906
vt 0.312500 0.988281
vt 0.398438 0.753906
vt 0.203125 0.753906
vt 0.332031 0.753906
vt 0.226562 0.519531
vt 0.203125 0.753906
vt 0.210938 0.988281
vt 0.332031 0.753906
vt 0.148438 0.753906
vt 0.128906 0.988281
vt 0.203125 0.753906
vt 0.148438 0.753906
vt 0.203125 0.753906
vt 0.148438 0.519531
vt 0.148438 0.753906
vt 0.046875 0.988281
vt 0.128906 0.988281
vt 0.128906 0.988281
vt 0.210938 0.988281
vt 0.203125 0.753906
vt 0.210938 0.988281
vt 0.312500 0.988281
vt 0.332031 0.753906
vt 0.312500 0.988281
vt 0.394531 0.988281
vt 0.398438 0.753906
vt 0.203125 0.753906
vt 0.226562 0.519531
vt 0.148438 0.519531
vt 0.332031 0.753906
vt 0.328125 0.523438
vt 0.226562 0.519531
vt 0.046875 0.519531
vt 0.148438 0.753906
vt 0.148438 0.519531
vt 0.542969 0.753906
vt 0.597656 0.753906
vt 0.636719 0.519531
vt 0.464844 0.753906
vt 0.542969 0.753906
vt 0.558594 0.519531
vt 0.464844 0.753906
vt 0.433594 0.984375
vt 0.492188 0.984375
vt 0.542969 0.753906
vt 0.492188 0.984375
vt 0.597656 0.753906
s 0
usemtl Z_tri_in
f 1764/1764/1271 1763/1763/1271 1762/1762/1271
f 1764/1764/1271 1765/1765/1271 1763/1763/1271
f 1766/1766/1271 1765/1765/1271 1764/1764/1271
f 1764/1764/1271 1767/1767/1271 1766/1766/1271
f 1764/1764/1271 1768/1768/1271 1767/1767/1271
f 1769/1769/1271 1768/1768/1271 1764/1764/1271
f 1772/1772/1272 1771/1771/1272 1770/1770/1272
f 1772/1772/1272 1773/1773/1272 1771/1771/1272
f 1774/1774/1272 1773/1773/1272 1772/1772/1272
f 1772/1772/1272 1775/1775/1272 1774/1774/1272
f 1772/1772/1272 1776/1776/1272 1775/1775/1272
f 1777/1777/1272 1776/1776/1272 1772/1772/1272
f 1772/1772/1272 1778/1778/1272 1777/1777/1272
f 1772/1772/1272 1779/1779/1272 1778/1778/1272
f 1780/1780/1272 1779/1779/1272 1772/1772/1272
f 1783/1783/1273 1782/1782/1273 1781/1781/1273
f 1783/1783/1273 1784/1784/1273 1782/1782/1273
f 1787/1787/1274 1786/1786/1274 1785/1785/1274
f 1787/1787/1274 1788/1788/1274 1786/1786/1274
f 1791/1791/1275 1790/1790/1275 1789/1789/1275
f 1791/1791/1275 1792/1792/1275 1790/1790/1275
f 1795/1795/1276 1794/1794/1276 1793/1793/1276
f 1795/1795/1276 1796/1796/1276 1794/1794/1276
f 1799/1799/1277 1798/1798/1277 1797/1797/1277
f 1799/1799/1277 1800/1800/1277 1798/1798/1277
f 1803/1803/1278 1802/1802/1278 1801/1801/1278
f 1803/1803/1278 1804/1804/1278 1802/1802/1278
f 1764/1764/1271 1805/1805/1271 1769/1769/1271
f 1764/1764/1271 1806/1806/1271 1805/1805/1271
f 1809/1809/1279 1808/1808/1279 1807/1807/1279
f 1809/1809/1279 1810/1810/1279 1808/1808/1279
s 1
f 1813/1813/1280 1812/1812/1280 1811/1811/1281
f 1813/1813/1280 1814/1814/1282 1812/1812/1280
s 0
f 1817/1817/1283 1816/1816/1283 1815/1815/1283
f 1820/1820/1284 1819/1819/1284 1818/1818/1284
f 1823/1823/1285 1822/1822/1285 1821/1821/1285
f 1826/1826/1286 1825/1825/1286 1824/1824/1286
f 1829/1829/1287 1828/1828/1287 1827/1827/1287
f 1832/1832/1288 1831/1831/1288 1830/1830/1288
f 1835/1835/1289 1834/1834/1289 1833/1833/1289
f 1838/1838/1290 1837/1837/1290 1836/1836/1290
f 1841/1841/1291 1840/1840/1291 1839/1839/1291
f 1844/1844/1292 1843/1843/1292 1842/1842/1292
f 1847/1847/1293 1846/1846/1293 1845/1845/1293
f 1850/1850/1294 1849/1849/1294 1848/1848/1294
f 1853/1853/1295 1852/1852/1295 1851/1851/1295
f 1856/1856/1296 1855/1855/1296 1854/1854/1296
f 1859/1859/1297 1858/1858/1297 1857/1857/1297
f 1862/1862/1298 1861/1861/1298 1860/1860/1298
f 1863/1863/1272 1780/1780/1272 1772/1772/1272
f 1866/1866/1299 1865/1865/1299 1864/1864/1299
f 1869/1869/1300 1868/1868/1300 1867/1867/1300
f 1872/1872/1301 1871/1871/1301 1870/1870/1301
f 1875/1875/1302 1874/1874/1302 1873/1873/1302
f 1878/1878/1303 1877/1877/1303 1876/1876/1303
f 1881/1881/1304 1880/1880/1304 1879/1879/1304
f 1884/1884/1305 1883/1883/1305 1882/1882/1305
f 1887/1887/1306 1886/1886/1306 1885/1885/1306
f 1890/1890/1274 1889/1889/1274 1888/1888/1274
f 1893/1893/1307 1892/1892/1307 1891/1891/1307
f 1896/1896/1308 1895/1895/1308 1894/1894/1308
f 1899/1899/1309 1898/1898/1309 1897/1897/1309
f 1902/1902/1310 1901/1901/1310 1900/1900/1310
f 1905/1905/1311 1904/1904/1311 1903/1903/1311
f 1908/1908/1312 1907/1907/1312 1906/1906/1312
f 1911/1911/1313 1910/1910/1313 1909/1909/1313
o tforce8_shine
v -5.088650 -4.045900 -7.807662
v 12.183353 -12.226905 -7.807662
v -7.327990 -3.160933 -7.807662
v -2.361650 12.965784 -7.807668
v -12.183353 -4.045902 -7.807662
v -2.361650 12.965785 2.678777
v -12.183353 -4.045903 2.678782
v -2.361651 5.337121 7.807662
v -7.778944 -3.602308 7.807665
v -5.088650 -4.045905 7.807665
v 0.704742 -10.911569 -7.807660
v 3.092350 -12.226906 -7.807662
v -0.998150 -8.136405 -7.807662
v 5.268181 -12.250939 -7.807662
v -2.640667 -6.091150 -7.807662
v 7.637852 -11.974328 -7.807660
v 9.910603 -12.965791 -7.807662
v 12.183353 -12.226902 2.678786
v -2.409900 -5.359489 7.807665
v -0.431421 -7.295156 7.807665
v 1.047100 -10.181648 7.807668
v 3.092350 -12.226897 7.807668
v 4.199942 -12.582064 7.807670
v 5.827111 -12.688277 7.807668
v 7.778946 -12.226899 7.807668
vn -0.0000 -0.0000 -1.0000
vn 0.2738 0.1581 -0.9487
vn 0.0003 -0.0000 -1.0000
vn 0.3273 0.5670 -0.7559
vn -0.7746 0.4472 -0.4472
vn -0.3167 0.8421 0.4365
vn -0.7886 0.4623 0.4054
vn -0.0008 0.1555 0.9878
vn -0.3976 0.2409 0.8854
vn -0.0000 -0.0000 1.0000
vn 0.8221 0.4747 0.3143
vn 0.3888 0.2245 0.8935
vt 0.308594 0.363281
vt 0.949219 0.078125
vt 0.226562 0.390625
vt 0.410156 0.953125
vt 0.046875 0.363281
vt 0.410156 0.953125
vt 0.046875 0.363281
vt 0.410156 0.687500
vt 0.210938 0.375000
vt 0.308594 0.363281
vt 0.523438 0.125000
vt 0.613281 0.078125
vt 0.460938 0.218750
vt 0.691406 0.078125
vt 0.402344 0.289062
vt 0.781250 0.085938
vt 0.863281 0.050781
vt 0.949219 0.078125
vt 0.410156 0.316406
vt 0.480469 0.250000
vt 0.535156 0.148438
vt 0.613281 0.078125
vt 0.652344 0.066406
vt 0.714844 0.062500
vt 0.785156 0.078125
s 1
usemtl SC_tri_out
f 1914/1914/1314 1913/1913/1315 1912/1912/1316
f 1914/1914/1314 1915/1915/1317 1913/1913/1315
f 1916/1916/1318 1915/1915/1317 1914/1914/1314
f 1916/1916/1318 1917/1917/1319 1915/1915/1317
f 1918/1918/1320 1917/1917/1319 1916/1916/1318
f 1918/1918/1320 1919/1919/1321 1917/1917/1319
f 1920/1920/1322 1919/1919/1321 1918/1918/1320
f 1920/1920/1322 1921/1921/1323 1919/1919/1321
s 0
f 1924/1924/1314 1923/1923/1314 1922/1922/1314
f 1924/1924/1314 1925/1925/1314 1923/1923/1314
f 1926/1926/1314 1925/1925/1314 1924/1924/1314
f 1926/1926/1314 1927/1927/1314 1925/1925/1314
s 1
f 1927/1927/1314 1913/1913/1315 1928/1928/1314
f 1927/1927/1314 1912/1912/1316 1913/1913/1315
s 0
f 1926/1926/1314 1912/1912/1314 1927/1927/1314
s 1
f 1915/1915/1317 1929/1929/1324 1913/1913/1315
f 1915/1915/1317 1917/1917/1319 1929/1929/1324
f 1930/1930/1323 1919/1919/1321 1921/1921/1323
f 1930/1930/1323 1931/1931/1323 1919/1919/1321
f 1932/1932/1323 1919/1919/1321 1931/1931/1323
f 1932/1932/1323 1933/1933/1323 1919/1919/1321
f 1934/1934/1323 1919/1919/1321 1933/1933/1323
f 1934/1934/1323 1935/1935/1323 1919/1919/1321
f 1936/1936/1325 1919/1919/1321 1935/1935/1323
f 1936/1936/1325 1929/1929/1324 1919/1919/1321
f 1917/1917/1319 1919/1919/1321 1929/1929/1324
