# Blender v2.77 (sub 0) OBJ File: ''
# www.blender.org
mtllib Vent.mtl
o GathererVentMesh.mo_GathererVentMesh.md
v 0.306527 4.335716 0.217558
v 0.306527 4.335716 0.156065
v 0.459055 4.173213 0.156065
v 0.306527 4.335716 0.217558
v 0.255682 4.118718 0.156065
v 0.306527 4.335716 0.156065
v 0.597483 4.456233 0.217558
v 0.604535 4.233470 0.156065
v 0.597483 4.456233 0.156065
v 0.597483 4.456233 0.217558
v 0.597483 4.456233 0.156065
v 0.786873 4.338745 0.156065
v 0.847330 4.647947 0.217558
v 0.911798 4.434602 0.156065
v 0.847330 4.647947 0.156065
v 0.847330 4.647947 0.217558
v 0.847330 4.647947 0.156065
v 1.060678 4.583480 0.156065
v 1.039048 4.897795 0.217558
v 1.156535 4.708405 0.156065
v 1.039048 4.897795 0.156065
v 1.039048 4.897795 0.217558
v 1.039048 4.897795 0.156065
v 1.261808 4.890745 0.156065
v -0.005708 4.294608 0.156065
v -0.005708 4.098165 0.156065
v 0.099045 4.098165 0.156065
v 0.099045 4.098165 0.156065
v -0.005708 4.294608 0.217560
v -0.005708 4.294608 0.156065
v 0.459055 4.173213 0.156065
v 0.255682 4.118718 0.156065
v 0.255682 4.118718 0.125323
v 0.459055 4.173213 0.125323
v 0.786873 4.338745 0.156065
v 0.604535 4.233470 0.156065
v 0.604535 4.233470 0.125323
v 0.786873 4.338745 0.125323
v 1.060678 4.583480 0.156065
v 0.911798 4.434602 0.156065
v 0.911798 4.434602 0.125323
v 1.060678 4.583480 0.125323
v 1.261808 4.890745 0.156065
v 1.156535 4.708405 0.156065
v 1.156535 4.708405 0.125323
v 1.261808 4.890745 0.125323
v 0.099045 4.098165 0.156065
v -0.005708 4.098165 0.156065
v -0.005708 4.098165 0.125323
v 0.099045 4.098165 0.125323
v 1.156535 4.708405 0.125323
v 1.274022 4.519016 0.125323
v 0.911798 4.434602 0.125323
v 0.976263 4.221258 0.125323
v 0.604535 4.233470 0.125323
v 0.611585 4.010710 0.125323
v 0.255682 4.118718 0.125323
v 0.204840 3.901722 0.125323
v 1.261808 4.890745 0.125323
v 1.484568 4.883693 0.125323
v 1.060678 4.583480 0.125323
v 1.274022 4.519016 0.125323
v 0.786873 4.338745 0.125323
v 0.976263 4.221258 0.125323
v 0.611585 4.010710 0.125323
v 0.459055 4.173213 0.125323
v 0.204840 3.901722 0.125323
v 0.099045 4.098165 0.156065
v 0.099045 4.098165 0.125323
v 0.255682 4.118718 -0.014375
v 0.459055 4.173213 -0.014375
v 0.604532 4.233470 -0.014375
v 0.786873 4.338743 -0.014375
v 0.911798 4.434602 -0.014375
v 1.060678 4.583480 -0.014375
v 1.156535 4.708405 -0.014375
v 1.261808 4.890745 -0.014375
v -0.005707 4.098165 -0.014375
v 0.099045 4.098165 -0.014375
v 1.274022 4.519016 -0.014375
v 1.156535 4.708405 -0.014375
v 0.976263 4.221256 -0.014375
v 0.911798 4.434602 -0.014375
v 0.611585 4.010710 -0.014375
v 0.604532 4.233470 -0.014375
v 0.204840 3.901722 -0.014375
v 0.255682 4.118718 -0.014375
v 1.261808 4.890745 -0.014375
v 1.484568 4.883693 -0.014375
v 1.060678 4.583480 -0.014375
v 1.274022 4.519016 -0.014375
v 0.786873 4.338743 -0.014375
v 0.976263 4.221256 -0.014375
v 0.459055 4.173213 -0.014375
v 0.611585 4.010710 -0.014375
v 0.099045 4.098165 -0.014375
v 0.204840 3.901722 -0.014375
v -1.273185 5.111615 0.141520
v -1.339875 5.111615 0.117585
v -1.339875 3.222623 0.148692
v -1.273185 3.222623 0.172627
v -1.339875 2.605648 0.148692
v -1.273185 2.605648 0.172627
v -1.339875 2.061975 0.148692
v -1.273185 2.061975 0.172627
v -1.339875 1.628258 0.148692
v -1.273185 1.628258 0.172627
v -1.339903 1.237463 0.148672
v -1.273190 1.237172 0.172717
v -1.339857 1.180158 0.156150
v -1.273198 1.186602 0.179497
v -1.339865 1.130700 0.177040
v -1.273198 1.142945 0.197915
v -1.339865 1.088760 0.209452
v -1.273195 1.105868 0.226560
v -1.339865 1.056347 0.251392
v -1.273198 1.077225 0.263637
v -1.339857 1.035457 0.300855
v -1.273198 1.058807 0.307287
v -1.339903 1.027980 0.356067
v -1.273190 1.052025 0.355877
v -1.339875 1.028003 0.466760
v -1.273185 1.051933 0.466760
v -1.339895 1.027985 0.831565
v -1.273190 1.052025 0.831392
v -1.339865 1.022115 0.875427
v -1.273200 1.045470 0.881878
v -1.339863 1.005390 0.915043
v -1.273198 1.026265 0.927288
v -1.339865 0.979457 0.948595
v -1.273198 0.996565 0.965702
v -1.339863 0.945905 0.974525
v -1.273198 0.958150 0.995402
v -1.339867 0.906298 0.991253
v -1.273198 0.912735 1.014608
v -1.339895 0.864530 0.997122
v -1.273190 0.864230 1.021163
v -1.339885 0.507497 0.997450
v -1.339875 0.150468 0.997780
v -1.273185 0.150468 1.021713
v -1.339875 0.000000 0.997962
v -1.273185 0.000000 1.021900
v -1.173823 3.184343 0.056180
v -1.173820 5.079835 0.056180
v -1.273185 5.111615 0.141520
v -1.273185 3.222623 0.172627
v -1.173823 0.000000 0.905395
v -1.173823 0.150468 0.905268
v -1.273185 0.150468 1.021713
v -1.273185 0.000000 1.021900
v -1.173823 0.826097 0.904702
v -1.273190 0.864230 1.021163
v -1.173823 0.875030 0.898065
v -1.273198 0.912735 1.014608
v -1.173823 0.920970 0.878642
v -1.273198 0.958150 0.995402
v -1.173823 0.959828 0.848602
v -1.273198 0.996565 0.965702
v -1.173823 0.989868 0.809745
v -1.273198 1.026265 0.927288
v -1.173823 1.009290 0.763805
v -1.273200 1.045470 0.881878
v -1.173823 1.015930 0.712890
v -1.273190 1.052025 0.831392
v -1.173823 1.015850 0.348117
v -1.273185 1.051933 0.466760
v -1.173823 1.015930 0.237387
v -1.273190 1.052025 0.355877
v -1.173823 1.022625 0.189225
v -1.273198 1.058807 0.307287
v -1.173823 1.040828 0.146092
v -1.273198 1.077225 0.263637
v -1.173823 1.069130 0.109460
v -1.273195 1.105868 0.226560
v -1.173823 1.105765 0.081157
v -1.273198 1.142945 0.197915
v -1.173823 1.148895 0.062955
v -1.273198 1.186602 0.179497
v -1.173823 1.199037 0.056260
v -1.273190 1.237172 0.172717
v -1.173823 1.589978 0.056180
v -1.273185 1.628258 0.172627
v -1.173823 2.023695 0.056180
v -1.273185 2.061975 0.172627
v -1.173823 2.567368 0.056180
v -1.273185 2.605648 0.172627
v -1.339875 3.222623 0.148692
v -1.339875 5.111615 0.117585
v -1.339875 5.111615 -0.006393
v -1.339875 3.222623 -0.006393
v -1.339875 2.605648 0.148692
v -1.339875 2.605648 -0.006393
v -1.339875 2.061975 0.148692
v -1.339875 2.061975 -0.006393
v -1.339875 1.628258 0.148692
v -1.339875 1.628258 -0.006393
v -1.339903 1.237463 0.148672
v -1.339903 1.237463 -0.006393
v -1.339857 1.180158 0.156150
v -1.339857 1.180158 -0.006393
v -1.339885 0.507497 0.997450
v -1.339895 0.864530 0.997122
v -1.339895 0.864530 0.502317
v -1.339885 0.507497 0.502480
v -1.339895 0.864530 -0.006393
v -1.339885 0.507497 -0.006393
v -1.339875 0.150468 -0.006393
v -1.339875 0.150468 0.502645
v -1.339875 0.150468 0.997780
v -1.339875 0.000000 0.502705
v -1.339875 0.000000 0.997962
v -1.339875 0.000000 -0.006393
v -1.339867 0.906298 0.991253
v -1.339863 0.945905 0.974525
v -1.339865 0.979457 0.948595
v -1.339863 1.005390 0.915043
v -1.339865 1.022115 0.875427
v -1.339895 1.027985 0.831565
v -1.339875 1.028003 0.466760
v -1.339903 1.027980 0.356067
v 1.273185 5.111615 0.141523
v 1.273185 3.222623 0.172628
v 1.339875 3.222623 0.148693
v 1.339875 5.111615 0.117585
v 1.273185 2.605648 0.172628
v 1.339875 2.605648 0.148693
v 1.273185 2.061975 0.172628
v 1.339875 2.061975 0.148693
v 1.273185 1.628258 0.172628
v 1.339875 1.628258 0.148693
v 1.273190 1.237172 0.172718
v 1.339875 1.237463 0.148673
v 1.273198 1.186602 0.179498
v 1.339875 1.180158 0.156150
v 1.273198 1.142945 0.197915
v 1.339875 1.130700 0.177040
v 1.273198 1.105868 0.226560
v 1.339875 1.088760 0.209453
v 1.273198 1.077225 0.263638
v 1.339875 1.056347 0.251393
v 1.273198 1.058807 0.307290
v 1.339875 1.035457 0.300858
v 1.273190 1.052025 0.355880
v 1.339875 1.027980 0.356068
v 1.273185 1.051933 0.466760
v 1.339875 1.028003 0.466760
v 1.273190 1.052025 0.831392
v 1.339875 1.027985 0.831565
v 1.273200 1.045470 0.881878
v 1.339875 1.022115 0.875428
v 1.273198 1.026265 0.927288
v 1.339875 1.005390 0.915043
v 1.273198 0.996565 0.965703
v 1.339875 0.979457 0.948595
v 1.273198 0.958150 0.995403
v 1.339875 0.945905 0.974525
v 1.273198 0.912735 1.014607
v 1.339875 0.906298 0.991253
v 1.273190 0.864230 1.021162
v 1.339875 0.864530 0.997123
v 1.273185 0.150468 1.021712
v 1.339875 0.150468 0.997780
v 1.339875 0.507497 0.997450
v 1.273185 0.000000 1.021900
v 1.339875 0.000000 0.997963
v 1.173823 3.184343 0.056180
v 1.273185 3.222623 0.172628
v 1.273185 5.111615 0.141523
v 1.173823 5.079835 0.056180
v 1.173823 0.000000 0.905395
v 1.273185 0.000000 1.021900
v 1.273185 0.150468 1.021712
v 1.173823 0.150468 0.905268
v 1.273190 0.864230 1.021162
v 1.173823 0.826097 0.904703
v 1.273198 0.912735 1.014607
v 1.173823 0.875030 0.898065
v 1.273198 0.958150 0.995403
v 1.173823 0.920970 0.878643
v 1.273198 0.996565 0.965703
v 1.173823 0.959828 0.848602
v 1.273198 1.026265 0.927288
v 1.173823 0.989868 0.809745
v 1.273200 1.045470 0.881878
v 1.173823 1.009290 0.763805
v 1.273190 1.052025 0.831392
v 1.173823 1.015930 0.712890
v 1.273185 1.051933 0.466760
v 1.173823 1.015850 0.348118
v 1.273190 1.052025 0.355880
v 1.173823 1.015930 0.237388
v 1.273198 1.058807 0.307290
v 1.173823 1.022625 0.189225
v 1.273198 1.077225 0.263638
v 1.173823 1.040828 0.146095
v 1.273198 1.105868 0.226560
v 1.173823 1.069130 0.109460
v 1.273198 1.142945 0.197915
v 1.173823 1.105765 0.081158
v 1.273198 1.186602 0.179498
v 1.173823 1.148895 0.062955
v 1.273190 1.237172 0.172718
v 1.173823 1.199037 0.056260
v 1.273185 1.628258 0.172628
v 1.173823 1.589978 0.056180
v 1.273185 2.061975 0.172628
v 1.173823 2.023695 0.056180
v 1.273185 2.605648 0.172628
v 1.173823 2.567365 0.056180
v 0.586910 5.079835 0.056180
v 0.586910 3.184343 0.056180
v 0.586910 2.567365 0.056180
v 0.586910 2.023695 0.056180
v 0.586910 1.589978 0.056180
v 0.586910 1.199037 0.056260
v 0.586910 1.148895 0.062955
v 0.586910 1.105765 0.081158
v 0.586910 1.069130 0.109460
v 0.586910 1.040828 0.146093
v 0.586910 1.022625 0.189225
v 0.586910 1.015930 0.237388
v 0.586910 1.015850 0.348118
v 0.586910 1.015930 0.712890
v 0.586910 1.009290 0.763805
v 0.586910 0.989868 0.809745
v 0.586910 0.959828 0.848602
v 0.586910 0.920970 0.878642
v 0.586910 0.875030 0.898065
v 0.586910 0.826097 0.904702
v 0.586910 0.150468 0.905268
v 0.586910 0.000000 0.905395
v -0.000000 3.184343 0.056180
v -0.000000 4.810165 0.056180
v -0.009530 4.806218 0.056180
v -0.501468 5.009985 0.056180
v -0.586910 3.184343 0.056180
v -0.586910 5.079835 0.056180
v -0.530400 5.079835 0.056180
v -0.586910 2.567365 0.056180
v -0.000000 2.567365 0.056180
v -0.586910 2.023695 0.056180
v -0.000000 2.023695 0.056180
v -0.586910 1.589978 0.056180
v -0.000000 1.589978 0.056180
v -0.586910 1.199037 0.056260
v -0.000000 1.199037 0.056260
v -0.586910 1.148895 0.062955
v -0.000000 1.148895 0.062955
v -0.586910 1.105765 0.081157
v -0.000000 1.105765 0.081157
v -0.586910 1.069130 0.109460
v -0.000000 1.069130 0.109460
v -0.586910 1.040828 0.146092
v -0.000000 1.040828 0.146093
v -0.586910 1.022625 0.189225
v -0.000000 1.022625 0.189225
v -0.586910 1.015930 0.237387
v -0.000000 1.015930 0.237387
v -0.586910 1.015850 0.348117
v -0.000000 1.015850 0.348118
v -0.586910 1.015930 0.712890
v -0.000000 1.015930 0.712890
v -0.586910 1.009290 0.763805
v -0.000000 1.009290 0.763805
v -0.586910 0.989868 0.809745
v -0.000000 0.989868 0.809745
v -0.586910 0.959828 0.848602
v -0.000000 0.959828 0.848602
v -0.586910 0.920970 0.878642
v -0.000000 0.920970 0.878642
v -0.586910 0.875030 0.898065
v -0.000000 0.875030 0.898065
v -0.586910 0.826097 0.904702
v -0.000000 0.826097 0.904702
v -0.586910 0.150468 0.905268
v -0.000000 0.150468 0.905268
v -0.586910 0.000000 0.905395
v -0.000000 0.000000 0.905395
v -1.339857 1.035457 0.300855
v -1.339865 1.056347 0.251392
v -1.339865 1.088760 0.209452
v -1.339865 1.130700 0.177040
v 0.482410 5.009985 0.056180
v 0.511342 5.079835 0.056180
v 0.000720 6.129472 0.200000
v 0.000720 5.976480 -0.475492
v 0.204013 5.942388 -0.464415
v 0.219747 6.090852 0.200000
v 0.000720 5.665990 -1.084863
v 0.204013 5.636990 -1.063793
v 0.000720 5.182390 -1.568462
v 0.204013 5.161323 -1.539462
v 0.000720 4.573020 -1.878950
v 0.204013 4.561945 -1.844860
v 0.000720 3.897527 -1.985937
v 0.204013 3.897527 -1.950093
v 0.382785 5.844225 -0.432520
v 0.412358 5.979648 0.200000
v 0.382785 5.553487 -1.003125
v 0.382785 5.100652 -1.455960
v 0.382785 4.530048 -1.746697
v 0.382785 3.897527 -1.846877
v 0.515475 5.693830 -0.383655
v 0.555318 5.809275 0.200000
v 0.515475 5.425556 -0.910175
v 0.515475 5.007705 -1.328025
v 0.515475 4.481183 -1.596303
v 0.515475 3.897527 -1.688745
v 0.555318 5.809275 0.200000
v 0.515475 5.693830 -0.383655
v 0.586078 5.509346 -0.323710
v 0.631385 5.600280 0.200000
v 0.515475 5.425556 -0.910175
v 0.586078 5.268620 -0.796158
v 0.515475 5.007705 -1.328025
v 0.586078 4.893685 -1.171093
v 0.515475 4.481183 -1.596303
v 0.586078 4.421240 -1.411815
v 0.515475 3.897527 -1.688745
v 0.586078 3.897527 -1.494765
v 0.631385 5.600280 0.200000
v 0.586078 5.509346 -0.323710
v 0.586078 5.313020 -0.259920
v 0.631385 5.377876 0.200000
v 0.586078 5.268620 -0.796158
v 0.586077 5.101617 -0.674820
v 0.586078 4.893685 -1.171093
v 0.586078 4.772350 -1.004088
v 0.586078 4.421240 -1.411815
v 0.586078 4.357450 -1.215490
v 0.586078 3.897527 -1.494765
v 0.586078 3.897527 -1.288335
v 0.631385 5.377876 0.200000
v 0.586078 5.313020 -0.259920
v 0.515475 5.128532 -0.199977
v 0.555318 5.168880 0.200000
v 0.586077 5.101617 -0.674820
v 0.515475 4.944683 -0.560803
v 0.586078 4.772350 -1.004088
v 0.515475 4.658330 -0.847155
v 0.586078 4.357450 -1.215490
v 0.515475 4.297505 -1.031005
v 0.586078 3.897527 -1.288335
v 0.515475 3.897527 -1.094355
v 0.555318 5.168880 0.200000
v 0.515475 5.128532 -0.199977
v 0.382785 4.978137 -0.151112
v 0.412358 4.998508 0.200000
v 0.515475 4.944683 -0.560803
v 0.382785 4.816750 -0.467852
v 0.515475 4.658330 -0.847155
v 0.382785 4.565382 -0.719222
v 0.515475 4.297505 -1.031005
v 0.382785 4.248640 -0.880610
v 0.515475 3.897527 -1.094355
v 0.382785 3.897527 -0.936220
v 0.204012 4.879975 -0.119218
v 0.219747 4.887302 0.200000
v 0.204013 4.733247 -0.407185
v 0.204013 4.504715 -0.635720
v 0.204013 4.216745 -0.782448
v 0.204013 3.897527 -0.833005
v 0.000720 4.845886 -0.108140
v 0.000720 4.848682 0.200000
v 0.000720 4.704248 -0.386115
v 0.000720 4.483645 -0.606720
v 0.000720 4.205667 -0.748355
v 0.000720 3.897527 -0.797160
v -0.202575 4.879975 -0.119218
v -0.218308 4.887302 0.200000
v -0.202572 4.733247 -0.407185
v -0.202572 4.504715 -0.635720
v -0.202572 4.216745 -0.782448
v -0.202572 3.897527 -0.833005
v -0.381348 4.978137 -0.151113
v -0.410918 4.998508 0.200000
v -0.381347 4.816750 -0.467855
v -0.381347 4.565382 -0.719222
v -0.381347 4.248640 -0.880610
v -0.381347 3.897527 -0.936220
v -0.514038 5.128532 -0.199978
v -0.553880 5.168880 0.200000
v -0.514038 4.944683 -0.560803
v -0.514037 4.658332 -0.847155
v -0.514037 4.297505 -1.031005
v -0.514037 3.897527 -1.094355
v -0.553880 5.168880 0.200000
v -0.514038 5.128532 -0.199978
v -0.584640 5.313020 -0.259920
v -0.629948 5.377876 0.200000
v -0.514038 4.944683 -0.560803
v -0.584640 5.101617 -0.674820
v -0.514037 4.658332 -0.847155
v -0.584640 4.772350 -1.004088
v -0.514037 4.297505 -1.031005
v -0.584640 4.357450 -1.215490
v -0.514037 3.897527 -1.094355
v -0.584640 3.897527 -1.288335
v -0.629948 5.377876 0.200000
v -0.584640 5.313020 -0.259920
v -0.584640 5.509346 -0.323710
v -0.629948 5.600283 0.200000
v -0.584640 5.101617 -0.674820
v -0.584640 5.268623 -0.796158
v -0.584640 4.772350 -1.004088
v -0.584640 4.893685 -1.171093
v -0.584640 4.357450 -1.215490
v -0.584640 4.421240 -1.411817
v -0.584640 3.897527 -1.288335
v -0.584640 3.897527 -1.494765
v -0.629948 5.600283 0.200000
v -0.584640 5.509346 -0.323710
v -0.514038 5.693830 -0.383655
v -0.553880 5.809275 0.200000
v -0.584640 5.268623 -0.796158
v -0.514037 5.425556 -0.910175
v -0.584640 4.893685 -1.171093
v -0.514037 5.007705 -1.328025
v -0.584640 4.421240 -1.411817
v -0.514037 4.481183 -1.596303
v -0.584640 3.897527 -1.494765
v -0.514038 3.897527 -1.688745
v -0.553880 5.809275 0.200000
v -0.514038 5.693830 -0.383655
v -0.381347 5.844225 -0.432520
v -0.410918 5.979650 0.200000
v -0.514037 5.425556 -0.910175
v -0.381347 5.553487 -1.003125
v -0.514037 5.007705 -1.328025
v -0.381347 5.100652 -1.455960
v -0.514037 4.481183 -1.596303
v -0.381347 4.530048 -1.746697
v -0.514038 3.897527 -1.688745
v -0.381347 3.897527 -1.846877
v -0.202572 5.942388 -0.464415
v -0.218308 6.090852 0.200000
v -0.202572 5.636990 -1.063793
v -0.202572 5.161323 -1.539462
v -0.202572 4.561945 -1.844860
v -0.202572 3.897527 -1.950093
v -1.387973 5.762375 0.156065
v -1.604967 5.711530 0.125322
v -1.191530 5.657100 0.239652
v -1.170977 5.813218 0.217557
v -1.408525 5.605583 0.156065
v -1.212083 5.500985 0.217557
v -1.273220 6.111225 0.156065
v -1.495983 6.118275 0.125322
v -1.110718 5.958695 0.239652
v -1.050460 6.104173 0.217557
v -1.333480 5.965747 0.156065
v -0.110460 6.903805 0.156065
v -0.216252 7.100247 0.125322
v -0.161823 6.686807 0.239652
v -0.005708 6.707360 0.217558
v -0.267098 6.883250 0.156065
v -0.317940 6.666255 0.217557
v -0.470470 6.828758 0.156065
v -0.623000 6.991260 0.125322
v -0.463418 6.605995 0.239652
v -0.615947 6.768497 0.156065
v -0.608895 6.545738 0.217557
v -0.798285 6.663225 0.156065
v -0.987678 6.780712 0.125322
v -0.733820 6.449877 0.239652
v -0.923210 6.567368 0.156065
v -0.858743 6.354020 0.217557
v -1.072090 6.418488 0.156065
v -1.285435 6.482955 0.125322
v -0.954600 6.229097 0.239652
v -1.167948 6.293562 0.156065
v -0.267098 6.883250 0.156065
v -0.470470 6.828758 0.156065
v -0.317940 6.666255 0.156065
v -0.615947 6.768497 0.156065
v -0.798285 6.663225 0.156065
v -0.608895 6.545738 0.156065
v -0.923210 6.567368 0.156065
v -1.072090 6.418488 0.156065
v -0.858743 6.354023 0.156065
v -1.167948 6.293562 0.156065
v -1.273220 6.111225 0.156065
v -1.050460 6.104173 0.156065
v -1.333480 5.965747 0.156065
v -1.387973 5.762375 0.156065
v -1.170977 5.813218 0.156065
v -0.470470 6.828758 0.156065
v -0.317940 6.666255 0.217557
v -0.317940 6.666255 0.156065
v -0.317940 6.666255 0.217557
v -0.267098 6.883250 0.156065
v -0.317940 6.666255 0.156065
v -0.608895 6.545738 0.217557
v -0.615947 6.768497 0.156065
v -0.608895 6.545738 0.156065
v -0.798285 6.663225 0.156065
v -0.608895 6.545738 0.217557
v -0.608895 6.545738 0.156065
v -0.858743 6.354020 0.217557
v -0.923210 6.567368 0.156065
v -0.858743 6.354023 0.156065
v -1.072090 6.418488 0.156065
v -0.858743 6.354020 0.217557
v -0.858743 6.354023 0.156065
v -1.050460 6.104173 0.217557
v -1.167948 6.293562 0.156065
v -1.050460 6.104173 0.156065
v -1.273220 6.111225 0.156065
v -1.050460 6.104173 0.217557
v -1.050460 6.104173 0.156065
v -1.170977 5.813218 0.217557
v -1.333480 5.965747 0.156065
v -1.170977 5.813218 0.156065
v -1.387973 5.762375 0.156065
v -1.170977 5.813218 0.217557
v -1.170977 5.813218 0.156065
v -0.005708 6.707360 0.156065
v -0.005708 6.903805 0.156065
v -0.110460 6.903805 0.156065
v -0.005708 6.707360 0.156065
v -0.110460 6.903805 0.156065
v -0.005708 6.707360 0.217558
v -1.408525 5.605583 0.156065
v -1.212083 5.500985 0.156065
v -1.212083 5.500985 0.217557
v -0.470470 6.828758 0.156065
v -0.267098 6.883250 0.156065
v -0.267098 6.883250 0.125322
v -0.470470 6.828758 0.125322
v -0.798285 6.663225 0.156065
v -0.615947 6.768497 0.156065
v -0.615947 6.768497 0.125322
v -0.798285 6.663225 0.125322
v -1.072090 6.418488 0.156065
v -0.923210 6.567368 0.156065
v -0.923210 6.567368 0.125322
v -1.072090 6.418488 0.125322
v -1.273220 6.111225 0.156065
v -1.167948 6.293562 0.156065
v -1.167948 6.293562 0.125322
v -1.273220 6.111225 0.125322
v -1.387973 5.762375 0.156065
v -1.333480 5.965747 0.156065
v -1.333480 5.965747 0.125322
v -1.387973 5.762375 0.125322
v -0.110460 6.903805 0.156065
v -0.005708 6.903805 0.156065
v -0.005708 6.903805 0.125323
v -0.110460 6.903805 0.125323
v -1.387973 5.239595 0.156065
v -1.170977 5.188751 0.217557
v -1.191530 5.344867 0.239652
v -1.604967 5.290437 0.125322
v -1.408525 5.396388 0.156065
v -1.273220 4.890745 0.156065
v -1.050460 4.897795 0.217557
v -1.110718 5.043272 0.239652
v -1.495983 4.883693 0.125322
v -1.333480 5.036222 0.156065
v -0.110460 4.098165 0.156065
v -0.005708 4.294608 0.217560
v -0.161823 4.315160 0.239655
v -0.216252 3.901722 0.125322
v -0.317940 4.335716 0.217560
v -0.267098 4.118718 0.156065
v -0.470470 4.173213 0.156065
v -0.463418 4.395973 0.239655
v -0.623000 4.010710 0.125322
v -0.608895 4.456233 0.217557
v -0.615947 4.233470 0.156065
v -0.798285 4.338743 0.156065
v -0.733820 4.552090 0.239652
v -0.987678 4.221256 0.125322
v -0.858743 4.647947 0.217557
v -0.923210 4.434602 0.156065
v -1.072090 4.583480 0.156065
v -0.954603 4.772872 0.239652
v -1.285435 4.519016 0.125322
v -1.167948 4.708405 0.156065
v -0.267098 4.118718 0.156065
v -0.317940 4.335716 0.156065
v -0.470470 4.173213 0.156065
v -0.615947 4.233470 0.156065
v -0.608895 4.456233 0.156065
v -0.798285 4.338743 0.156065
v -0.923210 4.434602 0.156065
v -0.858743 4.647947 0.156065
v -1.072090 4.583480 0.156065
v -1.167948 4.708405 0.156065
v -1.050460 4.897795 0.156065
v -1.273220 4.890745 0.156065
v -1.333480 5.036222 0.156065
v -1.170977 5.188751 0.156065
v -1.387973 5.239595 0.156065
v -0.317940 4.335716 0.217560
v -0.470470 4.173213 0.156065
v -0.317940 4.335716 0.156065
v -0.317940 4.335716 0.217560
v -0.317940 4.335716 0.156065
v -0.267098 4.118718 0.156065
v -0.608895 4.456233 0.217557
v -0.608895 4.456233 0.156065
v -0.615947 4.233470 0.156065
v -0.608895 4.456233 0.217557
v -0.798285 4.338743 0.156065
v -0.608895 4.456233 0.156065
v -0.858743 4.647947 0.217557
v -0.858743 4.647947 0.156065
v -0.923210 4.434602 0.156065
v -0.858743 4.647947 0.217557
v -1.072090 4.583480 0.156065
v -0.858743 4.647947 0.156065
v -1.050460 4.897795 0.217557
v -1.050460 4.897795 0.156065
v -1.167948 4.708405 0.156065
v -1.050460 4.897795 0.217557
v -1.273220 4.890745 0.156065
v -1.050460 4.897795 0.156065
v -1.170977 5.188751 0.217557
v -1.170977 5.188751 0.156065
v -1.333480 5.036222 0.156065
v -1.170977 5.188751 0.217557
v -1.387973 5.239595 0.156065
v -1.170977 5.188751 0.156065
v -0.110460 4.098165 0.156065
v -0.110460 4.098165 0.156065
v -0.005708 4.294608 0.156065
v -0.005708 4.294608 0.217560
v -1.408525 5.396388 0.156065
v -1.212083 5.500985 0.217557
v -1.212083 5.500985 0.156065
v -0.470470 4.173213 0.156065
v -0.470470 4.173213 0.125322
v -0.267098 4.118718 0.125322
v -0.267098 4.118718 0.156065
v -0.798285 4.338743 0.156065
v -0.798285 4.338743 0.125322
v -0.615947 4.233470 0.125322
v -0.615947 4.233470 0.156065
v -1.072090 4.583480 0.156065
v -1.072090 4.583480 0.125322
v -0.923210 4.434602 0.125322
v -0.923210 4.434602 0.156065
v -1.273220 4.890745 0.156065
v -1.273220 4.890745 0.125322
v -1.167948 4.708405 0.125322
v -1.167948 4.708405 0.156065
v -1.387973 5.239595 0.156065
v -1.387973 5.239595 0.125322
v -1.333480 5.036222 0.125322
v -1.333480 5.036222 0.156065
v -0.110460 4.098165 0.156065
v -0.110460 4.098165 0.125323
v -1.408525 5.396388 0.156065
v -1.212083 5.500985 0.156065
v -1.408525 5.605583 0.156065
v -1.408525 5.396388 0.156065
v -1.408525 5.605583 0.156065
v -1.408525 5.605583 0.125322
v -1.408525 5.396388 0.125322
v -0.110460 6.903805 0.156065
v -0.110460 6.903805 0.125323
v -0.216252 7.100247 0.125322
v -0.470470 6.828758 0.125322
v -0.623000 6.991260 0.125322
v -0.798285 6.663225 0.125322
v -0.987678 6.780712 0.125322
v -1.072090 6.418488 0.125322
v -1.285435 6.482955 0.125322
v -1.273220 6.111225 0.125322
v -1.495983 6.118275 0.125322
v -1.387973 5.762375 0.125322
v -1.604967 5.711530 0.125322
v -1.408525 5.396388 0.125322
v -1.604967 5.290437 0.125322
v -1.408525 5.396388 0.156065
v -1.333480 5.036222 0.125322
v -1.495983 4.883693 0.125322
v -1.167948 4.708405 0.125322
v -1.285435 4.519016 0.125322
v -0.923210 4.434602 0.125322
v -0.987678 4.221256 0.125322
v -0.615947 4.233470 0.125322
v -0.623000 4.010710 0.125322
v -0.267098 4.118718 0.125322
v -0.216252 3.901722 0.125322
v -1.333480 5.965747 0.125322
v -1.495983 6.118275 0.125322
v -1.408525 5.605583 0.125322
v -1.408525 5.605583 0.156065
v -1.604967 5.711530 0.125322
v -1.167948 6.293562 0.125322
v -1.285435 6.482955 0.125322
v -0.923210 6.567368 0.125322
v -0.987678 6.780712 0.125322
v -1.387973 5.239595 0.125322
v -1.604967 5.290437 0.125322
v -1.273220 4.890745 0.125322
v -1.495983 4.883693 0.125322
v -1.072090 4.583480 0.125322
v -1.285435 4.519016 0.125322
v -0.798285 4.338743 0.125322
v -0.987678 4.221256 0.125322
v -0.623000 4.010710 0.125322
v -0.470470 4.173213 0.125322
v -0.216252 3.901722 0.125322
v -0.110460 4.098165 0.125323
v -0.110460 4.098165 0.156065
v -0.216252 7.100247 0.125322
v -0.267098 6.883250 0.125322
v -0.615947 6.768497 0.125322
v -0.623000 6.991260 0.125322
v -0.267098 6.883250 -0.014375
v -0.470470 6.828758 -0.014375
v -0.615947 6.768497 -0.014375
v -0.798285 6.663225 -0.014375
v -0.923210 6.567368 -0.014375
v -1.072090 6.418488 -0.014375
v -1.167948 6.293562 -0.014375
v -1.273220 6.111225 -0.014375
v -1.333480 5.965747 -0.014375
v -1.387973 5.762375 -0.014375
v -0.005707 6.903805 -0.014375
v -0.110460 6.903805 -0.014375
v -0.470470 4.173213 -0.014375
v -0.267098 4.118718 -0.014375
v -0.798285 4.338743 -0.014375
v -0.615947 4.233470 -0.014375
v -1.072090 4.583480 -0.014375
v -0.923210 4.434602 -0.014375
v -1.273220 4.890745 -0.014375
v -1.167948 4.708405 -0.014375
v -1.387973 5.239595 -0.014375
v -1.333480 5.036222 -0.014375
v -0.110460 4.098165 -0.014375
v -1.408525 5.605583 -0.014375
v -1.408525 5.396388 -0.014375
v -0.110460 6.903805 -0.014375
v -0.216252 7.100247 -0.014375
v -0.470470 6.828758 -0.014375
v -0.623000 6.991260 -0.014375
v -0.798285 6.663225 -0.014375
v -0.987678 6.780712 -0.014375
v -1.072090 6.418488 -0.014375
v -1.285435 6.482955 -0.014375
v -1.273220 6.111225 -0.014375
v -1.495983 6.118275 -0.014375
v -1.387973 5.762375 -0.014375
v -1.604967 5.711530 -0.014375
v -1.408525 5.396388 -0.014375
v -1.604967 5.290437 -0.014375
v -1.333480 5.036222 -0.014375
v -1.495983 4.883693 -0.014375
v -1.167948 4.708405 -0.014375
v -1.285435 4.519016 -0.014375
v -0.923210 4.434602 -0.014375
v -0.987678 4.221256 -0.014375
v -0.615947 4.233470 -0.014375
v -0.623000 4.010710 -0.014375
v -0.267098 4.118718 -0.014375
v -0.216252 3.901722 -0.014375
v -1.495983 6.118275 -0.014375
v -1.333480 5.965747 -0.014375
v -1.604967 5.711530 -0.014375
v -1.408525 5.605583 -0.014375
v -1.285435 6.482955 -0.014375
v -1.167948 6.293562 -0.014375
v -0.987678 6.780712 -0.014375
v -0.923210 6.567368 -0.014375
v -1.604967 5.290437 -0.014375
v -1.387973 5.239595 -0.014375
v -1.495983 4.883693 -0.014375
v -1.273220 4.890745 -0.014375
v -1.285435 4.519016 -0.014375
v -1.072090 4.583480 -0.014375
v -0.987678 4.221256 -0.014375
v -0.798285 4.338743 -0.014375
v -0.623000 4.010710 -0.014375
v -0.470470 4.173213 -0.014375
v -0.216252 3.901722 -0.014375
v -0.110460 4.098165 -0.014375
v -0.216252 7.100247 -0.014375
v -0.267098 6.883250 -0.014375
v -0.623000 6.991260 -0.014375
v -0.615947 6.768497 -0.014375
v -0.005708 6.090667 0.243885
v -0.158328 6.070575 0.243885
v -0.156503 6.063760 0.217558
v -0.005708 6.083612 0.217558
v -0.300548 6.011665 0.243885
v -0.297020 6.005555 0.217557
v -0.422675 5.917953 0.243885
v -0.417688 5.912965 0.217557
v -0.516388 5.795825 0.243885
v -0.510278 5.792297 0.217557
v -0.575298 5.653605 0.243885
v -0.568483 5.651780 0.217557
v -0.595390 5.500985 0.243885
v -0.588335 5.500985 0.217557
v -0.575298 5.348362 0.243885
v -0.568483 5.350190 0.217557
v -0.516388 5.206142 0.243885
v -0.510278 5.209671 0.217557
v -0.422675 5.084015 0.243885
v -0.417688 5.089005 0.217557
v -0.300548 4.990305 0.243885
v -0.297020 4.996413 0.217557
v -0.158328 4.931395 0.243885
v -0.156503 4.938208 0.217558
v -0.005708 4.911303 0.243885
v -0.005708 4.918355 0.217558
v -0.005708 4.911303 0.243885
v -0.575298 5.348362 0.243885
v -0.595390 5.500985 0.243885
v -0.005708 6.090667 0.243885
v -0.158328 6.070575 0.243885
v -0.300548 6.011665 0.243885
v -0.422675 5.917953 0.243885
v -0.516388 5.795825 0.243885
v -0.575298 5.653605 0.243885
v -0.516388 5.206142 0.243885
v -0.422675 5.084015 0.243885
v -0.300548 4.990305 0.243885
v -0.158328 4.931395 0.243885
v 1.339875 3.222623 0.148693
v 1.339875 3.222623 -0.006392
v 1.339875 5.111615 -0.006392
v 1.339875 5.111615 0.117585
v 1.339875 2.605648 0.148693
v 1.339875 2.605648 -0.006392
v 1.339875 2.061975 0.148693
v 1.339875 2.061975 -0.006392
v 1.339875 1.628258 0.148693
v 1.339875 1.628258 -0.006392
v 1.339875 1.237463 0.148673
v 1.339847 1.237463 -0.006392
v 1.339875 1.180158 0.156150
v 1.339893 1.180158 -0.006392
v 1.339875 0.507497 0.997450
v 1.339865 0.507497 0.502480
v 1.339855 0.864530 0.502318
v 1.339875 0.864530 0.997123
v 1.339865 0.507497 -0.006392
v 1.339855 0.864530 -0.006392
v 1.339875 0.150468 0.502645
v 1.339875 0.150468 -0.006392
v 1.339875 0.150468 0.997780
v 1.339875 0.000000 0.997963
v 1.339875 0.000000 0.502705
v 1.339875 0.000000 -0.006392
v 1.339875 1.022115 0.875428
v 1.339875 1.005390 0.915043
v 1.339875 0.979457 0.948595
v 1.339875 0.945905 0.974525
v 1.339875 0.906298 0.991253
v 1.339875 1.027985 0.831565
v 1.339875 1.028003 0.466760
v 1.339875 1.027980 0.356068
v 1.339875 1.035457 0.300858
v 1.339875 1.056347 0.251393
v 1.339875 1.088760 0.209453
v 1.339875 1.130700 0.177040
v 0.255682 4.118718 0.156065
v 0.459055 4.173213 0.156065
v 0.306527 4.335716 0.156065
v 0.604535 4.233470 0.156065
v 0.786873 4.338745 0.156065
v 0.597483 4.456233 0.156065
v 0.911798 4.434602 0.156065
v 1.060678 4.583480 0.156065
v 0.847330 4.647947 0.156065
v 1.156535 4.708405 0.156065
v 1.261808 4.890745 0.156065
v 1.039048 4.897795 0.156065
v 1.376803 5.762375 0.156065
v 1.159805 5.813218 0.217558
v 1.180357 5.657100 0.239653
v 1.593798 5.711530 0.125323
v 1.200912 5.500985 0.217558
v 1.397355 5.605583 0.156065
v 1.262050 6.111225 0.156065
v 1.039287 6.104173 0.217558
v 1.099548 5.958695 0.239653
v 1.484810 6.118275 0.125323
v 1.322307 5.965747 0.156065
v 0.099287 6.903805 0.156065
v -0.005465 6.707360 0.217558
v 0.150652 6.686807 0.239652
v 0.205083 7.100247 0.125323
v 0.306768 6.666255 0.217558
v 0.255925 6.883250 0.156065
v 0.459298 6.828758 0.156065
v 0.452245 6.605995 0.239653
v 0.611828 6.991260 0.125323
v 0.597722 6.545738 0.217558
v 0.604775 6.768497 0.156065
v 0.787115 6.663225 0.156065
v 0.722647 6.449877 0.239653
v 0.976505 6.780712 0.125323
v 0.847573 6.354023 0.217558
v 0.912037 6.567368 0.156065
v 1.060917 6.418488 0.156065
v 0.943430 6.229097 0.239653
v 1.274263 6.482955 0.125323
v 1.156775 6.293562 0.156065
v 0.255925 6.883250 0.156065
v 0.306768 6.666255 0.156065
v 0.459298 6.828758 0.156065
v 0.604775 6.768497 0.156065
v 0.597722 6.545738 0.156065
v 0.787115 6.663225 0.156065
v 0.912037 6.567368 0.156065
v 0.847573 6.354023 0.156065
v 1.060917 6.418488 0.156065
v 1.156775 6.293562 0.156065
v 1.039287 6.104173 0.156065
v 1.262050 6.111225 0.156065
v 1.322307 5.965747 0.156065
v 1.159805 5.813218 0.156065
v 1.376803 5.762375 0.156065
v 0.459298 6.828758 0.156065
v 0.306768 6.666255 0.156065
v 0.306768 6.666255 0.217558
v 0.306768 6.666255 0.217558
v 0.306768 6.666255 0.156065
v 0.255925 6.883250 0.156065
v 0.597722 6.545738 0.217558
v 0.597722 6.545738 0.156065
v 0.604775 6.768497 0.156065
v 0.787115 6.663225 0.156065
v 0.597722 6.545738 0.156065
v 0.597722 6.545738 0.217558
v 0.847573 6.354023 0.217558
v 0.847573 6.354023 0.156065
v 0.912037 6.567368 0.156065
v 1.060917 6.418488 0.156065
v 0.847573 6.354023 0.156065
v 0.847573 6.354023 0.217558
v 1.039287 6.104173 0.217558
v 1.039287 6.104173 0.156065
v 1.156775 6.293562 0.156065
v 1.262050 6.111225 0.156065
v 1.039287 6.104173 0.156065
v 1.039287 6.104173 0.217558
v 1.159805 5.813218 0.217558
v 1.159805 5.813218 0.156065
v 1.322307 5.965747 0.156065
v 1.376803 5.762375 0.156065
v 1.159805 5.813218 0.156065
v 1.159805 5.813218 0.217558
v -0.005465 6.707360 0.156065
v 0.099287 6.903805 0.156065
v -0.005465 6.903805 0.156065
v -0.005465 6.707360 0.156065
v -0.005465 6.707360 0.217558
v 0.099287 6.903805 0.156065
v 1.397355 5.605583 0.156065
v 1.200912 5.500985 0.217558
v 1.200912 5.500985 0.156065
v 0.459298 6.828758 0.156065
v 0.459298 6.828758 0.125323
v 0.255925 6.883250 0.125323
v 0.255925 6.883250 0.156065
v 0.787115 6.663225 0.156065
v 0.787115 6.663225 0.125323
v 0.604775 6.768497 0.125323
v 0.604775 6.768497 0.156065
v 1.060917 6.418488 0.156065
v 1.060917 6.418488 0.125323
v 0.912037 6.567368 0.125323
v 0.912037 6.567368 0.156065
v 1.262050 6.111225 0.156065
v 1.262050 6.111225 0.125323
v 1.156775 6.293562 0.125323
v 1.156775 6.293562 0.156065
v 1.376803 5.762375 0.156065
v 1.376800 5.762375 0.125323
v 1.322307 5.965747 0.125323
v 1.322307 5.965747 0.156065
v 0.099287 6.903805 0.156065
v 0.099287 6.903805 0.125323
v -0.005465 6.903805 0.125323
v -0.005465 6.903805 0.156065
v 1.376800 5.239595 0.156065
v 1.593798 5.290437 0.125323
v 1.180357 5.344867 0.239653
v 1.159805 5.188751 0.217558
v 1.397355 5.396388 0.156065
v 1.262050 4.890745 0.156065
v 1.484810 4.883693 0.125323
v 1.099548 5.043275 0.239653
v 1.039287 4.897795 0.217558
v 1.322307 5.036222 0.156065
v 0.099287 4.098165 0.156065
v 0.205083 3.901722 0.125323
v 0.150652 4.315160 0.239655
v -0.005465 4.294608 0.217560
v 0.255925 4.118718 0.156065
v 0.306768 4.335716 0.217558
v 0.459298 4.173213 0.156065
v 0.611828 4.010710 0.125323
v 0.452245 4.395973 0.239653
v 0.604775 4.233470 0.156065
v 0.597722 4.456233 0.217558
v 0.787115 4.338745 0.156065
v 0.976505 4.221258 0.125323
v 0.722647 4.552090 0.239653
v 0.912037 4.434602 0.156065
v 0.847573 4.647947 0.217558
v 1.060917 4.583480 0.156065
v 1.274263 4.519016 0.125323
v 0.943430 4.772872 0.239653
v 1.156775 4.708405 0.156065
v 1.322307 5.036222 0.156065
v 1.376800 5.239595 0.156065
v 1.159805 5.188751 0.156065
v 1.159805 5.188751 0.217558
v 1.322307 5.036222 0.156065
v 1.159805 5.188751 0.156065
v 1.159805 5.188751 0.217558
v 1.159805 5.188751 0.156065
v 1.376800 5.239595 0.156065
v 1.397355 5.396388 0.156065
v 1.200912 5.500985 0.156065
v 1.200912 5.500985 0.217558
v 1.376800 5.239595 0.156065
v 1.322307 5.036222 0.156065
v 1.322307 5.036222 0.125323
v 1.376800 5.239595 0.125323
v 1.397355 5.396388 0.156065
v 1.397355 5.605583 0.156065
v 1.200912 5.500985 0.156065
v 1.397355 5.396388 0.156065
v 1.397355 5.396388 0.125323
v 1.397355 5.605583 0.125323
v 1.397355 5.605583 0.156065
v 0.099287 6.903805 0.156065
v 0.205083 7.100247 0.125323
v 0.099287 6.903805 0.125323
v 0.611828 6.991260 0.125323
v 0.459298 6.828758 0.125323
v 0.976505 6.780712 0.125323
v 0.787115 6.663225 0.125323
v 1.274263 6.482955 0.125323
v 1.060917 6.418488 0.125323
v 1.484810 6.118275 0.125323
v 1.262050 6.111225 0.125323
v 1.376800 5.762375 0.125323
v 1.593798 5.711530 0.125323
v 1.397355 5.396388 0.125323
v 1.397355 5.396388 0.156065
v 1.593798 5.290437 0.125323
v 1.322307 5.036222 0.125323
v 1.484810 4.883693 0.125323
v 1.322307 5.965747 0.125323
v 1.484810 6.118275 0.125323
v 1.397355 5.605583 0.125323
v 1.593798 5.711530 0.125323
v 1.397355 5.605583 0.156065
v 1.156775 6.293562 0.125323
v 1.274263 6.482955 0.125323
v 0.912037 6.567368 0.125323
v 0.976505 6.780712 0.125323
v 1.376800 5.239595 0.125323
v 1.593798 5.290437 0.125323
v 0.255925 6.883250 0.125323
v 0.205083 7.100247 0.125323
v 0.604775 6.768497 0.125323
v 0.611828 6.991260 0.125323
v 0.459298 6.828758 -0.014375
v 0.255925 6.883250 -0.014375
v 0.787115 6.663225 -0.014375
v 0.604775 6.768497 -0.014375
v 1.060917 6.418488 -0.014375
v 0.912037 6.567368 -0.014375
v 1.262050 6.111225 -0.014375
v 1.156775 6.293562 -0.014375
v 1.376800 5.762375 -0.014375
v 1.322307 5.965747 -0.014375
v 0.099288 6.903805 -0.014375
v -0.005465 6.903805 -0.014375
v 1.322307 5.036222 -0.014375
v 1.376800 5.239595 -0.014375
v 1.397355 5.396388 -0.014375
v 1.397355 5.605583 -0.014375
v 0.205083 7.100247 -0.014375
v 0.099288 6.903805 -0.014375
v 0.611828 6.991260 -0.014375
v 0.459298 6.828758 -0.014375
v 0.976505 6.780712 -0.014375
v 0.787115 6.663225 -0.014375
v 1.274263 6.482955 -0.014375
v 1.060917 6.418488 -0.014375
v 1.484810 6.118275 -0.014375
v 1.262050 6.111225 -0.014375
v 1.593798 5.711530 -0.014375
v 1.376800 5.762375 -0.014375
v 1.593798 5.290437 -0.014375
v 1.397355 5.396388 -0.014375
v 1.484810 4.883693 -0.014375
v 1.322307 5.036222 -0.014375
v 1.322307 5.965747 -0.014375
v 1.484810 6.118275 -0.014375
v 1.397355 5.605583 -0.014375
v 1.593798 5.711530 -0.014375
v 1.156775 6.293562 -0.014375
v 1.274263 6.482955 -0.014375
v 0.912037 6.567368 -0.014375
v 0.976505 6.780712 -0.014375
v 1.376800 5.239595 -0.014375
v 1.593798 5.290437 -0.014375
v 0.255925 6.883250 -0.014375
v 0.205083 7.100247 -0.014375
v 0.604775 6.768497 -0.014375
v 0.611828 6.991260 -0.014375
v -0.005465 6.090667 0.243885
v -0.005465 6.083612 0.217558
v 0.145330 6.063760 0.217558
v 0.147155 6.070575 0.243885
v 0.285850 6.005555 0.217558
v 0.289378 6.011665 0.243885
v 0.406515 5.912965 0.217558
v 0.411505 5.917953 0.243885
v 0.499105 5.792301 0.217558
v 0.505215 5.795825 0.243885
v 0.557310 5.651780 0.217558
v 0.564125 5.653605 0.243885
v 0.577163 5.500985 0.217558
v 0.584217 5.500985 0.243885
v 0.557310 5.350190 0.217558
v 0.564125 5.348362 0.243885
v 0.499105 5.209671 0.217558
v 0.505215 5.206142 0.243885
v 0.406515 5.089005 0.217558
v 0.411503 5.084015 0.243885
v 0.285850 4.996413 0.217558
v 0.289378 4.990305 0.243885
v 0.145330 4.938208 0.217558
v 0.147155 4.931395 0.243885
v -0.005465 4.918355 0.217558
v -0.005465 4.911303 0.243885
v -0.005465 4.911303 0.243885
v 0.564125 5.348362 0.243885
v 0.584217 5.500985 0.243885
v -0.005465 6.090667 0.243885
v 0.147155 6.070575 0.243885
v 0.289378 6.011665 0.243885
v 0.411505 5.917953 0.243885
v 0.505215 5.795825 0.243885
v 0.564125 5.653605 0.243885
v 0.505215 5.206142 0.243885
v 0.411503 5.084015 0.243885
v 0.289378 4.990305 0.243885
v 0.147155 4.931395 0.243885
vt 0.6290 0.8881
vt 0.6166 0.9406
vt 0.6659 0.9274
vt 0.9946 0.3144
vt 0.9767 0.3166
vt 0.9946 0.3166
vt 0.9767 0.3144
vt 0.9179 0.2889
vt 0.9179 0.2708
vt 0.9165 0.2889
vt 0.9245 0.2708
vt 0.9245 0.2889
vt 0.9135 0.3070
vt 0.9165 0.3070
vt 0.9179 0.2586
vt 0.9179 0.2828
vt 0.9165 0.2828
vt 0.9245 0.2828
vt 0.9245 0.2586
vt 0.9165 0.3070
vt 0.9135 0.3070
vt 0.9179 0.2708
vt 0.9179 0.2956
vt 0.9165 0.2956
vt 0.9245 0.2956
vt 0.9245 0.2708
vt 0.9165 0.3204
vt 0.9135 0.3204
vt 0.9179 0.2942
vt 0.9179 0.3180
vt 0.9165 0.3180
vt 0.9245 0.3180
vt 0.9245 0.2942
vt 0.9165 0.3417
vt 0.9135 0.3417
vt 0.9179 0.3274
vt 0.9179 0.3485
vt 0.9165 0.3485
vt 0.9245 0.3485
vt 0.9245 0.3274
vt 0.9165 0.3696
vt 0.9135 0.3696
vt 0.9179 0.3485
vt 0.9165 0.3688
vt 0.9165 0.3485
vt 0.9179 0.3688
vt 0.9245 0.3688
vt 0.9245 0.3485
vt 0.9245 0.2942
vt 0.9179 0.3073
vt 0.9245 0.3073
vt 0.9179 0.2942
vt 0.9165 0.3073
vt 0.9135 0.3204
vt 0.9165 0.3204
vt 0.9245 0.3274
vt 0.9179 0.3346
vt 0.9245 0.3346
vt 0.9179 0.3274
vt 0.9165 0.3346
vt 0.9135 0.3417
vt 0.9165 0.3417
vt 0.9165 0.3688
vt 0.9179 0.3688
vt 0.9179 0.3680
vt 0.9135 0.3696
vt 0.9165 0.3696
vt 0.9165 0.3024
vt 0.9165 0.2805
vt 0.9135 0.3024
vt 0.9179 0.3180
vt 0.9165 0.3346
vt 0.9165 0.3180
vt 0.9179 0.3346
vt 0.9245 0.3346
vt 0.9245 0.3180
vt 0.5787 0.2660
vt 0.5608 0.3025
vt 0.5608 0.2660
vt 0.9179 0.2956
vt 0.9165 0.3073
vt 0.9165 0.2956
vt 0.9179 0.3073
vt 0.9245 0.3073
vt 0.9245 0.2956
vt 0.6994 0.3528
vt 0.7297 0.3760
vt 0.6247 0.4821
vt 0.5903 0.4679
vt 0.7453 0.3243
vt 0.7912 0.2958
vt 0.7756 0.3475
vt 0.7599 0.3992
vt 0.6543 0.5048
vt 0.7832 0.4295
vt 0.8064 0.4597
vt 0.8348 0.4138
vt 0.8633 0.3680
vt 0.8116 0.3836
vt 0.6770 0.5344
vt 0.6962 0.6058
vt 0.6913 0.5688
vt 0.8455 0.6058
vt 0.8406 0.5680
vt 0.8931 0.5805
vt 0.9407 0.5548
vt 0.8881 0.5425
vt 0.8356 0.5302
vt 0.8210 0.4950
vt 0.8603 0.4580
vt 0.9143 0.4563
vt 0.8749 0.4932
vt 0.6247 0.7295
vt 0.6642 0.8735
vt 0.5903 0.7438
vt 0.5911 0.8930
vt 0.6166 0.9406
vt 0.6043 0.9932
vt 0.5787 0.9456
vt 0.5608 0.8980
vt 0.5608 0.7486
vt 0.6290 0.8881
vt 0.6659 0.9274
vt 0.7028 0.9668
vt 0.7011 0.9128
vt 0.6994 0.8589
vt 0.6543 0.7068
vt 0.7297 0.8357
vt 0.7599 0.8124
vt 0.7756 0.8641
vt 0.7912 0.9158
vt 0.7453 0.8873
vt 0.6770 0.6772
vt 0.7832 0.7822
vt 0.8116 0.8280
vt 0.8633 0.8437
vt 0.8348 0.7978
vt 0.8064 0.7519
vt 0.6913 0.6428
vt 0.8406 0.6436
vt 0.8881 0.6691
vt 0.8356 0.6814
vt 0.9407 0.6568
vt 0.8931 0.6311
vt 0.8210 0.7167
vt 0.8603 0.7536
vt 0.9143 0.7553
vt 0.8749 0.7184
vt 0.9946 0.9480
vt 0.9767 0.8810
vt 0.9946 0.8810
vt 0.9767 0.9480
vt 0.9728 0.8810
vt 0.9649 0.8141
vt 0.9728 0.8141
vt 0.9767 0.9808
vt 0.9728 0.9155
vt 0.9767 0.9155
vt 0.9946 0.9808
vt 0.9946 0.9155
vt 0.9649 0.8503
vt 0.9728 0.8503
vt 0.9179 0.2828
vt 0.9165 0.2889
vt 0.9165 0.2828
vt 0.9179 0.2889
vt 0.9245 0.2889
vt 0.9245 0.2828
vt 0.9946 0.4367
vt 0.9767 0.4214
vt 0.9946 0.4214
vt 0.9767 0.4367
vt 0.9728 0.4214
vt 0.9649 0.4061
vt 0.9728 0.4061
vt 0.9946 0.8847
vt 0.9767 0.8206
vt 0.9946 0.8206
vt 0.9767 0.8847
vt 0.9728 0.8206
vt 0.9649 0.7564
vt 0.9728 0.7564
vt 0.9946 0.7952
vt 0.9767 0.7383
vt 0.9946 0.7383
vt 0.9767 0.7952
vt 0.9728 0.7383
vt 0.9649 0.6813
vt 0.9728 0.6813
vt 0.9946 0.5633
vt 0.9767 0.5314
vt 0.9946 0.5314
vt 0.9767 0.5633
vt 0.9728 0.5314
vt 0.9767 0.3144
vt 0.9767 0.3603
vt 0.9728 0.3603
vt 0.9946 0.3603
vt 0.9946 0.3144
vt 0.9728 0.4061
vt 0.9649 0.4061
vt 0.9767 0.4367
vt 0.9767 0.4686
vt 0.9728 0.4686
vt 0.9946 0.4686
vt 0.9946 0.4367
vt 0.9946 0.6856
vt 0.9767 0.6397
vt 0.9946 0.6397
vt 0.9767 0.6856
vt 0.9728 0.6397
vt 0.9649 0.5939
vt 0.9728 0.5939
vt 0.9767 0.6835
vt 0.9728 0.6835
vt 0.9767 0.6856
vt 0.9946 0.6835
vt 0.9946 0.6856
vt 0.9649 0.6813
vt 0.9728 0.6813
vt 0.9767 0.5633
vt 0.9767 0.5786
vt 0.9728 0.5786
vt 0.9946 0.5786
vt 0.9946 0.5633
vt 0.9649 0.5939
vt 0.9728 0.5939
vt 0.9767 0.3603
vt 0.9728 0.4214
vt 0.9728 0.3603
vt 0.9767 0.4214
vt 0.9946 0.4214
vt 0.9946 0.3603
vt 0.9767 0.7758
vt 0.9728 0.7758
vt 0.9767 0.7952
vt 0.9946 0.7758
vt 0.9946 0.7952
vt 0.9649 0.7564
vt 0.9728 0.7564
vt 0.5488 0.1807
vt 0.6410 0.1147
vt 0.5488 0.1147
vt 0.5488 0.0487
vt 0.6411 0.0487
vt 0.6411 0.0209
vt 0.5489 0.0209
vt 0.4540 0.0209
vt 0.4540 0.0487
vt 0.4540 0.1147
vt 0.4540 0.1807
vt 0.4540 0.2390
vt 0.6399 0.1884
vt 0.6319 0.2019
vt 0.6367 0.1957
vt 0.6183 0.2098
vt 0.6101 0.2109
vt 0.5422 0.2109
vt 0.5215 0.2109
vt 0.5113 0.2123
vt 0.5020 0.2161
vt 0.4942 0.2221
vt 0.6409 0.1807
vt 0.4882 0.2299
vt 0.4843 0.2390
vt 0.4540 0.2496
vt 0.4829 0.2496
vt 0.4540 0.3219
vt 0.4829 0.3219
vt 0.4540 0.4020
vt 0.4829 0.4020
vt 0.4540 0.5025
vt 0.4829 0.5025
vt 0.4540 0.6165
vt 0.4829 0.6165
vt 0.4540 0.9657
vt 0.4771 0.9657
vt 0.9767 0.8494
vt 0.9728 0.8494
vt 0.9767 0.8847
vt 0.9946 0.8494
vt 0.9946 0.8847
vt 0.9649 0.8141
vt 0.9728 0.8141
vt 0.9946 0.3144
vt 0.9767 0.3166
vt 0.9767 0.3144
vt 0.9946 0.3166
vt 0.9767 0.9480
vt 0.9767 0.8810
vt 0.9728 0.8810
vt 0.9946 0.9480
vt 0.9946 0.8810
vt 0.9728 0.8141
vt 0.9649 0.8141
vt 0.9767 0.8992
vt 0.9728 0.8992
vt 0.9767 0.9480
vt 0.9946 0.8992
vt 0.9946 0.9480
vt 0.9649 0.8503
vt 0.9728 0.8503
vt 0.9179 0.2805
vt 0.9245 0.2586
vt 0.9245 0.2805
vt 0.9179 0.2586
vt 0.9165 0.2805
vt 0.9179 0.2889
vt 0.9245 0.2708
vt 0.9245 0.2889
vt 0.9179 0.2708
vt 0.9165 0.2889
vt 0.9165 0.3070
vt 0.9135 0.3070
vt 0.9767 0.9217
vt 0.9728 0.9217
vt 0.9767 0.9808
vt 0.9946 0.9217
vt 0.9946 0.9808
vt 0.9946 0.5314
vt 0.9767 0.4686
vt 0.9946 0.4686
vt 0.9767 0.5314
vt 0.9728 0.4686
vt 0.9728 0.5314
vt 0.8455 0.6058
vt 0.8931 0.5805
vt 0.8931 0.6311
vt 0.9179 0.2942
vt 0.9179 0.3073
vt 0.9165 0.3073
vt 0.9245 0.2942
vt 0.9245 0.3073
vt 0.9165 0.3204
vt 0.9135 0.3204
vt 0.9649 0.5000
vt 0.9728 0.4686
vt 0.9728 0.5000
vt 0.9179 0.3274
vt 0.9179 0.3346
vt 0.9165 0.3346
vt 0.9245 0.3274
vt 0.9245 0.3346
vt 0.9165 0.3417
vt 0.9135 0.3417
vt 0.8356 0.5302
vt 0.8749 0.4932
vt 0.8881 0.5425
vt 0.9179 0.3274
vt 0.9245 0.3485
vt 0.9245 0.3274
vt 0.9179 0.3485
vt 0.9165 0.3485
vt 0.9135 0.3696
vt 0.9165 0.3696
vt 0.9946 0.9217
vt 0.9767 0.9217
vt 0.9946 0.9217
vt 0.9767 0.9217
vt 0.9728 0.9217
vt 0.9728 0.9217
vt 0.9946 0.6397
vt 0.9767 0.5786
vt 0.9946 0.5786
vt 0.9767 0.6397
vt 0.9728 0.5786
vt 0.9728 0.6397
vt 0.9946 0.7383
vt 0.9767 0.6835
vt 0.9946 0.6835
vt 0.9767 0.7383
vt 0.9728 0.6835
vt 0.9728 0.7383
vt 0.9946 0.8206
vt 0.9767 0.7758
vt 0.9946 0.7758
vt 0.9767 0.8206
vt 0.9728 0.7758
vt 0.9728 0.8206
vt 0.9946 0.8810
vt 0.9767 0.8494
vt 0.9946 0.8494
vt 0.9767 0.8810
vt 0.9728 0.8494
vt 0.9728 0.8810
vt 0.9946 0.9155
vt 0.9767 0.8992
vt 0.9946 0.8992
vt 0.9767 0.9155
vt 0.9728 0.8992
vt 0.9728 0.9155
vt 0.9728 0.5000
vt 0.9728 0.5314
vt 0.9649 0.5000
vt 0.9767 0.3144
vt 0.9946 0.3603
vt 0.9946 0.3144
vt 0.9767 0.3603
vt 0.9728 0.3603
vt 0.9649 0.4061
vt 0.9728 0.4061
vt 0.9728 0.9217
vt 0.9728 0.8627
vt 0.9649 0.8627
vt 0.9767 0.4367
vt 0.9946 0.4686
vt 0.9946 0.4367
vt 0.9767 0.4686
vt 0.9728 0.4686
vt 0.9767 0.5633
vt 0.9946 0.5786
vt 0.9946 0.5633
vt 0.9767 0.5786
vt 0.9728 0.5786
vt 0.9728 0.5939
vt 0.9649 0.5939
vt 0.5608 0.9456
vt 0.5608 0.8980
vt 0.5787 0.9456
vt 0.9767 0.5314
vt 0.9728 0.4686
vt 0.9728 0.5314
vt 0.9767 0.4686
vt 0.9946 0.5314
vt 0.9946 0.4686
vt 0.9767 0.3603
vt 0.9946 0.4214
vt 0.9946 0.3603
vt 0.9767 0.4214
vt 0.9728 0.4214
vt 0.9728 0.3603
vt 0.8881 0.6691
vt 0.8749 0.7184
vt 0.8356 0.6814
vt 0.9179 0.3485
vt 0.9245 0.3688
vt 0.9245 0.3485
vt 0.9179 0.3688
vt 0.9165 0.3688
vt 0.9165 0.3485
vt 0.8603 0.7536
vt 0.8348 0.7978
vt 0.8064 0.7519
vt 0.9179 0.3180
vt 0.9245 0.3346
vt 0.9245 0.3180
vt 0.9179 0.3346
vt 0.9165 0.3346
vt 0.9165 0.3180
vt 0.8116 0.8280
vt 0.7756 0.8641
vt 0.7599 0.8124
vt 0.9179 0.2956
vt 0.9245 0.3073
vt 0.9245 0.2956
vt 0.9179 0.3073
vt 0.9165 0.3073
vt 0.9165 0.2956
vt 0.7453 0.8873
vt 0.7011 0.9128
vt 0.6994 0.8589
vt 0.9179 0.2828
vt 0.9245 0.2889
vt 0.9245 0.2828
vt 0.9179 0.2889
vt 0.9165 0.2889
vt 0.9165 0.2828
vt 0.6659 0.9274
vt 0.6166 0.9406
vt 0.6290 0.8881
vt 0.7297 0.3760
vt 0.7453 0.3243
vt 0.6994 0.3528
vt 0.7912 0.2958
vt 0.7756 0.3475
vt 0.7599 0.3992
vt 0.6247 0.4821
vt 0.6543 0.5048
vt 0.7832 0.4295
vt 0.8064 0.4597
vt 0.8348 0.4138
vt 0.8633 0.3680
vt 0.8116 0.3836
vt 0.6770 0.5344
vt 0.5903 0.4679
vt 0.5911 0.3186
vt 0.5787 0.2660
vt 0.5608 0.3136
vt 0.6043 0.2185
vt 0.6166 0.2710
vt 0.6290 0.3236
vt 0.5608 0.4630
vt 0.6642 0.3382
vt 0.7011 0.2988
vt 0.7028 0.2448
vt 0.6659 0.2842
vt 0.8406 0.5680
vt 0.8881 0.5425
vt 0.8356 0.5302
vt 0.9407 0.5548
vt 0.8931 0.5805
vt 0.8455 0.6058
vt 0.6913 0.5688
vt 0.8210 0.4950
vt 0.8603 0.4580
vt 0.9143 0.4563
vt 0.8749 0.4932
vt 0.6962 0.6058
vt 0.8406 0.6436
vt 0.8931 0.6311
vt 0.9407 0.6568
vt 0.8881 0.6691
vt 0.8356 0.6814
vt 0.6913 0.6428
vt 0.8210 0.7167
vt 0.8064 0.7519
vt 0.8603 0.7536
vt 0.9143 0.7553
vt 0.8749 0.7184
vt 0.6770 0.6772
vt 0.7832 0.7822
vt 0.8348 0.7978
vt 0.8633 0.8437
vt 0.8116 0.8280
vt 0.7599 0.8124
vt 0.6543 0.7068
vt 0.6642 0.8735
vt 0.7011 0.9128
vt 0.6994 0.8589
vt 0.6247 0.7295
vt 0.7297 0.8357
vt 0.7756 0.8641
vt 0.7912 0.9158
vt 0.7453 0.8873
vt 0.5903 0.7438
vt 0.6166 0.9406
vt 0.5911 0.8930
vt 0.6043 0.9932
vt 0.5787 0.9456
vt 0.5608 0.8980
vt 0.5608 0.7486
vt 0.6290 0.8881
vt 0.6659 0.9274
vt 0.7028 0.9668
vt 0.8064 0.4597
vt 0.8348 0.4138
vt 0.8603 0.4580
vt 0.9767 0.9217
vt 0.9728 0.9217
vt 0.9728 0.9217
vt 0.9767 0.9217
vt 0.9946 0.9217
vt 0.9946 0.9217
vt 0.9767 0.6397
vt 0.9728 0.5786
vt 0.9728 0.6397
vt 0.9767 0.5786
vt 0.9946 0.6397
vt 0.9946 0.5786
vt 0.9767 0.7383
vt 0.9728 0.6835
vt 0.9728 0.7383
vt 0.9767 0.6835
vt 0.9946 0.7383
vt 0.9946 0.6835
vt 0.9767 0.8206
vt 0.9728 0.7758
vt 0.9728 0.8206
vt 0.9767 0.7758
vt 0.9946 0.8206
vt 0.9946 0.7758
vt 0.9767 0.8810
vt 0.9728 0.8494
vt 0.9728 0.8810
vt 0.9767 0.8494
vt 0.9946 0.8810
vt 0.9946 0.8494
vt 0.9767 0.9155
vt 0.9728 0.8992
vt 0.9728 0.9155
vt 0.9767 0.8992
vt 0.9946 0.9155
vt 0.9946 0.8992
vt 0.7050 0.1922
vt 0.6968 0.1629
vt 0.7050 0.1670
vt 0.6968 0.1895
vt 0.7050 0.1670
vt 0.7113 0.1378
vt 0.7186 0.1434
vt 0.6968 0.1629
vt 0.8904 0.1242
vt 0.9238 0.1380
vt 0.9157 0.1435
vt 0.8964 0.1176
vt 0.8562 0.1116
vt 0.8595 0.1042
vt 0.8173 0.1072
vt 0.8176 0.0996
vt 0.7783 0.1115
vt 0.7756 0.1042
vt 0.7441 0.1241
vt 0.7387 0.1175
vt 0.7186 0.1434
vt 0.7113 0.1378
vt 0.9157 0.1435
vt 0.9383 0.1630
vt 0.9292 0.1672
vt 0.9238 0.1380
vt 0.9143 0.0346
vt 0.8889 0.1118
vt 0.8888 0.0387
vt 0.9144 0.1021
vt 0.8891 0.1727
vt 0.9147 0.1582
vt 0.8896 0.2152
vt 0.9151 0.1975
vt 0.8553 0.2267
vt 0.8548 0.1821
vt 0.8163 0.2307
vt 0.8169 0.2521
vt 0.8558 0.2478
vt 0.8901 0.2352
vt 0.9156 0.2160
vt 0.7780 0.2477
vt 0.7387 0.2350
vt 0.7438 0.2351
vt 0.7756 0.2483
vt 0.8176 0.2530
vt 0.8595 0.2484
vt 0.8964 0.2351
vt 0.9238 0.2147
vt 0.7424 0.0386
vt 0.7173 0.1020
vt 0.7172 0.0345
vt 0.7425 0.1117
vt 0.7175 0.1581
vt 0.7428 0.1726
vt 0.7179 0.1973
vt 0.7432 0.2151
vt 0.7184 0.2158
vt 0.7113 0.2146
vt 0.7766 0.0413
vt 0.7767 0.1181
vt 0.7770 0.1820
vt 0.7774 0.2267
vt 0.8155 0.0422
vt 0.8156 0.1204
vt 0.8159 0.1853
vt 0.8545 0.1182
vt 0.8544 0.0413
vt 0.7599 0.3992
vt 0.7756 0.3475
vt 0.8116 0.3836
vt 0.9767 0.4367
vt 0.9767 0.4214
vt 0.9728 0.4214
vt 0.9946 0.4367
vt 0.9946 0.4214
vt 0.9728 0.4061
vt 0.9649 0.4061
vt 0.6994 0.3528
vt 0.7011 0.2988
vt 0.7453 0.3243
vt 0.9767 0.8847
vt 0.9767 0.8206
vt 0.9728 0.8206
vt 0.9946 0.8847
vt 0.9946 0.8206
vt 0.9728 0.7564
vt 0.9649 0.7564
vt 0.6290 0.3236
vt 0.6166 0.2710
vt 0.6659 0.2842
vt 0.9767 0.7952
vt 0.9767 0.7383
vt 0.9728 0.7383
vt 0.9946 0.7952
vt 0.9946 0.7383
vt 0.9728 0.6813
vt 0.9649 0.6813
vt 0.6257 0.2067
vt 0.9767 0.5633
vt 0.9767 0.5314
vt 0.9728 0.5314
vt 0.9946 0.5633
vt 0.9946 0.5314
vt 0.9767 0.6856
vt 0.9767 0.6397
vt 0.9728 0.6397
vt 0.9946 0.6856
vt 0.9946 0.6397
vt 0.9728 0.5939
vt 0.9649 0.5939
vt 0.6239 0.7280
vt 0.5903 0.7438
vt 0.6247 0.7295
vt 0.5899 0.7421
vt 0.5608 0.7486
vt 0.5608 0.7469
vt 0.6896 0.5693
vt 0.6962 0.6058
vt 0.6913 0.5688
vt 0.6945 0.6058
vt 0.6913 0.6428
vt 0.6896 0.6423
vt 0.6770 0.6772
vt 0.6755 0.6764
vt 0.6543 0.7068
vt 0.6531 0.7056
vt 0.5608 0.4647
vt 0.5903 0.4679
vt 0.5608 0.4630
vt 0.5899 0.4695
vt 0.6247 0.4821
vt 0.6239 0.4836
vt 0.6543 0.5048
vt 0.6531 0.5060
vt 0.6770 0.5344
vt 0.6755 0.5353
vt 0.9767 0.9155
vt 0.9728 0.9155
vt 0.9767 0.9808
vt 0.9946 0.9808
vt 0.9946 0.9155
vt 0.9728 0.8503
vt 0.9649 0.8503
vt 0.9179 0.3680
vt 0.9179 0.3688
vt 0.9165 0.3688
vt 0.9165 0.3696
vt 0.9135 0.3696
vt 0.9767 0.6856
vt 0.9728 0.6835
vt 0.9767 0.6835
vt 0.9946 0.6835
vt 0.9946 0.6856
vt 0.9728 0.6813
vt 0.9649 0.6813
vt 0.9767 0.7952
vt 0.9728 0.7758
vt 0.9767 0.7758
vt 0.9946 0.7758
vt 0.9946 0.7952
vt 0.9728 0.7564
vt 0.9649 0.7564
vt 0.9767 0.8847
vt 0.9728 0.8494
vt 0.9767 0.8494
vt 0.9946 0.8494
vt 0.9946 0.8847
vt 0.9728 0.8141
vt 0.9649 0.8141
vt 0.9767 0.9480
vt 0.9728 0.8992
vt 0.9767 0.8992
vt 0.9946 0.8992
vt 0.9946 0.9480
vt 0.9728 0.8503
vt 0.9649 0.8503
vt 0.9767 0.9808
vt 0.9728 0.9217
vt 0.9767 0.9217
vt 0.9946 0.9217
vt 0.9946 0.9808
vt 0.9179 0.2586
vt 0.9245 0.2828
vt 0.9245 0.2586
vt 0.9179 0.2828
vt 0.9165 0.2828
vt 0.9135 0.3070
vt 0.9165 0.3070
vt 0.8931 0.6311
vt 0.8931 0.5805
vt 0.8455 0.6058
vt 0.9179 0.2708
vt 0.9245 0.2956
vt 0.9245 0.2708
vt 0.9179 0.2956
vt 0.9165 0.2956
vt 0.9135 0.3204
vt 0.9165 0.3204
vt 0.9179 0.2805
vt 0.9165 0.2805
vt 0.9179 0.2805
vt 0.9245 0.2805
vt 0.9245 0.2805
vt 0.9245 0.2805
vt 0.9179 0.2805
vt 0.9165 0.2805
vt 0.9165 0.2805
vt 0.9179 0.2942
vt 0.9245 0.3180
vt 0.9245 0.2942
vt 0.9179 0.3180
vt 0.9165 0.3180
vt 0.9135 0.3417
vt 0.9165 0.3417
vt 0.9728 0.5000
vt 0.9728 0.4686
vt 0.9649 0.5000
vt 0.6399 0.1884
vt 0.5488 0.1807
vt 0.6409 0.1807
vt 0.6410 0.1147
vt 0.5488 0.1147
vt 0.6319 0.2019
vt 0.6367 0.1957
vt 0.6183 0.2098
vt 0.6101 0.2109
vt 0.5422 0.2109
vt 0.5215 0.2109
vt 0.5113 0.2123
vt 0.5020 0.2161
vt 0.4540 0.2390
vt 0.4942 0.2221
vt 0.6257 0.2067
vt 0.4882 0.2299
vt 0.4843 0.2390
vt 0.4540 0.2496
vt 0.4829 0.2496
vt 0.4540 0.3219
vt 0.4829 0.3219
vt 0.4540 0.4020
vt 0.4829 0.4020
vt 0.4540 0.5025
vt 0.4829 0.5025
vt 0.4540 0.6165
vt 0.4829 0.6165
vt 0.4540 0.9657
vt 0.4771 0.9657
vt 0.9135 0.3024
vt 0.9165 0.2805
vt 0.9165 0.3024
vt 0.0208 0.1875
vt 0.0282 0.1977
vt 0.0208 0.1957
vt 0.0282 0.1883
vt 0.0209 0.1789
vt 0.0282 0.1785
vt 0.0209 0.1705
vt 0.0282 0.1688
vt 0.0209 0.1629
vt 0.0282 0.1601
vt 0.0210 0.0988
vt 0.0211 0.0482
vt 0.0285 0.0468
vt 0.0211 0.0234
vt 0.0285 0.0220
vt 0.0205 0.2702
vt 0.0278 0.2810
vt 0.0205 0.2779
vt 0.0279 0.2742
vt 0.0206 0.2572
vt 0.0279 0.2612
vt 0.0208 0.2092
vt 0.0281 0.2132
vt 0.0208 0.2031
vt 0.0281 0.2062
vt 0.0204 0.3186
vt 0.0277 0.3261
vt 0.0204 0.3289
vt 0.0277 0.3170
vt 0.0204 0.3080
vt 0.0278 0.3076
vt 0.0204 0.2973
vt 0.0278 0.2982
vt 0.0205 0.2871
vt 0.0278 0.2891
vt 0.0198 0.6552
vt 0.0266 0.9638
vt 0.0192 0.9639
vt 0.0271 0.6551
vt 0.0200 0.5493
vt 0.0273 0.5493
vt 0.0201 0.4655
vt 0.0275 0.4655
vt 0.0203 0.3871
vt 0.0276 0.3871
vt 0.9179 0.2805
vt 0.9179 0.2586
vt 0.9165 0.2805
vt 0.9245 0.2586
vt 0.9245 0.2805
vt 0.5787 0.2660
vt 0.8555 0.0124
vt 0.8897 0.0557
vt 0.8896 0.0151
vt 0.8555 0.0493
vt 0.8166 0.0114
vt 0.8166 0.0471
vt 0.8557 0.0800
vt 0.8168 0.0767
vt 0.8559 0.1015
vt 0.8898 0.0895
vt 0.7776 0.0123
vt 0.7777 0.0493
vt 0.7433 0.0150
vt 0.7778 0.0800
vt 0.8170 0.0974
vt 0.7434 0.0556
vt 0.7435 0.0894
vt 0.7780 0.1014
vt 0.7437 0.1130
vt 0.7183 0.1307
vt 0.7180 0.1038
vt 0.7178 0.0653
vt 0.7177 0.0191
vt 0.8881 0.5425
vt 0.8749 0.4932
vt 0.8356 0.5302
vt 0.8901 0.1131
vt 0.9154 0.1308
vt 0.9151 0.1039
vt 0.9150 0.0655
vt 0.9149 0.0192
vt 0.8603 0.4580
vt 0.8348 0.4138
vt 0.8064 0.4597
vt 0.5899 0.4695
vt 0.6247 0.4821
vt 0.6239 0.4836
vt 0.5903 0.4679
vt 0.5608 0.4647
vt 0.5608 0.4630
vt 0.6945 0.6058
vt 0.6913 0.6428
vt 0.6896 0.6423
vt 0.6962 0.6058
vt 0.6896 0.5693
vt 0.6913 0.5688
vt 0.6755 0.5353
vt 0.6770 0.5344
vt 0.6531 0.5060
vt 0.6543 0.5048
vt 0.5899 0.7421
vt 0.5608 0.7486
vt 0.5608 0.7469
vt 0.5903 0.7438
vt 0.6239 0.7280
vt 0.6247 0.7295
vt 0.6531 0.7056
vt 0.6543 0.7068
vt 0.6755 0.6764
vt 0.6770 0.6772
vt 0.4330 0.3158
vt 0.4404 0.3069
vt 0.4404 0.3175
vt 0.4330 0.3249
vt 0.4404 0.3278
vt 0.4329 0.3871
vt 0.4402 0.3871
vt 0.4327 0.4655
vt 0.4401 0.4655
vt 0.4326 0.5493
vt 0.4399 0.5493
vt 0.4324 0.6552
vt 0.4398 0.6554
vt 0.4318 0.9652
vt 0.4392 0.9653
vt 0.8116 0.3836
vt 0.7756 0.3475
vt 0.7599 0.3992
vt 0.4331 0.2728
vt 0.4406 0.2559
vt 0.4405 0.2689
vt 0.4331 0.2797
vt 0.4405 0.2766
vt 0.4331 0.2878
vt 0.4405 0.2859
vt 0.4331 0.2969
vt 0.4404 0.2961
vt 0.4330 0.3064
vt 0.4334 0.1880
vt 0.4408 0.1786
vt 0.4408 0.1872
vt 0.4334 0.1974
vt 0.4408 0.1954
vt 0.4334 0.2059
vt 0.4408 0.2029
vt 0.4334 0.2129
vt 0.4407 0.2090
vt 0.4332 0.2598
vt 0.4411 0.0239
vt 0.4337 0.0472
vt 0.4338 0.0224
vt 0.4411 0.0487
vt 0.4335 0.1596
vt 0.4410 0.0982
vt 0.4409 0.1626
vt 0.4335 0.1684
vt 0.4409 0.1701
vt 0.4335 0.1782
vt 0.7453 0.3243
vt 0.7011 0.2988
vt 0.6994 0.3528
vt 0.2311 0.0230
vt 0.1352 0.0474
vt 0.1352 0.0228
vt 0.2310 0.0476
vt 0.3269 0.0232
vt 0.3268 0.0478
vt 0.2308 0.1633
vt 0.3266 0.1635
vt 0.2308 0.1713
vt 0.3266 0.1715
vt 0.2308 0.1795
vt 0.3266 0.1797
vt 0.4227 0.0481
vt 0.4227 0.0233
vt 0.4225 0.1606
vt 0.4224 0.1692
vt 0.4224 0.1786
vt 0.4224 0.1880
vt 0.3266 0.1877
vt 0.4335 0.1782
vt 0.4335 0.1684
vt 0.4335 0.1596
vt 0.4337 0.0472
vt 0.4338 0.0224
vt 0.4223 0.2130
vt 0.4332 0.2598
vt 0.4222 0.2607
vt 0.4334 0.2129
vt 0.4223 0.2055
vt 0.4334 0.2059
vt 0.4224 0.1971
vt 0.4334 0.1974
vt 0.4334 0.1880
vt 0.3266 0.1957
vt 0.3265 0.2039
vt 0.3265 0.2123
vt 0.3264 0.2596
vt 0.4221 0.2752
vt 0.3264 0.2777
vt 0.2307 0.1875
vt 0.2307 0.1955
vt 0.2307 0.2037
vt 0.2307 0.2121
vt 0.2306 0.2594
vt 0.1349 0.2035
vt 0.1349 0.1953
vt 0.1349 0.2119
vt 0.1347 0.2592
vt 0.1347 0.2773
vt 0.2305 0.2775
vt 0.1347 0.2853
vt 0.2305 0.2855
vt 0.1349 0.1873
vt 0.0391 0.1970
vt 0.0391 0.1880
vt 0.0391 0.2054
vt 0.0390 0.2129
vt 0.0389 0.2606
vt 0.0388 0.2751
vt 0.0282 0.1977
vt 0.0282 0.1883
vt 0.0281 0.2062
vt 0.0281 0.2132
vt 0.0279 0.2612
vt 0.0279 0.2742
vt 0.0278 0.2810
vt 0.0387 0.2822
vt 0.0278 0.2891
vt 0.0388 0.2901
vt 0.0278 0.2982
vt 0.0387 0.2987
vt 0.0278 0.3076
vt 0.0387 0.3075
vt 0.0277 0.3170
vt 0.0387 0.3162
vt 0.1347 0.2929
vt 0.1347 0.3005
vt 0.1346 0.3080
vt 0.1346 0.3157
vt 0.2305 0.2931
vt 0.2305 0.3007
vt 0.2305 0.3082
vt 0.2304 0.3159
vt 0.1346 0.3239
vt 0.2304 0.3241
vt 0.3263 0.2857
vt 0.3263 0.2933
vt 0.3263 0.3009
vt 0.3263 0.3084
vt 0.4222 0.2823
vt 0.4221 0.2902
vt 0.4221 0.2988
vt 0.4220 0.3076
vt 0.4220 0.3164
vt 0.3263 0.3161
vt 0.4330 0.3064
vt 0.4331 0.2969
vt 0.4331 0.2878
vt 0.4331 0.2797
vt 0.4331 0.2728
vt 0.4217 0.4655
vt 0.4326 0.5493
vt 0.4216 0.5493
vt 0.4327 0.4655
vt 0.4219 0.3871
vt 0.4329 0.3871
vt 0.4220 0.3252
vt 0.4330 0.3249
vt 0.4330 0.3158
vt 0.3263 0.3243
vt 0.3261 0.3871
vt 0.3260 0.4655
vt 0.3258 0.5493
vt 0.4214 0.6559
vt 0.2303 0.3871
vt 0.2302 0.4655
vt 0.2300 0.5493
vt 0.1345 0.3871
vt 0.1343 0.4655
vt 0.1341 0.5493
vt 0.0387 0.3250
vt 0.0386 0.3871
vt 0.0384 0.4655
vt 0.0383 0.5493
vt 0.0381 0.6561
vt 0.1339 0.6562
vt 0.0277 0.3261
vt 0.0276 0.3871
vt 0.0275 0.4655
vt 0.0273 0.5493
vt 0.0271 0.6551
vt 0.0266 0.9638
vt 0.0375 0.9643
vt 0.1333 0.9643
vt 0.1473 0.9530
vt 0.1425 0.9644
vt 0.3256 0.6552
vt 0.4208 0.9650
vt 0.3249 0.9647
vt 0.3079 0.9533
vt 0.2292 0.9205
vt 0.2298 0.6564
vt 0.2277 0.9199
vt 0.3126 0.9647
vt 0.4318 0.9652
vt 0.4324 0.6552
vt 0.0394 0.0224
vt 0.0285 0.0468
vt 0.0285 0.0220
vt 0.0394 0.0471
vt 0.0282 0.1601
vt 0.0391 0.1607
vt 0.0282 0.1688
vt 0.0391 0.1693
vt 0.0282 0.1785
vt 0.0391 0.1786
vt 0.1350 0.1631
vt 0.1349 0.1711
vt 0.1349 0.1793
vt 0.5911 0.3186
vt 0.5608 0.4630
vt 0.5608 0.3136
vt 0.5787 0.2660
vt 0.6043 0.2185
vt 0.6166 0.2710
vt 0.6290 0.3236
vt 0.6642 0.3382
vt 0.7011 0.2988
vt 0.7028 0.2448
vt 0.6659 0.2842
vt 0.4540 0.1807
vt 0.4540 0.1147
vt 0.5488 0.0487
vt 0.6411 0.0487
vt 0.6411 0.0209
vt 0.5489 0.0209
vt 0.4540 0.0209
vt 0.4540 0.0487
vt 0.9280 0.0296
vt 0.9144 0.1021
vt 0.9143 0.0346
vt 0.9281 0.0902
vt 0.9147 0.1582
vt 0.9283 0.1405
vt 0.9151 0.1975
vt 0.9287 0.1757
vt 0.9156 0.2160
vt 0.9291 0.1923
vt 0.9238 0.2147
vt 0.9383 0.1897
vt 0.9282 0.0242
vt 0.9281 0.0902
vt 0.9280 0.0296
vt 0.9283 0.0774
vt 0.9283 0.1405
vt 0.9285 0.1217
vt 0.9287 0.1757
vt 0.9288 0.1526
vt 0.9291 0.1923
vt 0.9292 0.1672
vt 0.9383 0.1897
vt 0.9383 0.1630
vt 0.9149 0.0192
vt 0.9283 0.0774
vt 0.9282 0.0242
vt 0.9150 0.0655
vt 0.9285 0.1217
vt 0.9151 0.1039
vt 0.9288 0.1526
vt 0.9154 0.1308
vt 0.7040 0.0241
vt 0.7178 0.0653
vt 0.7177 0.0191
vt 0.7041 0.0773
vt 0.7180 0.1038
vt 0.7043 0.1215
vt 0.7183 0.1307
vt 0.7046 0.1524
vt 0.7038 0.0294
vt 0.7041 0.0773
vt 0.7040 0.0241
vt 0.7039 0.0900
vt 0.7043 0.1215
vt 0.7042 0.1404
vt 0.7046 0.1524
vt 0.7045 0.1756
vt 0.7172 0.0345
vt 0.7039 0.0900
vt 0.7038 0.0294
vt 0.7173 0.1020
vt 0.7042 0.1404
vt 0.7175 0.1581
vt 0.7045 0.1756
vt 0.7179 0.1973
vt 0.7050 0.1922
vt 0.7184 0.2158
vt 0.6968 0.1895
vt 0.7113 0.2146
vt 0.6994 0.8589
vt 0.7011 0.9128
vt 0.7453 0.8873
vt 0.6659 0.2842
vt 0.6166 0.2710
vt 0.6290 0.3236
vt 0.7599 0.8124
vt 0.7756 0.8641
vt 0.8116 0.8280
vt 0.9649 0.5000
vt 0.9728 0.5314
vt 0.9728 0.5000
vt 0.8064 0.7519
vt 0.8348 0.7978
vt 0.8603 0.7536
vt 0.9649 0.8627
vt 0.9728 0.8627
vt 0.9728 0.9217
vt 0.8356 0.6814
vt 0.8749 0.7184
vt 0.8881 0.6691
vt 0.5787 0.9456
vt 0.5608 0.8980
vt 0.5608 0.9456
vn 0.0000 0.0000 1.0000
vn -0.0316 -0.9995 0.0000
vn -0.7291 -0.6844 0.0000
vn -0.7291 -0.6843 0.0000
vn 0.9736 -0.2281 0.0000
vn 0.9995 0.0316 0.0000
vn 0.9572 0.2892 0.0000
vn 0.9572 0.2893 0.0000
vn 0.8498 0.5271 0.0000
vn 0.8660 -0.5000 0.0000
vn -0.5271 -0.8498 0.0000
vn -0.2892 -0.9572 0.0000
vn -0.8824 -0.4705 0.0000
vn 0.7071 -0.7071 0.0000
vn 0.5000 -0.8660 0.0000
vn 0.0843 -0.1562 0.9841
vn 0.1017 -0.1232 0.9872
vn 0.0177 -0.0332 0.9993
vn 0.0085 -0.0366 0.9993
vn -0.0500 -0.3774 0.9247
vn 0.1610 -0.2098 0.9644
vn 0.3775 -0.0493 0.9247
vn 0.1219 -0.1291 0.9841
vn 0.0256 -0.0275 0.9993
vn 0.1301 -0.0927 0.9872
vn 0.1511 -0.0931 0.9841
vn 0.3774 0.0500 0.9247
vn 0.2098 -0.1610 0.9644
vn 0.0493 -0.3775 0.9247
vn 0.0319 -0.0199 0.9993
vn 0.0376 -0.0013 0.9993
vn 0.0360 -0.0110 0.9993
vn 0.1775 -0.0051 0.9841
vn 0.1590 -0.0152 0.9872
vn 0.3017 0.2303 0.9251
vn 0.2621 -0.0345 0.9644
vn 0.2315 -0.3023 0.9247
vn 0.1701 -0.0508 0.9841
vn 0.1497 -0.0558 0.9872
vn 0.1454 -0.3518 0.9247
vn 0.2443 -0.1012 0.9644
vn 0.3516 0.1460 0.9247
vn 0.0247 0.0174 0.9995
vn 0.0644 0.1556 0.9857
vn 0.0031 0.0118 0.9999
vn 0.0220 0.1669 0.9857
vn 0.3023 0.2315 0.9247
vn 0.0345 0.2621 0.9644
vn -0.2307 0.3017 0.9250
vn -0.1139 0.1840 0.9763
vn -0.0197 0.0122 0.9997
vn 0.0479 0.1789 0.9827
vn -0.1460 0.3516 0.9247
vn 0.1012 0.2443 0.9644
vn 0.3518 0.1454 0.9247
vn 0.0931 0.1511 0.9841
vn 0.0275 0.0256 0.9993
vn 0.0927 0.1301 0.9872
vn 0.1291 0.1219 0.9841
vn 0.3775 0.0493 0.9247
vn 0.1610 0.2098 0.9644
vn -0.0500 0.3774 0.9247
vn 0.0332 0.0177 0.9993
vn 0.1232 0.1017 0.9872
vn 0.0493 0.3775 0.9247
vn 0.2098 0.1610 0.9644
vn 0.3774 -0.0500 0.9247
vn 0.1562 0.0843 0.9841
vn 0.0366 0.0085 0.9993
vn 0.1575 0.0265 0.9872
vn 0.2315 0.3022 0.9247
vn 0.1727 0.0410 0.9841
vn 0.2621 0.0345 0.9644
vn 0.3017 -0.2303 0.9251
vn 0.1453 0.0663 0.9872
vn 0.1454 0.3518 0.9247
vn 0.2443 0.1012 0.9644
vn 0.3516 -0.1460 0.9247
vn 0.9995 -0.0316 0.0000
vn 0.9736 0.2281 0.0000
vn 0.2588 -0.9659 0.0000
vn 0.2281 -0.9736 0.0000
vn 0.9572 -0.2893 0.0000
vn 0.9572 -0.2892 0.0000
vn 0.8498 -0.5271 0.0000
vn 0.4747 -0.8801 0.0000
vn 0.6844 0.7291 0.0000
vn 0.6843 0.7291 0.0000
vn 0.4747 0.8801 0.0000
vn 0.6843 -0.7291 0.0000
vn 0.6844 -0.7291 0.0000
vn -0.0316 0.9995 0.0000
vn 0.2281 0.9736 0.0000
vn 0.9659 -0.2588 0.0000
vn -0.2893 0.9572 0.0000
vn -0.2892 0.9572 0.0000
vn 1.0000 -0.0000 0.0000
vn 1.0000 0.0003 0.0001
vn 1.0000 -0.0001 0.0000
vn 1.0000 -0.0002 -0.0001
vn 1.0000 0.0002 0.0002
vn 1.0000 0.0001 0.0001
vn 1.0000 0.0001 0.0000
vn 1.0000 0.0002 -0.0001
vn 1.0000 -0.0000 -0.0002
vn -0.5271 0.8498 0.0000
vn 0.0316 -0.9995 0.0000
vn -0.9995 -0.0316 0.0000
vn -0.7291 0.6844 0.0000
vn 0.8804 -0.4741 0.0000
vn 0.7291 -0.6844 0.0000
vn -0.8804 0.4741 0.0000
vn 0.5271 -0.8498 0.0000
vn 0.4700 0.8827 0.0000
vn 0.2892 -0.9572 0.0000
vn -0.8498 0.5271 0.0000
vn 0.0000 1.0000 0.0000
vn 0.9659 0.2588 0.0000
vn 0.9659 0.2588 -0.0001
vn 0.8660 0.5000 0.0000
vn 0.7071 0.7071 0.0000
vn 0.5000 0.8660 0.0000
vn 0.2588 0.9659 0.0000
vn 0.4700 -0.8827 0.0000
vn -0.6844 0.7291 0.0000
vn -0.6843 0.7291 0.0000
vn -0.8824 0.4705 0.0000
vn -0.4747 0.8801 0.0000
vn -0.2281 0.9736 0.0000
vn -1.0000 0.0000 0.0000
vn -0.9659 -0.2588 0.0000
vn -0.8660 -0.5000 0.0000
vn -0.7071 -0.7071 0.0000
vn -0.5000 -0.8660 0.0000
vn -0.2588 -0.9659 0.0000
vn -0.1017 -0.1232 0.9872
vn 0.0500 -0.3774 0.9247
vn -0.0843 -0.1562 0.9841
vn -0.1610 -0.2098 0.9644
vn -0.3775 -0.0493 0.9247
vn -0.1219 -0.1291 0.9841
vn -0.0177 -0.0332 0.9993
vn -0.0256 -0.0275 0.9993
vn -0.1301 -0.0927 0.9872
vn -0.1511 -0.0931 0.9841
vn -0.3774 0.0500 0.9247
vn -0.2098 -0.1610 0.9644
vn -0.0493 -0.3775 0.9247
vn -0.0319 -0.0199 0.9993
vn -0.0085 -0.0366 0.9993
vn -0.0265 -0.1575 0.9872
vn 0.2307 -0.3017 0.9250
vn 0.1139 -0.1840 0.9763
vn -0.0345 -0.2621 0.9644
vn -0.3023 -0.2315 0.9247
vn -0.0410 -0.1727 0.9841
vn -0.0030 -0.0325 0.9995
vn -0.0663 -0.1453 0.9871
vn -0.3519 -0.1454 0.9247
vn -0.1012 -0.2443 0.9644
vn 0.1460 -0.3516 0.9247
vn -0.1590 -0.0152 0.9872
vn -0.2315 -0.3023 0.9247
vn -0.1701 -0.0508 0.9841
vn -0.2621 -0.0345 0.9644
vn -0.3017 0.2303 0.9251
vn -0.1775 -0.0051 0.9841
vn -0.0360 -0.0110 0.9993
vn -0.1497 -0.0558 0.9872
vn -0.1454 -0.3518 0.9247
vn -0.2443 -0.1012 0.9644
vn -0.3516 0.1460 0.9247
vn -0.0376 -0.0013 0.9993
vn -0.1575 0.0265 0.9872
vn -0.3017 -0.2303 0.9251
vn -0.2621 0.0345 0.9644
vn -0.2315 0.3022 0.9247
vn -0.1727 0.0410 0.9841
vn -0.0366 0.0085 0.9993
vn -0.1453 0.0663 0.9872
vn -0.1562 0.0843 0.9841
vn -0.1454 0.3518 0.9247
vn -0.2443 0.1012 0.9644
vn -0.3516 -0.1460 0.9247
vn -0.0332 0.0177 0.9993
vn -0.1232 0.1017 0.9872
vn -0.3774 -0.0500 0.9247
vn -0.2098 0.1610 0.9644
vn -0.0493 0.3775 0.9247
vn -0.1291 0.1219 0.9841
vn -0.0275 0.0256 0.9993
vn -0.0644 0.1556 0.9857
vn -0.3518 0.1454 0.9247
vn -0.0931 0.1511 0.9841
vn -0.0247 0.0174 0.9995
vn -0.0927 0.1301 0.9872
vn -0.3775 0.0493 0.9247
vn -0.1610 0.2098 0.9644
vn 0.0500 0.3774 0.9247
vn -0.0031 0.0118 0.9999
vn -0.3023 0.2315 0.9247
vn -0.0220 0.1669 0.9857
vn -0.0345 0.2621 0.9644
vn 0.2307 0.3017 0.9250
vn 0.1139 0.1840 0.9763
vn 0.0197 0.0122 0.9997
vn -0.0479 0.1789 0.9827
vn 0.1460 0.3516 0.9247
vn -0.1012 0.2443 0.9644
vn -0.9659 0.2588 0.0000
vn -0.8660 0.5000 0.0000
vn -0.7071 0.7071 0.0000
vn -0.5000 0.8660 0.0000
vn -0.2588 0.9659 0.0000
vn 0.9989 0.0108 0.0461
vn 0.9961 0.0068 0.0879
vn 0.9987 0.0153 0.0471
vn 0.9963 0.0000 0.0862
vn 0.9399 0.3374 -0.0524
vn 0.9357 0.3496 0.0470
vn 0.9381 0.3425 -0.0509
vn 0.9387 0.3417 0.0443
vn -0.6522 0.7379 -0.1735
vn -0.7599 0.6496 0.0205
vn -0.7648 0.6280 -0.1438
vn -0.6486 0.7609 0.0143
vn -0.3488 0.9106 -0.2215
vn -0.3463 0.9381 -0.0029
vn -0.0008 0.9715 -0.2368
vn -0.0014 0.9999 -0.0107
vn 0.3475 0.9119 -0.2184
vn 0.3440 0.9389 -0.0091
vn 0.6514 0.7398 -0.1684
vn 0.6477 0.7619 0.0043
vn 0.7677 0.6258 -0.1378
vn 0.7660 0.6428 0.0114
vn -0.9400 0.3365 -0.0558
vn -0.9353 0.3498 0.0530
vn -0.9385 0.3402 -0.0584
vn -0.9380 0.3414 0.0590
vn -0.7621 -0.1013 0.6395
vn -0.6344 -0.2389 0.7352
vn -0.6297 -0.1215 0.7673
vn -0.7660 -0.1986 0.6113
vn -0.6344 -0.4544 0.6254
vn -0.7660 -0.3778 0.5200
vn -0.6344 -0.6254 0.4544
vn -0.7660 -0.5200 0.3778
vn -0.3366 -0.7618 0.5535
vn -0.3366 -0.5535 0.7618
vn 0.0000 -0.8090 0.5878
vn -0.0002 -0.9405 0.3399
vn -0.3362 -0.8850 0.3220
vn -0.6335 -0.7245 0.2715
vn -0.7644 -0.6014 0.2324
vn 0.3358 -0.8848 0.3229
vn 0.6238 -0.7581 0.1900
vn 0.6332 -0.7241 0.2733
vn 0.3293 -0.9199 0.2129
vn -0.0003 -0.9752 0.2213
vn -0.3298 -0.9193 0.2145
vn -0.6238 -0.7572 0.1935
vn -0.7540 -0.6327 0.1766
vn 0.6297 -0.1215 0.7673
vn 0.7660 -0.1986 0.6113
vn 0.7621 -0.1013 0.6395
vn 0.6344 -0.2389 0.7352
vn 0.7660 -0.3778 0.5200
vn 0.6344 -0.4544 0.6254
vn 0.7660 -0.5200 0.3778
vn 0.6344 -0.6254 0.4544
vn 0.7655 -0.5992 0.2345
vn 0.7569 -0.6306 0.1716
vn 0.3329 -0.1475 0.9313
vn 0.3366 -0.2910 0.8956
vn 0.3366 -0.5535 0.7618
vn 0.3366 -0.7618 0.5535
vn 0.0000 -0.1564 0.9877
vn 0.0000 -0.3090 0.9510
vn 0.0000 -0.5878 0.8090
vn -0.3366 -0.2910 0.8956
vn -0.3329 -0.1475 0.9313
vn -0.2281 -0.9736 0.0000
vn -0.9572 -0.2893 0.0000
vn -0.8498 -0.5271 0.0000
vn -0.4747 -0.8801 0.0000
vn -0.6843 -0.7291 0.0000
vn -0.6844 -0.7291 0.0000
vn 0.4830 -0.8365 0.2588
vn 0.2500 -0.9330 0.2588
vn 0.1261 -0.9582 0.2567
vn 0.9330 0.2500 0.2589
vn 0.9659 0.0000 0.2588
vn 0.9330 -0.2500 0.2588
vn 0.8365 -0.4830 0.2588
vn 0.6830 -0.6830 0.2588
vn 0.1261 0.9582 0.2567
vn 0.2500 0.9330 0.2588
vn 0.4830 0.8365 0.2587
vn 0.4830 0.8365 0.2588
vn 0.6830 0.6830 0.2588
vn 0.8365 0.4830 0.2589
vn -0.9736 0.2281 0.0000
vn 0.0316 0.9995 0.0000
vn 0.2893 0.9572 0.0000
vn 0.2892 0.9572 0.0000
vn 0.5271 0.8498 0.0000
vn 0.7291 0.6844 0.0000
vn 0.8804 0.4741 0.0000
vn -0.9736 -0.2281 0.0000
vn -0.9995 0.0316 0.0000
vn 0.0000 -1.0000 0.0000
vn -0.9572 0.2893 0.0000
vn -0.4700 0.8827 0.0000
vn -1.0000 0.0004 0.0000
vn -1.0000 0.0003 0.0000
vn -1.0000 0.0001 0.0000
vn -1.0000 0.0003 0.0005
vn -1.0000 -0.0001 0.0001
vn -1.0000 -0.0009 0.0004
vn -1.0000 0.0001 0.0001
vn -1.0000 -0.0006 -0.0006
vn -1.0000 0.0005 0.0002
vn -1.0000 0.0003 0.0001
vn -1.0000 -0.0003 0.0000
vn -1.0000 -0.0001 -0.0001
vn -1.0000 0.0004 0.0002
vn -1.0000 -0.0002 0.0000
vn -1.0000 -0.0004 0.0000
vn 0.8824 -0.4705 0.0000
vn -0.3411 0.6646 0.6647
vn -0.3412 0.8114 0.4745
vn -0.3413 0.8115 0.4742
vn -0.3412 0.6646 0.6647
vn -0.3412 0.4742 0.8116
vn -0.3413 0.4744 0.8114
vn -0.3414 0.2505 0.9059
vn -0.3405 0.2491 0.9066
vn -0.3391 0.0663 0.9384
vn -0.3381 0.0625 0.9390
vn -0.3391 0.0009 0.9407
vn -0.3378 0.0009 0.9412
vn -0.3378 0.0012 0.9412
vn -0.3391 0.9387 0.0628
vn -0.3406 0.9066 0.2490
vn -0.3414 0.9066 0.2479
vn -0.3379 0.9388 0.0664
vn -0.3380 0.9411 0.0002
vn -0.3378 0.9412 0.0004
vn -0.3381 0.9389 0.0635
vn -0.3390 0.9388 0.0603
vn -0.3407 0.9072 0.2466
vn -0.3415 0.9072 0.2458
vn -0.3407 0.2466 0.9072
vn -0.3389 0.0630 0.9387
vn -0.3381 0.0600 0.9391
vn -0.3414 0.2473 0.9068
vn -0.3413 0.4742 0.8115
vn -0.3412 0.4740 0.8117
vn -0.3411 0.6647 0.6647
vn -0.3412 0.8116 0.4742
vn -0.3413 0.8117 0.4740
vn -0.3378 0.0078 0.9412
vn -0.3377 0.0155 0.9411
vn -0.3378 0.0077 0.9412
vn -0.3378 0.0000 0.9412
vn -0.3379 0.0000 0.9412
vn -0.8804 -0.4741 0.0000
vn -0.3439 0.1469 -0.9274
vn -0.6514 0.2344 -0.7215
vn -0.6468 0.1193 -0.7533
vn -0.3477 0.2897 -0.8917
vn 0.0000 0.1564 -0.9877
vn 0.0000 0.3090 -0.9510
vn -0.3477 0.5511 -0.7585
vn 0.0000 0.5878 -0.8090
vn -0.3477 0.7585 -0.5511
vn -0.6514 0.4459 -0.6138
vn 0.3439 0.1469 -0.9274
vn 0.3477 0.2897 -0.8917
vn 0.6468 0.1193 -0.7533
vn 0.3477 0.5511 -0.7585
vn 0.0000 0.8090 -0.5878
vn 0.6514 0.2344 -0.7215
vn 0.6514 0.4459 -0.6138
vn 0.3477 0.7585 -0.5511
vn 0.6514 0.6138 -0.4459
vn 0.7660 0.5200 -0.3778
vn 0.7660 0.3778 -0.5200
vn 0.7660 0.1986 -0.6113
vn 0.7621 0.1013 -0.6395
vn -0.6514 0.6138 -0.4459
vn -0.7660 0.5200 -0.3778
vn -0.7660 0.3778 -0.5200
vn -0.7660 0.1986 -0.6113
vn -0.7621 0.1013 -0.6395
vn -0.2500 0.9330 0.2588
vn -0.4830 0.8365 0.2587
vn -0.4830 0.8365 0.2588
vn -0.1261 0.9582 0.2567
vn -0.9659 0.0000 0.2588
vn -0.9330 -0.2500 0.2588
vn -0.9330 0.2500 0.2589
vn -0.8365 0.4830 0.2589
vn -0.6830 0.6830 0.2588
vn -0.2500 -0.9330 0.2588
vn -0.1261 -0.9582 0.2567
vn -0.4830 -0.8365 0.2588
vn -0.6830 -0.6830 0.2588
vn -0.8365 -0.4830 0.2588
vn -0.8365 -0.4829 0.2588
vn 0.3413 0.2473 0.9068
vn 0.3413 0.4742 0.8116
vn 0.3407 0.2467 0.9072
vn 0.3390 0.0631 0.9387
vn 0.3383 0.0601 0.9391
vn 0.3379 0.0000 0.9412
vn 0.3378 0.0000 0.9412
vn 0.3378 0.0077 0.9412
vn 0.3378 0.0078 0.9412
vn 0.3378 0.0155 0.9411
vn 0.3380 0.9388 0.0664
vn 0.3380 0.9411 0.0002
vn 0.3391 0.9386 0.0629
vn 0.3406 0.9066 0.2490
vn 0.3413 0.9066 0.2481
vn 0.3413 0.8117 0.4740
vn 0.3412 0.8116 0.4742
vn 0.3411 0.6647 0.6647
vn 0.3411 0.4740 0.8118
vn 0.3412 0.4742 0.8116
vn 0.3411 0.6646 0.6647
vn 0.3411 0.8114 0.4745
vn 0.3413 0.8115 0.4742
vn 0.3414 0.9072 0.2458
vn 0.3407 0.9072 0.2465
vn 0.3391 0.9388 0.0602
vn 0.3382 0.9389 0.0634
vn 0.3378 0.9412 0.0004
vn 0.3378 0.0012 0.9412
vn 0.3377 0.0009 0.9412
vn 0.3378 0.0009 0.9412
vn 0.3382 0.0625 0.9390
vn 0.3392 0.0009 0.9407
vn 0.3392 0.0662 0.9384
vn 0.3406 0.2490 0.9066
vn 0.3414 0.2504 0.9059
vn 0.3413 0.4744 0.8114
vn 0.0000 0.0008 1.0000
vn 0.0000 0.0678 0.9977
vn 0.0000 0.2642 0.9644
vn 0.0000 0.5047 0.8633
vn -0.4189 0.0007 0.9080
vn -0.4190 0.0008 0.9080
vn -0.4299 0.0581 0.9010
vn -0.4445 0.2355 0.8642
vn -0.4379 0.4586 0.7732
vn -0.4118 0.6531 0.6355
vn 0.0000 0.7071 0.7071
vn -0.7699 0.3150 0.5549
vn -0.7763 0.1682 0.6075
vn -0.7676 0.0483 0.6391
vn -0.7607 0.0006 0.6490
vn -0.7609 0.0008 0.6489
vn -0.1902 0.9806 0.0470
vn -0.3413 0.9399 0.0000
vn -0.1736 0.9848 0.0004
vn -0.4310 0.8980 0.0878
vn -0.2701 0.9366 0.2228
vn -0.5853 0.7689 0.2571
vn -0.3606 0.8152 0.4531
vn -0.6878 0.6107 0.3924
vn -0.7429 0.4602 0.4861
vn 0.0000 0.8633 0.5047
vn 0.0000 0.9651 0.2617
vn 0.0000 0.9979 0.0647
vn 0.0000 1.0000 0.0002
vn -0.2220 0.9714 0.0835
vn 0.0000 0.9976 0.0693
vn 0.0000 0.9641 0.2655
vn 0.3606 0.8152 0.4531
vn 0.4118 0.6531 0.6355
vn 0.2701 0.9366 0.2228
vn 0.1902 0.9806 0.0470
vn 0.1736 0.9848 0.0004
vn 0.2220 0.9714 0.0835
vn 0.6878 0.6107 0.3924
vn 0.7429 0.4602 0.4861
vn 0.5853 0.7689 0.2571
vn 0.4310 0.8980 0.0878
vn 0.3413 0.9399 0.0000
vn 0.3733 0.9272 0.0307
vn 0.5138 0.8398 0.1752
vn 0.3011 0.9129 0.2755
vn 0.6566 0.6692 0.3478
vn 0.3602 0.7974 0.4842
vn 0.7323 0.4970 0.4655
vn 0.3949 0.6427 0.6565
vn 0.7679 0.3315 0.5481
vn 0.4125 0.4556 0.7888
vn 0.7762 0.1638 0.6088
vn 0.4163 0.2400 0.8769
vn 0.0000 0.8635 0.5043
vn 0.0000 0.5043 0.8635
vn 0.0000 0.2629 0.9648
vn 0.0000 0.0664 0.9978
vn -0.3011 0.9129 0.2755
vn -0.3601 0.7974 0.4842
vn -0.3949 0.6427 0.6565
vn -0.4125 0.4556 0.7888
vn -0.4163 0.2400 0.8769
vn -0.7679 0.3314 0.5481
vn -0.7323 0.4970 0.4655
vn -0.6565 0.6693 0.3478
vn -0.5138 0.8398 0.1752
vn -0.3733 0.9272 0.0307
vn -0.4189 0.0000 0.9080
vn -0.7607 0.0000 0.6491
vn -0.4189 0.0001 0.9080
vn -0.4169 0.0631 0.9067
vn -0.7662 0.0373 0.6415
vn -0.7762 0.1638 0.6088
vn 0.0000 0.0001 1.0000
vn -0.4178 0.0023 0.9085
vn 0.4169 0.0631 0.9067
vn 0.4189 0.0001 0.9080
vn 0.4189 0.0000 0.9080
vn 0.4178 0.0023 0.9085
vn 0.7662 0.0373 0.6415
vn 0.7607 0.0000 0.6491
vn 0.7617 0.0061 0.6479
vn 0.6585 0.0006 0.7525
vn 0.3717 0.0000 0.9283
vn -0.3717 0.0000 0.9283
vn -0.6586 0.0006 0.7525
vn -0.7617 0.0061 0.6479
vn 0.4190 0.0008 0.9080
vn 0.7607 0.0006 0.6490
vn 0.7609 0.0008 0.6489
vn 0.4189 0.0007 0.9080
vn 0.7676 0.0483 0.6391
vn 0.4299 0.0581 0.9010
vn 0.7763 0.1682 0.6075
vn 0.4445 0.2355 0.8642
vn 0.7699 0.3150 0.5549
vn 0.4379 0.4586 0.7732
vn 0.0265 -0.1575 0.9872
vn 0.0030 -0.0325 0.9995
vn -0.1139 -0.1840 0.9763
vn -0.2307 -0.3017 0.9250
vn 0.0345 -0.2621 0.9644
vn 0.3023 -0.2315 0.9247
vn 0.0410 -0.1727 0.9841
vn 0.0663 -0.1453 0.9872
vn 0.3518 -0.1454 0.9247
vn 0.1012 -0.2443 0.9644
vn -0.1460 -0.3516 0.9247
vn -0.9383 -0.0541 0.3415
vn -0.9397 -0.1057 0.3253
vn -0.9397 -0.2010 0.2767
vn -0.9397 -0.2767 0.2010
vn -0.9390 -0.3132 0.1420
vn -0.9380 -0.3154 0.1433
vn -0.9328 -0.3337 0.1363
vn -0.9305 -0.3387 0.1393
vn -0.9991 0.0133 0.0410
vn -0.9990 0.0101 0.0430
vn -0.9956 0.0073 0.0935
vn -0.9952 0.0000 0.0980
vn -0.9383 0.0541 -0.3415
vn -0.9397 0.1057 -0.3253
vn -0.9397 0.2010 -0.2767
vn -0.9397 0.2767 -0.2010
vn 0.9383 0.0541 -0.3415
vn 0.9397 0.1057 -0.3253
vn 0.9397 0.2010 -0.2767
vn 0.9397 0.2767 -0.2010
vn 0.9383 -0.0541 0.3415
vn 0.9397 -0.1057 0.3253
vn 0.9397 -0.2010 0.2767
vn 0.9397 -0.2767 0.2010
vn 0.9388 -0.3117 0.1464
vn 0.9379 -0.3148 0.1458
vn 0.9332 -0.3343 0.1317
vn 0.9316 -0.3391 0.1306
vn -0.4700 -0.8827 0.0000
vn 0.8824 0.4705 0.0000
usemtl GathererVentShader
s 1
f 574/1/1 572/2/1 573/3/1
f 89/4/2 59/5/2 88/6/2
f 59/5/2 89/4/2 60/7/2
f 66/8/3 65/9/3 3/10/3
f 66/8/3 95/11/3 65/9/3
f 95/11/3 66/8/3 94/12/3
f 3/10/3 1/13/4 2/14/4
f 58/15/5 57/16/5 5/17/5
f 58/15/5 87/18/5 57/16/5
f 87/18/5 58/15/5 86/19/5
f 6/20/5 4/21/5 5/17/5
f 56/22/6 55/23/6 8/24/6
f 56/22/6 85/25/6 55/23/6
f 85/25/6 56/22/6 84/26/6
f 9/27/6 7/28/6 8/24/6
f 54/29/7 53/30/7 14/31/7
f 54/29/7 83/32/7 53/30/7
f 83/32/7 54/29/7 82/33/7
f 15/34/8 13/35/8 14/31/7
f 52/36/9 51/37/9 20/38/9
f 52/36/9 81/39/9 51/37/9
f 81/39/9 52/36/9 80/40/9
f 21/41/9 19/42/9 20/38/9
f 45/43/10 43/44/10 44/45/10
f 43/44/10 45/43/10 46/46/10
f 45/43/10 77/47/10 46/46/10
f 77/47/10 45/43/10 76/48/10
f 93/49/11 63/50/11 92/51/11
f 63/50/11 93/49/11 64/52/11
f 12/53/11 63/50/11 64/52/11
f 12/53/11 10/54/11 11/55/11
f 91/56/12 61/57/12 90/58/12
f 61/57/12 91/56/12 62/59/12
f 18/60/12 61/57/12 62/59/12
f 18/60/12 16/61/12 17/62/12
f 24/63/2 59/64/2 60/65/2
f 24/63/2 22/66/2 23/67/2
f 30/68/13 28/69/13 29/70/13
f 41/71/14 39/72/14 40/73/14
f 39/72/14 41/71/14 42/74/14
f 41/71/14 75/75/14 42/74/14
f 75/75/14 41/71/14 74/76/14
f 27/77/1 25/78/1 26/79/1
f 37/80/15 35/81/15 36/82/15
f 35/81/15 37/80/15 38/83/15
f 37/80/15 73/84/15 38/83/15
f 73/84/15 37/80/15 72/85/15
f 1104/86/16 1107/87/17 1253/88/18
f 1253/88/18 1254/89/19 1104/86/16
f 1105/90/20 1107/87/17 1104/86/16
f 1107/87/17 1105/90/20 1106/91/21
f 1108/92/22 1107/87/17 1106/91/21
f 1107/87/17 1108/92/22 1109/93/23
f 1253/88/18 1107/87/17 1109/93/23
f 1253/88/18 1109/93/23 1252/94/24
f 1252/94/24 1109/93/23 1112/95/25
f 1112/95/25 1092/96/26 1252/94/24
f 1112/95/25 1113/97/27 1092/96/26
f 1113/97/27 1112/95/25 1111/98/28
f 1112/95/25 1110/99/29 1111/98/28
f 1110/99/29 1112/95/25 1109/93/23
f 1251/100/30 1252/94/24 1092/96/26
f 1244/101/31 1243/102/32 979/103/33
f 1086/104/34 979/103/33 1243/102/32
f 1086/104/34 1088/105/35 979/103/33
f 1088/105/35 1086/104/34 1085/106/36
f 1086/104/34 1084/107/37 1085/106/36
f 1084/107/37 1086/104/34 1087/108/38
f 1087/108/38 1086/104/34 1243/102/32
f 1251/100/30 1087/108/38 1243/102/32
f 1091/109/39 1087/108/38 1251/100/30
f 1092/96/26 1091/109/39 1251/100/30
f 1089/110/40 1091/109/39 1092/96/26
f 1091/109/39 1089/110/40 1090/111/41
f 1093/112/42 1091/109/39 1090/111/41
f 1091/109/39 1093/112/42 1087/108/38
f 1247/113/43 993/114/44 1246/115/45
f 988/116/46 991/117/47 989/118/48
f 986/119/49 988/116/46 989/118/48
f 988/116/46 986/119/49 987/120/50
f 988/116/46 987/120/50 1245/121/51
f 1246/115/45 988/116/46 1245/121/51
f 990/122/52 988/116/46 1246/115/45
f 993/114/44 990/122/52 1246/115/45
f 993/114/44 992/123/53 990/122/52
f 992/123/53 993/114/44 994/124/54
f 993/114/44 996/125/55 994/124/54
f 991/117/47 988/116/46 990/122/52
f 996/125/55 993/114/44 995/126/56
f 995/126/56 993/114/44 1247/113/43
f 1248/127/57 995/126/56 1247/113/43
f 998/128/58 995/126/56 1248/127/57
f 1000/129/59 998/128/58 1248/127/57
f 1001/130/60 998/128/58 1000/129/59
f 998/128/58 1001/130/60 999/131/61
f 997/132/62 998/128/58 999/131/61
f 998/128/58 997/132/62 995/126/56
f 1249/133/63 1000/129/59 1248/127/57
f 1003/134/64 1000/129/59 1249/133/63
f 1003/134/64 1002/135/65 1000/129/59
f 1002/135/65 1003/134/64 1004/136/66
f 1003/134/64 1005/137/67 1004/136/66
f 1005/137/67 1003/134/64 982/138/68
f 982/138/68 1003/134/64 1249/133/63
f 1250/139/69 982/138/68 1249/133/63
f 977/140/70 975/141/71 976/142/72
f 975/141/71 977/140/70 978/143/73
f 977/140/70 980/144/74 978/143/73
f 980/144/74 977/140/70 979/103/33
f 979/103/33 977/140/70 1244/101/31
f 977/140/70 976/142/72 1244/101/31
f 1244/101/31 976/142/72 1250/139/69
f 976/142/72 983/145/75 1250/139/69
f 983/145/75 982/138/68 1250/139/69
f 983/145/75 981/146/76 982/138/68
f 981/146/76 983/145/75 984/147/77
f 983/145/75 985/148/78 984/147/77
f 985/148/78 983/145/75 976/142/72
f 1215/149/79 1168/150/79 1214/151/79
f 1168/150/79 1215/149/79 1169/152/79
f 1029/153/79 1168/150/79 1169/152/79
f 1029/153/79 1027/154/79 1028/155/79
f 1167/156/80 1026/157/80 1166/158/80
f 1166/158/80 1213/159/80 1167/156/80
f 1213/159/80 1166/158/80 1212/160/80
f 1026/157/80 1024/161/80 1025/162/80
f 33/163/81 31/164/81 32/165/81
f 31/164/81 33/163/81 34/166/81
f 33/163/81 71/167/81 34/166/81
f 71/167/81 33/163/81 70/168/81
f 1211/169/82 1164/170/82 1210/171/82
f 1164/170/82 1211/169/82 1165/172/82
f 1122/173/82 1164/170/82 1165/172/82
f 1122/173/82 1120/174/82 1121/175/82
f 1209/176/83 1162/177/83 1208/178/83
f 1162/177/83 1209/176/83 1163/179/83
f 1035/180/83 1162/177/83 1163/179/83
f 1035/180/83 1033/181/84 1034/182/84
f 1207/183/85 1160/184/85 1206/185/85
f 1160/184/85 1207/183/85 1161/186/85
f 1041/187/85 1160/184/85 1161/186/85
f 1041/187/85 1039/188/85 1040/189/85
f 1205/190/86 1157/191/86 1204/192/86
f 1157/191/86 1205/190/86 1158/193/86
f 1159/194/86 1157/191/86 1158/193/86
f 1154/195/87 1153/196/87 1118/197/87
f 1154/195/87 1201/198/87 1153/196/87
f 1201/198/87 1154/195/87 1200/199/87
f 1119/200/88 1117/201/88 1118/197/87
f 1152/202/89 1150/203/89 1151/204/89
f 1152/202/89 1199/205/89 1150/203/89
f 1199/205/89 1152/202/89 1198/206/89
f 1203/207/90 1155/208/90 1202/209/90
f 1155/208/90 1203/207/90 1156/210/90
f 1047/211/90 1155/208/90 1156/210/90
f 1047/211/90 1045/212/91 1046/213/91
f 1147/214/92 1042/215/92 1146/216/92
f 1146/216/92 1195/217/92 1147/214/92
f 1195/217/92 1146/216/92 1194/218/92
f 1044/219/92 1042/215/92 1043/220/92
f 1149/221/93 1148/222/93 1048/223/93
f 1149/221/93 1197/224/93 1148/222/93
f 1197/224/93 1149/221/93 1196/225/93
f 1050/226/93 1048/223/93 1049/227/93
f 1128/228/94 1126/229/94 1127/230/94
f 1126/229/94 1128/228/94 1129/231/94
f 1128/228/94 1183/232/94 1129/231/94
f 1183/232/94 1128/228/94 1182/233/94
f 1145/234/95 1036/235/95 1144/236/95
f 1144/236/95 1193/237/95 1145/234/95
f 1193/237/95 1144/236/95 1192/238/95
f 1038/239/96 1036/235/95 1037/240/96
f 941/241/97 939/242/97 940/243/97
f 939/242/97 945/244/97 940/243/97
f 945/244/97 939/242/97 947/245/97
f 948/246/97 945/244/97 947/245/97
f 945/244/97 948/246/97 949/247/97
f 950/248/97 945/244/97 949/247/97
f 945/244/97 950/248/97 946/249/97
f 943/250/97 945/244/97 946/249/97
f 945/244/97 943/250/97 940/243/97
f 943/250/97 941/241/97 940/243/97
f 941/241/97 943/250/97 944/251/97
f 938/252/98 941/241/97 944/251/97
f 955/253/97 953/254/97 954/255/97
f 955/253/97 951/256/97 953/254/97
f 941/241/97 951/256/97 955/253/97
f 941/241/97 956/257/99 951/256/97
f 941/241/97 957/258/99 956/257/99
f 957/258/99 941/241/97 958/259/99
f 959/260/100 958/259/99 941/241/97
f 960/261/97 959/260/100 941/241/97
f 941/241/97 938/252/98 960/261/97
f 961/262/101 960/261/97 938/252/98
f 941/241/97 955/253/97 942/263/97
f 939/242/97 941/241/97 942/263/97
f 962/264/102 961/262/101 938/252/98
f 937/265/103 962/264/102 938/252/98
f 936/266/104 937/265/103 938/252/98
f 937/265/103 936/266/104 935/267/105
f 934/268/97 935/267/105 936/266/104
f 935/267/105 934/268/97 933/269/97
f 932/270/97 933/269/97 934/268/97
f 933/269/97 932/270/97 931/271/97
f 930/272/97 931/271/97 932/270/97
f 931/271/97 930/272/97 929/273/97
f 926/274/97 929/273/97 930/272/97
f 929/273/97 926/274/97 925/275/97
f 927/276/97 925/275/97 926/274/97
f 925/275/97 927/276/97 928/277/97
f 1143/278/106 1030/279/106 1142/280/106
f 1142/280/106 1191/281/106 1143/278/106
f 1191/281/106 1142/280/106 1190/282/106
f 1032/283/106 1030/279/106 1031/284/106
f 872/285/107 798/286/107 799/287/107
f 798/286/107 872/285/107 873/288/107
f 812/289/108 811/290/108 594/291/108
f 884/292/108 811/290/108 812/289/108
f 811/290/108 884/292/108 885/293/108
f 595/294/108 593/295/108 594/291/108
f 1141/296/109 1021/297/109 1140/298/109
f 1140/298/109 1189/299/109 1141/296/109
f 1189/299/109 1140/298/109 1188/300/109
f 1023/301/109 1021/297/109 1022/302/109
f 807/303/110 880/304/110 881/305/110
f 880/304/110 807/303/110 806/306/110
f 808/307/110 806/306/110 807/303/110
f 805/308/111 878/309/111 879/310/111
f 878/309/111 805/308/111 804/311/111
f 696/312/111 804/311/111 805/308/111
f 697/313/111 695/314/111 696/312/111
f 1139/315/112 1137/316/112 1138/317/112
f 1138/317/112 1187/318/112 1139/315/112
f 1187/318/112 1138/317/112 1186/319/112
f 1185/320/97 1134/321/97 1184/322/97
f 1134/321/97 1185/320/97 1135/323/97
f 1135/323/97 1133/324/97 1134/321/97
f 1133/324/97 1135/323/97 1136/325/97
f 1132/326/1 1130/327/1 1131/328/1
f 803/329/113 802/330/113 705/331/113
f 876/332/113 802/330/113 803/329/113
f 802/330/113 876/332/113 877/333/113
f 706/334/113 704/335/113 705/331/113
f 1125/336/114 1123/337/114 1124/338/114
f 801/339/115 800/340/115 711/341/115
f 874/342/115 800/340/115 801/339/115
f 800/340/115 874/342/115 875/343/115
f 712/344/115 710/345/115 711/341/115
f 1116/346/1 1114/347/1 1115/348/1
f 780/349/116 854/350/116 855/351/116
f 854/350/116 780/349/116 779/352/116
f 715/353/116 779/352/116 780/349/116
f 715/353/116 713/354/116 714/355/116
f 1181/356/117 1081/357/117 1180/358/117
f 1081/357/117 1181/356/117 1082/359/117
f 1082/359/117 1080/360/117 1081/357/117
f 1080/360/117 1082/359/117 1083/361/117
f 1179/362/118 1077/363/118 1178/364/118
f 1077/363/118 1179/362/118 1078/365/118
f 1078/365/118 1076/366/119 1077/363/118
f 1076/366/119 1078/365/118 1079/367/118
f 1177/368/120 1073/369/120 1176/370/120
f 1073/369/120 1177/368/120 1074/371/120
f 1074/371/120 1072/372/120 1073/369/120
f 1072/372/120 1074/371/120 1075/373/120
f 1175/374/121 1069/375/121 1174/376/121
f 1069/375/121 1175/374/121 1070/377/121
f 1070/377/121 1068/378/121 1069/375/121
f 1068/378/121 1070/377/121 1071/379/121
f 1173/380/122 1065/381/122 1172/382/122
f 1065/381/122 1173/380/122 1066/383/122
f 1066/383/122 1064/384/122 1065/381/122
f 1064/384/122 1066/383/122 1067/385/122
f 1171/386/123 1061/387/123 1170/388/123
f 1061/387/123 1171/386/123 1062/389/123
f 1062/389/123 1060/390/123 1061/387/123
f 1060/390/123 1062/389/123 1063/391/123
f 1059/392/124 1057/393/124 1058/394/124
f 778/395/125 852/396/125 853/397/125
f 852/396/125 778/395/125 777/398/125
f 721/399/125 777/398/125 778/395/125
f 721/399/125 719/400/126 720/401/126
f 1056/402/127 1054/403/127 1055/404/127
f 775/405/128 850/406/128 851/407/128
f 850/406/128 775/405/128 774/408/128
f 776/409/128 774/408/128 775/405/128
f 773/410/129 848/411/129 849/412/129
f 848/411/129 773/410/129 772/413/129
f 614/414/129 772/413/129 773/410/129
f 616/415/129 614/414/129 615/416/129
f 1053/417/1 1051/418/1 1052/419/1
f 759/420/130 757/421/130 758/422/130
f 757/421/130 759/420/130 760/423/130
f 836/424/130 760/423/130 759/420/130
f 760/423/130 836/424/130 837/425/130
f 750/426/131 833/427/131 834/428/131
f 833/427/131 750/426/131 749/429/131
f 750/426/131 748/430/131 749/429/131
f 748/430/131 750/426/131 751/431/131
f 1020/432/1 1018/433/1 1019/434/1
f 746/435/132 831/436/132 832/437/132
f 831/436/132 746/435/132 745/438/132
f 746/435/132 744/439/132 745/438/132
f 744/439/132 746/435/132 747/440/132
f 1017/441/1 1015/442/1 1016/443/1
f 742/444/133 829/445/133 830/446/133
f 829/445/133 742/444/133 741/447/133
f 742/444/133 740/448/133 741/447/133
f 740/448/133 742/444/133 743/449/133
f 1014/450/1 1012/451/1 1013/452/1
f 738/453/134 827/454/134 828/455/134
f 827/454/134 738/453/134 737/456/134
f 738/453/134 736/457/134 737/456/134
f 736/457/134 738/453/134 739/458/134
f 1011/459/1 1009/460/1 1010/461/1
f 734/462/135 825/463/135 826/464/135
f 825/463/135 734/462/135 733/465/135
f 734/462/135 732/466/135 733/465/135
f 732/466/135 734/462/135 735/467/135
f 1008/468/1 1006/469/1 1007/470/1
f 672/471/136 671/472/137 669/473/138
f 671/472/137 672/471/136 673/474/139
f 672/471/136 675/475/140 673/474/139
f 675/475/140 672/471/136 674/476/141
f 674/476/141 672/471/136 923/477/142
f 922/478/143 674/476/141 923/477/142
f 677/479/144 674/476/141 922/478/143
f 922/478/143 656/480/145 677/479/144
f 679/481/146 677/479/144 656/480/145
f 677/479/144 679/481/146 678/482/147
f 676/483/148 677/479/144 678/482/147
f 677/479/144 676/483/148 674/476/141
f 656/480/145 922/478/143 921/484/149
f 923/477/142 672/471/136 669/473/138
f 669/473/138 924/485/150 923/477/142
f 662/486/151 660/487/152 661/488/153
f 660/487/152 662/486/151 663/489/154
f 662/486/151 665/490/155 663/489/154
f 665/490/155 662/486/151 664/491/156
f 912/492/157 664/491/156 662/486/151
f 924/485/150 664/491/156 912/492/157
f 664/491/156 924/485/150 667/493/158
f 924/485/150 669/473/138 667/493/158
f 670/494/159 667/493/158 669/473/138
f 667/493/158 670/494/159 668/495/160
f 666/496/161 667/493/158 668/495/160
f 667/493/158 666/496/161 664/491/156
f 661/488/153 912/492/157 662/486/151
f 652/497/162 650/498/163 651/499/164
f 650/498/163 652/497/162 653/500/165
f 652/497/162 654/501/166 653/500/165
f 654/501/166 652/497/162 546/502/167
f 913/503/168 546/502/167 652/497/162
f 913/503/168 652/497/162 651/499/164
f 913/503/168 651/499/164 921/484/149
f 921/484/149 651/499/164 657/504/169
f 921/484/149 657/504/169 656/480/145
f 657/504/169 655/505/170 656/480/145
f 655/505/170 657/504/169 658/506/171
f 657/504/169 659/507/172 658/506/171
f 659/507/172 657/504/169 651/499/164
f 546/502/167 913/503/168 914/508/173
f 914/508/173 543/509/174 546/502/167
f 543/509/174 545/510/175 546/502/167
f 545/510/175 543/509/174 542/511/176
f 543/509/174 541/512/177 542/511/176
f 541/512/177 543/509/174 544/513/178
f 914/508/173 544/513/178 543/509/174
f 920/514/179 544/513/178 914/508/173
f 920/514/179 549/515/180 544/513/178
f 920/514/179 550/516/181 549/515/180
f 547/517/182 549/515/180 550/516/181
f 549/515/180 547/517/182 548/518/183
f 551/519/184 549/515/180 548/518/183
f 549/515/180 551/519/184 544/513/178
f 919/520/185 570/521/186 550/516/181
f 919/520/185 550/516/181 920/514/179
f 570/521/186 571/522/187 550/516/181
f 571/522/187 570/521/186 569/523/188
f 570/521/186 568/524/189 569/523/188
f 568/524/189 570/521/186 567/525/190
f 919/520/185 567/525/190 570/521/186
f 918/526/191 567/525/190 919/520/185
f 560/527/192 561/528/193 562/529/194
f 917/530/195 560/527/192 562/529/194
f 917/530/195 562/529/194 918/526/191
f 918/526/191 562/529/194 565/531/196
f 918/526/191 565/531/196 567/525/190
f 565/531/196 566/532/197 567/525/190
f 566/532/197 565/531/196 564/533/198
f 565/531/196 563/534/199 564/533/198
f 563/534/199 565/531/196 562/529/194
f 916/535/200 560/527/192 917/530/195
f 556/536/201 554/537/202 553/538/203
f 554/537/202 552/539/204 553/538/203
f 552/539/204 554/537/202 555/540/205
f 915/541/206 555/540/205 554/537/202
f 915/541/206 554/537/202 916/535/200
f 916/535/200 554/537/202 557/542/207
f 916/535/200 557/542/207 560/527/192
f 558/543/208 560/527/192 557/542/207
f 560/527/192 558/543/208 559/544/209
f 561/528/193 560/527/192 559/544/209
f 554/537/202 556/536/201 557/542/207
f 974/545/1 972/546/1 973/547/1
f 648/548/117 646/549/117 647/550/117
f 646/549/117 648/548/117 649/551/117
f 823/552/117 649/551/117 648/548/117
f 649/551/117 823/552/117 824/553/117
f 644/554/210 642/555/210 643/556/210
f 642/555/210 644/554/210 645/557/210
f 821/558/210 645/557/210 644/554/210
f 645/557/210 821/558/210 822/559/210
f 640/560/211 638/561/211 639/562/211
f 638/561/211 640/560/211 641/563/211
f 819/564/211 641/563/211 640/560/211
f 641/563/211 819/564/211 820/565/211
f 636/566/212 634/567/212 635/568/212
f 634/567/212 636/566/212 637/569/212
f 817/570/212 637/569/212 636/566/212
f 637/569/212 817/570/212 818/571/212
f 632/572/213 630/573/213 631/574/213
f 630/573/213 632/572/213 633/575/213
f 815/576/213 633/575/213 632/572/213
f 633/575/213 815/576/213 816/577/213
f 628/578/214 626/579/214 627/580/214
f 626/579/214 628/578/214 629/581/214
f 813/582/214 629/581/214 628/578/214
f 629/581/214 813/582/214 814/583/214
f 501/584/215 499/585/216 500/586/217
f 499/585/216 501/584/215 502/587/218
f 489/588/219 487/589/220 488/590/221
f 487/589/220 489/588/219 490/591/222
f 447/592/223 445/593/224 446/594/225
f 445/593/224 447/592/223 448/595/226
f 457/596/227 448/595/226 447/592/223
f 448/595/226 457/596/227 458/597/228
f 463/598/229 458/597/228 457/596/227
f 458/597/228 463/598/229 464/599/230
f 469/600/231 464/599/230 463/598/229
f 464/599/230 469/600/231 470/601/232
f 475/602/233 470/601/232 469/600/231
f 470/601/232 475/602/233 476/603/234
f 481/604/235 476/603/234 475/602/233
f 476/603/234 481/604/235 482/605/236
f 435/606/237 433/607/238 434/608/239
f 433/607/238 435/606/237 436/609/240
f 408/610/241 401/611/242 402/612/243
f 401/611/242 408/610/241 407/613/244
f 407/613/244 400/614/245 401/611/242
f 400/614/245 407/613/244 406/615/246
f 406/615/246 399/616/247 400/614/245
f 399/616/247 406/615/246 405/617/248
f 390/618/249 400/614/245 399/616/247
f 392/619/250 401/611/242 400/614/245
f 400/614/245 390/618/249 392/619/250
f 389/620/251 392/619/250 390/618/249
f 390/618/249 386/621/252 389/620/251
f 386/621/252 390/618/249 387/622/253
f 399/616/247 387/622/253 390/618/249
f 387/622/253 399/616/247 397/623/254
f 405/617/248 397/623/254 399/616/247
f 397/623/254 405/617/248 403/624/255
f 535/625/256 526/626/257 525/627/258
f 526/626/257 535/625/256 536/628/259
f 386/621/252 536/628/259 535/625/256
f 536/628/259 386/621/252 385/629/260
f 387/622/253 385/629/260 386/621/252
f 385/629/260 387/622/253 388/630/261
f 397/623/254 388/630/261 387/622/253
f 388/630/261 397/623/254 398/631/262
f 403/624/255 398/631/262 397/623/254
f 398/631/262 403/624/255 404/632/263
f 534/633/264 531/634/265 533/635/266
f 531/634/265 534/633/264 532/636/267
f 532/636/267 529/637/268 531/634/265
f 529/637/268 532/636/267 530/638/269
f 530/638/269 527/639/270 529/637/268
f 527/639/270 530/638/269 528/640/271
f 528/640/271 524/641/272 527/639/270
f 524/641/272 528/640/271 525/627/258
f 525/627/258 523/642/273 524/641/272
f 523/642/273 525/627/258 526/626/257
f 540/643/274 532/636/267 534/633/264
f 532/636/267 540/643/274 539/644/275
f 539/644/275 530/638/269 532/636/267
f 530/638/269 539/644/275 538/645/276
f 538/645/276 528/640/271 530/638/269
f 528/640/271 538/645/276 537/646/277
f 537/646/277 525/627/258 528/640/271
f 525/627/258 537/646/277 535/625/256
f 389/620/251 535/625/256 537/646/277
f 535/625/256 389/620/251 386/621/252
f 395/647/278 539/644/275 540/643/274
f 539/644/275 395/647/278 393/648/279
f 393/648/279 538/645/276 539/644/275
f 538/645/276 393/648/279 391/649/280
f 391/649/280 537/646/277 538/645/276
f 537/646/277 391/649/280 389/620/251
f 392/619/250 389/620/251 391/649/280
f 391/649/280 394/650/281 392/619/250
f 401/611/242 392/619/250 394/650/281
f 394/650/281 402/612/243 401/611/242
f 394/650/281 391/649/280 393/648/279
f 393/648/279 396/651/282 394/650/281
f 402/612/243 394/650/281 396/651/282
f 396/651/282 393/648/279 395/647/278
f 971/652/1 969/653/1 970/654/1
f 797/655/283 796/656/283 723/657/283
f 870/658/283 796/656/283 797/655/283
f 796/656/283 870/658/283 871/659/283
f 724/660/283 722/661/283 723/657/283
f 968/662/1 966/663/1 967/664/1
f 795/665/284 794/666/284 600/667/284
f 868/668/284 794/666/284 795/665/284
f 794/666/284 868/668/284 869/669/284
f 601/670/284 599/671/284 600/667/284
f 965/672/1 963/673/1 964/674/1
f 793/675/285 792/676/285 606/677/285
f 866/678/285 792/676/285 793/675/285
f 792/676/285 866/678/285 867/679/285
f 607/680/285 605/681/285 606/677/285
f 953/254/97 951/256/97 952/682/97
f 791/683/286 789/684/286 790/685/286
f 864/686/286 789/684/286 791/683/286
f 789/684/286 864/686/286 865/687/286
f 788/688/287 787/689/287 612/690/287
f 862/691/287 787/689/287 788/688/287
f 787/689/287 862/691/287 863/692/287
f 613/693/288 611/694/288 612/690/287
f 891/695/289 887/696/290 890/697/289
f 887/696/290 891/695/289 888/698/290
f 888/698/290 886/699/291 887/696/290
f 886/699/291 888/698/290 889/700/291
f 901/701/292 898/702/293 900/703/292
f 898/702/293 901/701/292 899/704/293
f 899/704/293 896/705/294 898/702/293
f 896/705/294 899/704/293 897/706/294
f 897/706/294 894/707/295 896/705/294
f 894/707/295 897/706/294 895/708/295
f 895/708/295 892/709/296 894/707/295
f 892/709/296 895/708/295 893/710/296
f 893/710/296 890/697/289 892/709/296
f 890/697/289 893/710/296 891/695/289
f 911/711/297 908/712/298 910/713/297
f 908/712/298 911/711/297 909/714/298
f 909/714/298 906/715/299 908/712/298
f 906/715/299 909/714/298 907/716/300
f 907/716/300 904/717/301 906/715/299
f 904/717/301 907/716/300 905/718/301
f 905/718/301 902/719/302 904/717/301
f 902/719/302 905/718/301 903/720/302
f 903/720/302 900/703/292 902/719/302
f 900/703/292 903/720/302 901/701/292
f 810/721/303 591/722/303 809/723/303
f 882/724/303 810/721/303 809/723/303
f 810/721/303 882/724/303 883/725/303
f 592/726/303 590/727/303 591/722/303
f 799/728/107 798/729/107 717/730/107
f 718/731/107 716/732/107 717/730/107
f 771/733/304 608/734/304 770/735/304
f 846/736/304 771/733/304 770/735/304
f 771/733/304 846/736/304 847/737/304
f 610/738/304 608/734/304 609/739/304
f 769/740/305 602/741/305 768/742/305
f 844/743/305 769/740/305 768/742/305
f 769/740/305 844/743/305 845/744/305
f 604/745/306 602/741/305 603/746/306
f 767/747/307 596/748/307 766/749/307
f 842/750/307 767/747/307 766/749/307
f 767/747/307 842/750/307 843/751/307
f 598/752/307 596/748/307 597/753/307
f 765/754/308 587/755/308 764/756/308
f 840/757/308 765/754/308 764/756/308
f 765/754/308 840/757/308 841/758/308
f 589/759/308 587/755/308 588/760/308
f 763/761/309 761/762/309 762/763/309
f 838/764/309 763/761/309 762/763/309
f 763/761/309 838/764/309 839/765/309
f 786/766/310 860/767/310 861/768/310
f 860/767/310 786/766/310 785/769/310
f 700/770/310 785/769/310 786/766/310
f 700/770/310 698/771/310 699/772/310
f 756/773/1 754/774/1 755/775/1
f 784/776/311 858/777/311 859/778/311
f 858/777/311 784/776/311 783/779/311
f 703/780/311 783/779/311 784/776/311
f 703/780/311 701/781/311 702/782/311
f 49/783/312 752/784/312 753/785/312
f 835/786/312 49/783/312 753/785/312
f 49/783/312 835/786/312 78/787/312
f 79/788/312 49/783/312 78/787/312
f 49/783/312 79/788/312 50/789/312
f 47/790/312 49/783/312 50/789/312
f 49/783/312 47/790/312 48/791/312
f 752/784/312 49/783/312 48/791/312
f 782/792/313 856/793/313 857/794/313
f 856/793/313 782/792/313 781/795/313
f 709/796/313 781/795/313 782/792/313
f 709/796/313 707/797/313 708/798/313
f 731/799/314 729/800/314 730/801/314
f 213/802/315 203/803/130 202/804/316
f 203/803/130 201/805/130 202/804/316
f 201/805/130 203/803/130 204/806/130
f 215/807/317 213/802/315 214/808/318
f 217/809/319 213/802/315 215/807/317
f 217/809/319 203/803/130 213/802/315
f 218/810/320 203/803/130 217/809/319
f 218/810/320 219/811/321 203/803/130
f 220/812/322 203/803/130 219/811/321
f 203/803/130 220/812/322 379/813/323
f 203/803/130 379/813/323 380/814/324
f 200/815/325 203/803/130 380/814/324
f 200/815/325 380/814/324 381/816/326
f 217/809/319 215/807/317 216/817/327
f 200/815/325 381/816/326 382/818/130
f 200/815/325 382/818/130 199/819/328
f 199/819/328 198/820/325 200/815/325
f 198/820/325 199/819/328 197/821/329
f 197/821/329 196/822/130 198/820/325
f 196/822/130 197/821/329 195/823/130
f 195/823/130 194/824/130 196/822/130
f 194/824/130 195/823/130 193/825/130
f 193/825/130 192/826/130 194/824/130
f 192/826/130 193/825/130 191/827/130
f 191/827/130 190/828/130 192/826/130
f 190/828/130 191/827/130 187/829/130
f 187/829/130 189/830/130 190/828/130
f 189/830/130 187/829/130 188/831/130
f 728/832/330 726/833/330 727/834/330
f 130/835/331 129/836/332 128/837/333
f 129/836/332 130/835/331 131/838/334
f 132/839/335 131/838/334 130/835/331
f 131/838/334 132/839/335 133/840/336
f 134/841/337 133/840/336 132/839/335
f 133/840/336 134/841/337 135/842/338
f 136/843/339 135/842/338 134/841/337
f 135/842/338 136/843/339 137/844/340
f 138/845/341 137/844/340 136/843/339
f 139/846/342 137/844/340 138/845/341
f 140/847/342 137/844/340 139/846/342
f 141/848/343 140/847/342 139/846/342
f 140/847/342 141/848/343 142/849/343
f 120/850/344 119/851/345 118/852/346
f 119/851/345 120/850/344 121/853/347
f 122/854/348 121/853/347 120/850/344
f 121/853/347 122/854/348 123/855/349
f 124/856/350 123/855/349 122/854/348
f 123/855/349 124/856/350 125/857/351
f 126/858/352 125/857/351 124/856/350
f 125/857/351 126/858/352 127/859/353
f 128/837/333 127/859/353 126/858/352
f 127/859/353 128/837/333 129/836/332
f 110/860/354 109/861/355 108/862/356
f 109/861/355 110/860/354 111/863/357
f 112/864/358 111/863/357 110/860/354
f 111/863/357 112/864/358 113/865/359
f 114/866/360 113/865/359 112/864/358
f 113/865/359 114/866/360 115/867/360
f 116/868/361 115/867/360 114/866/360
f 115/867/360 116/868/361 117/869/362
f 118/852/346 117/869/362 116/868/361
f 117/869/362 118/852/346 119/851/345
f 100/870/363 98/871/364 99/872/364
f 98/871/364 100/870/363 101/873/365
f 102/874/366 101/873/365 100/870/363
f 101/873/365 102/874/366 103/875/366
f 104/876/366 103/875/366 102/874/366
f 103/875/366 104/876/366 105/877/366
f 106/878/366 105/877/366 104/876/366
f 105/877/366 106/878/366 107/879/367
f 108/862/356 107/879/367 106/878/366
f 107/879/367 108/862/356 109/861/355
f 69/880/368 67/881/368 68/882/368
f 69/880/368 97/883/368 67/881/368
f 97/883/368 69/880/368 96/884/368
f 26/79/1 25/78/1 725/885/1
f 462/886/369 454/887/370 456/888/371
f 454/887/370 462/886/369 461/889/372
f 468/890/373 461/889/372 462/886/369
f 461/889/372 468/890/373 467/891/374
f 467/891/374 460/892/375 461/889/372
f 460/892/375 467/891/374 466/893/376
f 466/893/376 459/894/377 460/892/375
f 461/889/372 452/895/378 454/887/370
f 474/896/379 467/891/374 468/890/373
f 473/897/380 466/893/376 467/891/374
f 467/891/374 474/896/379 473/897/380
f 480/898/381 473/897/380 474/896/379
f 466/893/376 473/897/380 472/899/382
f 472/899/382 465/900/383 466/893/376
f 459/894/377 466/893/376 465/900/383
f 465/900/383 457/596/227 459/894/377
f 447/592/223 459/894/377 457/596/227
f 472/899/382 479/901/384 478/902/385
f 478/902/385 471/903/386 472/899/382
f 465/900/383 472/899/382 471/903/386
f 471/903/386 463/598/229 465/900/383
f 457/596/227 465/900/383 463/598/229
f 471/903/386 478/902/385 477/904/387
f 477/904/387 469/600/231 471/903/386
f 463/598/229 471/903/386 469/600/231
f 469/600/231 477/904/387 475/602/233
f 475/602/233 483/905/388 481/604/235
f 483/905/388 475/602/233 477/904/387
f 477/904/387 484/906/389 483/905/388
f 484/906/389 477/904/387 478/902/385
f 478/902/385 485/907/390 484/906/389
f 485/907/390 478/902/385 479/901/384
f 479/901/384 486/908/391 485/907/390
f 486/908/391 479/901/384 480/898/381
f 473/897/380 480/898/381 479/901/384
f 479/901/384 472/899/382 473/897/380
f 694/909/1 692/910/1 693/911/1
f 452/895/378 461/889/372 460/892/375
f 460/892/375 450/912/392 452/895/378
f 450/912/392 460/892/375 459/894/377
f 459/894/377 447/592/223 450/912/392
f 446/594/225 450/912/392 447/592/223
f 450/912/392 446/594/225 449/913/393
f 449/913/393 452/895/378 450/912/392
f 452/895/378 449/913/393 451/914/394
f 451/914/394 454/887/370 452/895/378
f 454/887/370 451/914/394 453/915/395
f 453/915/395 456/888/371 454/887/370
f 456/888/371 453/915/395 455/916/396
f 691/917/1 689/918/1 690/919/1
f 1238/920/397 1237/921/398 1236/922/399
f 1237/921/398 1238/920/397 1239/923/397
f 1240/924/400 1239/923/397 1238/920/397
f 1239/923/397 1240/924/400 1241/925/400
f 1228/926/401 1227/927/402 1226/928/402
f 1227/927/402 1228/926/401 1229/929/401
f 1230/930/403 1229/929/401 1228/926/401
f 1229/929/401 1230/930/403 1231/931/403
f 1232/932/404 1231/931/403 1230/930/403
f 1231/931/403 1232/932/404 1233/933/404
f 1234/934/405 1233/933/404 1232/932/404
f 1233/933/404 1234/934/405 1235/935/405
f 1236/922/399 1235/935/405 1234/934/405
f 1235/935/405 1236/922/399 1237/921/398
f 1218/936/406 1216/937/407 1217/938/407
f 1216/937/407 1218/936/406 1219/939/406
f 1220/940/408 1219/939/406 1218/936/406
f 1219/939/406 1220/940/408 1221/941/408
f 1222/942/409 1221/941/408 1220/940/408
f 1221/941/408 1222/942/409 1223/943/409
f 1224/944/410 1223/943/409 1222/942/409
f 1223/943/409 1224/944/410 1225/945/411
f 1226/928/402 1225/945/411 1224/944/410
f 1225/945/411 1226/928/402 1227/927/402
f 233/946/412 236/947/413 234/948/414
f 234/948/414 231/949/415 233/946/412
f 231/949/415 234/948/414 232/950/416
f 232/950/416 229/951/417 231/949/415
f 229/951/417 232/950/416 230/952/418
f 230/952/418 227/953/418 229/951/417
f 227/953/418 230/952/418 228/954/418
f 228/954/418 225/955/418 227/953/418
f 225/955/418 228/954/418 226/956/418
f 226/956/418 222/957/419 225/955/418
f 222/957/419 226/956/418 223/958/420
f 223/958/420 221/959/421 222/957/419
f 221/959/421 223/958/420 224/960/421
f 688/961/1 686/962/1 687/963/1
f 243/964/422 246/965/423 244/966/424
f 244/966/424 241/967/425 243/964/422
f 241/967/425 244/966/424 242/968/426
f 242/968/426 239/969/427 241/967/425
f 239/969/427 242/968/426 240/970/428
f 240/970/428 237/971/429 239/969/427
f 237/971/429 240/970/428 238/972/429
f 238/972/429 235/973/430 237/971/429
f 235/973/430 238/972/429 236/947/413
f 236/947/413 233/946/412 235/973/430
f 253/974/429 256/975/431 254/976/432
f 254/976/432 251/977/433 253/974/429
f 251/977/433 254/976/432 252/978/434
f 252/978/434 249/979/435 251/977/433
f 249/979/435 252/978/434 250/980/436
f 250/980/436 247/981/437 249/979/435
f 247/981/437 250/980/436 248/982/438
f 248/982/438 245/983/439 247/981/437
f 245/983/439 248/982/438 246/965/423
f 246/965/423 243/964/422 245/983/439
f 265/984/440 261/985/441 264/986/440
f 261/985/441 265/984/440 262/987/442
f 262/987/442 259/988/443 261/985/441
f 263/989/444 259/988/443 262/987/442
f 260/990/445 259/988/443 263/989/444
f 260/990/445 257/991/446 259/988/443
f 257/991/446 260/990/445 258/992/447
f 258/992/447 255/993/448 257/991/446
f 255/993/448 258/992/447 256/975/431
f 256/975/431 253/974/429 255/993/448
f 685/994/1 683/995/1 684/996/1
f 378/997/449 375/998/449 377/999/449
f 375/998/449 378/997/449 376/1000/449
f 331/1001/449 376/1000/449 378/997/449
f 376/1000/449 331/1001/449 330/1002/449
f 330/1002/449 374/1003/450 376/1000/449
f 374/1003/450 330/1002/449 329/1004/450
f 329/1004/450 372/1005/451 374/1003/450
f 372/1005/451 329/1004/450 328/1006/451
f 328/1006/451 370/1007/452 372/1005/451
f 370/1007/452 328/1006/451 327/1008/452
f 273/1009/453 331/1001/449 270/1010/454
f 331/1001/449 273/1009/453 330/1002/449
f 275/1011/455 330/1002/449 273/1009/453
f 330/1002/449 275/1011/455 329/1004/450
f 277/1012/456 329/1004/450 275/1011/455
f 329/1004/450 277/1012/456 328/1006/451
f 279/1013/457 328/1006/451 277/1012/456
f 328/1006/451 279/1013/457 327/1008/452
f 281/1014/458 327/1008/452 279/1013/457
f 327/1008/452 281/1014/458 326/1015/459
f 277/1012/456 278/1016/460 279/1013/457
f 278/1016/460 277/1012/456 276/1017/461
f 275/1011/455 276/1017/461 277/1012/456
f 276/1017/461 275/1011/455 274/1018/462
f 273/1009/453 274/1018/462 275/1011/455
f 274/1018/462 273/1009/453 272/1019/463
f 270/1010/454 272/1019/463 273/1009/453
f 272/1019/463 270/1010/454 271/1020/464
f 287/1021/465 288/1022/466 289/1023/467
f 288/1022/466 287/1021/465 286/1024/468
f 285/1025/469 286/1024/468 287/1021/465
f 286/1024/468 285/1025/469 284/1026/470
f 283/1027/471 284/1026/470 285/1025/469
f 284/1026/470 283/1027/471 282/1028/472
f 281/1014/458 282/1028/472 283/1027/471
f 282/1028/472 281/1014/458 280/1029/473
f 279/1013/457 280/1029/473 281/1014/458
f 280/1029/473 279/1013/457 278/1016/460
f 283/1027/471 326/1015/459 281/1014/458
f 326/1015/459 283/1027/471 325/1030/474
f 285/1025/469 325/1030/474 283/1027/471
f 325/1030/474 285/1025/469 324/1031/475
f 287/1021/465 324/1031/475 285/1025/469
f 324/1031/475 287/1021/465 323/1032/476
f 289/1023/467 323/1032/476 287/1021/465
f 323/1032/476 289/1023/467 322/1033/477
f 291/1034/478 322/1033/477 289/1023/467
f 322/1033/477 291/1034/478 321/1035/479
f 327/1008/452 368/1036/459 370/1007/452
f 368/1036/459 327/1008/452 326/1015/459
f 326/1015/459 366/1037/474 368/1036/459
f 366/1037/474 326/1015/459 325/1030/474
f 325/1030/474 364/1038/475 366/1037/474
f 364/1038/475 325/1030/474 324/1031/475
f 324/1031/475 362/1039/476 364/1038/475
f 362/1039/476 324/1031/475 323/1032/476
f 323/1032/476 360/1040/477 362/1039/476
f 360/1040/477 323/1032/476 322/1033/477
f 366/1037/474 363/1041/475 365/1042/474
f 363/1041/475 366/1037/474 364/1038/475
f 364/1038/475 361/1043/476 363/1041/475
f 361/1043/476 364/1038/475 362/1039/476
f 362/1039/476 359/1044/477 361/1043/476
f 359/1044/477 362/1039/476 360/1040/477
f 360/1040/477 357/1045/479 359/1044/477
f 357/1045/479 360/1040/477 358/1046/479
f 358/1046/479 355/1047/480 357/1045/479
f 355/1047/480 358/1046/479 356/1048/480
f 367/1049/459 159/1050/481 157/1051/482
f 159/1050/481 367/1049/459 365/1042/474
f 365/1042/474 161/1052/483 159/1050/481
f 161/1052/483 365/1042/474 363/1041/475
f 363/1041/475 163/1053/484 161/1052/483
f 163/1053/484 363/1041/475 361/1043/476
f 361/1043/476 165/1054/485 163/1053/484
f 165/1054/485 361/1043/476 359/1044/477
f 359/1044/477 167/1055/486 165/1054/485
f 167/1055/486 359/1044/477 357/1045/479
f 157/1051/482 160/1056/487 158/1057/488
f 160/1056/487 157/1051/482 159/1050/481
f 159/1050/481 162/1058/489 160/1056/487
f 162/1058/489 159/1050/481 161/1052/483
f 161/1052/483 164/1059/490 162/1058/489
f 164/1059/490 161/1052/483 163/1053/484
f 163/1053/484 166/1060/491 164/1059/490
f 166/1060/491 163/1053/484 165/1054/485
f 165/1054/485 168/1061/492 166/1060/491
f 168/1061/492 165/1054/485 167/1055/486
f 167/1055/486 170/1062/493 168/1061/492
f 170/1062/493 167/1055/486 169/1063/494
f 169/1063/494 172/1064/495 170/1062/493
f 172/1064/495 169/1063/494 171/1065/496
f 171/1065/496 174/1066/497 172/1064/495
f 174/1066/497 171/1065/496 173/1067/498
f 173/1067/498 176/1068/499 174/1066/497
f 176/1068/499 173/1067/498 175/1069/500
f 175/1069/500 178/1070/501 176/1068/499
f 178/1070/501 175/1069/500 177/1071/502
f 357/1045/479 169/1063/494 167/1055/486
f 169/1063/494 357/1045/479 355/1047/480
f 355/1047/480 171/1065/496 169/1063/494
f 171/1065/496 355/1047/480 353/1072/503
f 353/1072/503 173/1067/498 171/1065/496
f 173/1067/498 353/1072/503 351/1073/459
f 351/1073/459 175/1069/500 173/1067/498
f 175/1069/500 351/1073/459 349/1074/504
f 349/1074/504 177/1071/502 175/1069/500
f 177/1071/502 349/1074/504 347/1075/505
f 356/1048/480 353/1072/503 355/1047/480
f 353/1072/503 356/1048/480 354/1076/503
f 354/1076/503 351/1073/459 353/1072/503
f 351/1073/459 354/1076/503 352/1077/459
f 352/1077/459 349/1074/504 351/1073/459
f 349/1074/504 352/1077/459 350/1078/504
f 350/1078/504 347/1075/505 349/1074/504
f 347/1075/505 350/1078/504 348/1079/505
f 348/1079/505 345/1080/506 347/1075/505
f 345/1080/506 348/1079/505 346/1081/506
f 322/1033/477 358/1046/479 360/1040/477
f 358/1046/479 322/1033/477 321/1035/479
f 321/1035/479 356/1048/480 358/1046/479
f 356/1048/480 321/1035/479 320/1082/480
f 320/1082/480 354/1076/503 356/1048/480
f 354/1076/503 320/1082/480 319/1083/503
f 319/1083/503 352/1077/459 354/1076/503
f 352/1077/459 319/1083/503 318/1084/459
f 318/1084/459 350/1078/504 352/1077/459
f 350/1078/504 318/1084/459 317/1085/504
f 293/1086/507 321/1035/479 291/1034/478
f 321/1035/479 293/1086/507 320/1082/480
f 295/1087/508 320/1082/480 293/1086/507
f 320/1082/480 295/1087/508 319/1083/503
f 297/1088/509 319/1083/503 295/1087/508
f 319/1083/503 297/1088/509 318/1084/459
f 299/1089/510 318/1084/459 297/1088/509
f 318/1084/459 299/1089/510 317/1085/504
f 301/1090/511 317/1085/504 299/1089/510
f 317/1085/504 301/1090/511 316/1091/505
f 297/1088/509 298/1092/512 299/1089/510
f 298/1092/512 297/1088/509 296/1093/513
f 295/1087/508 296/1093/513 297/1088/509
f 296/1093/513 295/1087/508 294/1094/514
f 293/1086/507 294/1094/514 295/1087/508
f 294/1094/514 293/1086/507 292/1095/515
f 291/1034/478 292/1095/515 293/1086/507
f 292/1095/515 291/1034/478 290/1096/516
f 289/1023/467 290/1096/516 291/1034/478
f 290/1096/516 289/1023/467 288/1022/466
f 307/1097/517 308/1098/518 309/1099/517
f 308/1098/518 307/1097/517 306/1100/518
f 305/1101/519 306/1100/518 307/1097/517
f 306/1100/518 305/1101/519 304/1102/518
f 303/1103/520 304/1102/518 305/1101/519
f 304/1102/518 303/1103/520 302/1104/521
f 301/1090/511 302/1104/521 303/1103/520
f 302/1104/521 301/1090/511 300/1105/522
f 299/1089/510 300/1105/522 301/1090/511
f 300/1105/522 299/1089/510 298/1092/512
f 303/1103/520 316/1091/505 301/1090/511
f 316/1091/505 303/1103/520 315/1106/506
f 305/1101/519 315/1106/506 303/1103/520
f 315/1106/506 305/1101/519 314/1107/523
f 307/1097/517 314/1107/523 305/1101/519
f 314/1107/523 307/1097/517 313/1108/1
f 309/1099/517 313/1108/1 307/1097/517
f 313/1108/1 309/1099/517 312/1109/1
f 266/1110/524 312/1109/1 309/1099/517
f 317/1085/504 348/1079/505 350/1078/504
f 348/1079/505 317/1085/504 316/1091/505
f 316/1091/505 346/1081/506 348/1079/505
f 346/1081/506 316/1091/505 315/1106/506
f 315/1106/506 344/1111/523 346/1081/506
f 344/1111/523 315/1106/506 314/1107/523
f 314/1107/523 342/1112/1 344/1111/523
f 342/1112/1 314/1107/523 313/1108/1
f 313/1108/1 340/1113/1 342/1112/1
f 340/1113/1 313/1108/1 312/1109/1
f 346/1081/506 343/1114/523 345/1080/506
f 343/1114/523 346/1081/506 344/1111/523
f 344/1111/523 341/1115/1 343/1114/523
f 341/1115/1 344/1111/523 342/1112/1
f 342/1112/1 339/1116/1 341/1115/1
f 339/1116/1 342/1112/1 340/1113/1
f 347/1075/505 179/1117/525 177/1071/502
f 179/1117/525 347/1075/505 345/1080/506
f 345/1080/506 181/1118/526 179/1117/525
f 181/1118/526 345/1080/506 343/1114/523
f 343/1114/523 183/1119/527 181/1118/526
f 183/1119/527 343/1114/523 341/1115/1
f 341/1115/1 185/1120/527 183/1119/527
f 185/1120/527 341/1115/1 339/1116/1
f 339/1116/1 143/1121/528 185/1120/527
f 143/1121/528 339/1116/1 336/1122/1
f 177/1071/502 180/1123/529 178/1070/501
f 180/1123/529 177/1071/502 179/1117/525
f 179/1117/525 182/1124/530 180/1123/529
f 182/1124/530 179/1117/525 181/1118/526
f 181/1118/526 184/1125/530 182/1124/530
f 184/1125/530 181/1118/526 183/1119/527
f 183/1119/527 186/1126/530 184/1125/530
f 186/1126/530 183/1119/527 185/1120/527
f 185/1120/527 146/1127/531 186/1126/530
f 146/1127/531 185/1120/527 143/1121/528
f 143/1121/528 145/1128/532 146/1127/531
f 145/1128/532 143/1121/528 144/1129/533
f 336/1122/1 144/1129/533 143/1121/528
f 144/1129/533 336/1122/1 337/1130/1
f 335/1131/1 337/1130/1 336/1122/1
f 335/1131/1 338/1132/1 337/1130/1
f 311/1133/1 269/1134/534 310/1135/1
f 310/1135/1 383/1136/1 311/1133/1
f 311/1133/1 383/1136/1 333/1137/1
f 311/1133/1 333/1137/1 332/1138/1
f 334/1139/1 332/1138/1 333/1137/1
f 335/1131/1 332/1138/1 334/1139/1
f 335/1131/1 336/1122/1 332/1138/1
f 384/1140/1 383/1136/1 310/1135/1
f 340/1113/1 336/1122/1 339/1116/1
f 336/1122/1 340/1113/1 332/1138/1
f 312/1109/1 332/1138/1 340/1113/1
f 332/1138/1 312/1109/1 311/1133/1
f 312/1109/1 266/1110/524 311/1133/1
f 269/1134/534 311/1133/1 266/1110/524
f 266/1110/524 268/1141/535 269/1134/534
f 268/1141/535 266/1110/524 267/1142/536
f 309/1099/517 267/1142/536 266/1110/524
f 267/1142/536 309/1099/517 308/1098/518
f 147/1143/537 149/1144/538 150/1145/539
f 149/1144/538 147/1143/537 148/1146/540
f 148/1146/540 152/1147/541 149/1144/538
f 152/1147/541 148/1146/540 151/1148/542
f 151/1148/542 154/1149/543 152/1147/541
f 154/1149/543 151/1148/542 153/1150/544
f 153/1150/544 156/1151/545 154/1149/543
f 156/1151/545 153/1150/544 155/1152/546
f 155/1152/546 158/1057/488 156/1151/545
f 158/1057/488 155/1152/546 157/1051/482
f 377/999/449 148/1146/540 147/1143/537
f 148/1146/540 377/999/449 375/998/449
f 375/998/449 151/1148/542 148/1146/540
f 151/1148/542 375/998/449 373/1153/450
f 373/1153/450 153/1150/544 151/1148/542
f 153/1150/544 373/1153/450 371/1154/451
f 371/1154/451 155/1152/546 153/1150/544
f 155/1152/546 371/1154/451 369/1155/452
f 369/1155/452 157/1051/482 155/1152/546
f 157/1051/482 369/1155/452 367/1049/459
f 376/1000/449 373/1153/450 375/998/449
f 373/1153/450 376/1000/449 374/1003/450
f 374/1003/450 371/1154/451 373/1153/450
f 371/1154/451 374/1003/450 372/1005/451
f 372/1005/451 369/1155/452 371/1154/451
f 369/1155/452 372/1005/451 370/1007/452
f 370/1007/452 367/1049/459 369/1155/452
f 367/1049/459 370/1007/452 368/1036/459
f 368/1036/459 365/1042/474 367/1049/459
f 365/1042/474 368/1036/459 366/1037/474
f 1096/1156/547 1242/1157/548 1097/1158/549
f 1094/1159/550 1096/1156/547 1097/1158/549
f 1096/1156/547 1094/1159/550 1095/1160/551
f 1098/1161/552 1096/1156/547 1095/1160/551
f 1096/1156/547 1098/1161/552 1099/1162/553
f 1096/1156/547 1099/1162/553 1242/1157/548
f 1242/1157/548 1099/1162/553 1254/89/19
f 1102/1163/554 1254/89/19 1099/1162/553
f 1102/1163/554 1104/86/16 1254/89/19
f 1102/1163/554 1103/1164/555 1104/86/16
f 1103/1164/555 1102/1163/554 1101/1165/556
f 1102/1163/554 1100/1166/557 1101/1165/556
f 1100/1166/557 1102/1163/554 1099/1162/553
f 203/803/130 200/815/325 205/1167/130
f 206/1168/130 203/803/130 205/1167/130
f 203/803/130 206/1168/130 204/806/130
f 206/1168/130 208/1169/130 204/806/130
f 208/1169/130 201/805/130 204/806/130
f 201/805/130 208/1169/130 209/1170/130
f 208/1169/130 211/1171/130 209/1170/130
f 211/1171/130 208/1169/130 210/1172/130
f 208/1169/130 212/1173/130 210/1172/130
f 212/1173/130 208/1169/130 207/1174/130
f 208/1169/130 206/1168/130 207/1174/130
f 420/1175/558 417/1176/559 419/1177/558
f 417/1176/559 420/1175/558 418/1178/559
f 418/1178/559 415/1179/560 417/1176/559
f 415/1179/560 418/1178/559 416/1180/560
f 416/1180/560 413/1181/561 415/1179/560
f 413/1181/561 416/1180/560 414/1182/561
f 414/1182/561 410/1183/562 413/1181/561
f 410/1183/562 414/1182/561 411/1184/563
f 411/1184/563 409/1185/564 410/1183/562
f 409/1185/564 411/1184/563 412/1186/565
f 432/1187/130 429/1188/130 431/1189/130
f 429/1188/130 432/1187/130 430/1190/130
f 430/1190/130 427/1191/130 429/1188/130
f 427/1191/130 430/1190/130 428/1192/130
f 428/1192/130 425/1193/130 427/1191/130
f 425/1193/130 428/1192/130 426/1194/130
f 426/1194/130 422/1195/566 425/1193/130
f 422/1195/566 426/1194/130 423/1196/567
f 423/1196/567 421/1197/568 422/1195/566
f 421/1197/568 423/1196/567 424/1198/569
f 444/1199/570 441/1200/571 443/1201/570
f 441/1200/571 444/1199/570 442/1202/571
f 442/1202/571 439/1203/572 441/1200/571
f 439/1203/572 442/1202/571 440/1204/572
f 440/1204/572 437/1205/573 439/1203/572
f 437/1205/573 440/1204/572 438/1206/573
f 438/1206/573 434/608/239 437/1205/573
f 434/608/239 438/1206/573 435/606/237
f 498/1207/574 495/1208/575 497/1209/574
f 495/1208/575 498/1207/574 496/1210/575
f 496/1210/575 493/1211/576 495/1208/575
f 493/1211/576 496/1210/575 494/1212/576
f 494/1212/576 491/1213/577 493/1211/576
f 491/1213/577 494/1212/576 492/1214/577
f 492/1214/577 488/590/221 491/1213/577
f 488/590/221 492/1214/577 489/588/219
f 510/1215/97 507/1216/97 509/1217/97
f 507/1216/97 510/1215/97 508/1218/97
f 508/1218/97 505/1219/97 507/1216/97
f 505/1219/97 508/1218/97 506/1220/97
f 506/1220/97 503/1221/97 505/1219/97
f 503/1221/97 506/1220/97 504/1222/97
f 504/1222/97 500/586/217 503/1221/97
f 500/586/217 504/1222/97 501/584/215
f 522/1223/578 519/1224/579 521/1225/578
f 519/1224/579 522/1223/578 520/1226/579
f 520/1226/579 517/1227/580 519/1224/579
f 517/1227/580 520/1226/579 518/1228/580
f 518/1228/580 515/1229/581 517/1227/580
f 515/1229/581 518/1228/580 516/1230/581
f 516/1230/581 512/1231/582 515/1229/581
f 512/1231/582 516/1230/581 513/1232/583
f 513/1232/583 511/1233/584 512/1231/582
f 511/1233/584 513/1232/583 514/1234/585
f 577/1235/1 575/1236/1 576/1237/1
f 682/1238/1 680/1239/1 681/1240/1
f 580/1241/1 578/1242/1 579/1243/1
f 625/1244/586 623/1245/586 624/1246/586
f 583/1247/1 581/1248/1 582/1249/1
f 622/1250/587 620/1251/587 621/1252/587
f 586/1253/1 584/1254/1 585/1255/1
f 619/1256/1 617/1257/1 618/1258/1
o Gate01Anim.mo_Gate01Anim.md
v -3.042587 -126.800606 -0.804702
v -3.241984 -127.000000 -0.804702
v -3.042587 -127.000000 -0.605305
v -2.843191 -127.000000 -0.804702
v -3.042587 -127.000000 -1.004099
v -3.042587 -127.199394 -0.804702
vt -0.0000 0.5000
vt 0.1250 1.0000
vt 0.7500 0.5000
vt 0.1250 0.0000
vt 0.5000 0.5000
vt 0.2500 0.5000
vn 0.5773 0.5773 -0.5774
vn 0.5773 -0.5773 -0.5774
vn -0.5774 0.5774 0.5773
vn 0.5773 0.5773 0.5774
vn 0.5773 -0.5773 0.5774
vn -0.5773 -0.5773 0.5774
vn -0.5773 -0.5773 -0.5774
vn -0.5774 0.5774 -0.5773
usemtl Gate_01_Material
s off
f 1259/1259/588 1255/1260/588 1258/1261/588
f 1258/1261/589 1260/1262/589 1259/1259/589
f 1257/1263/590 1255/1260/590 1256/1264/590
f 1258/1261/591 1255/1260/591 1257/1263/591
f 1257/1263/592 1260/1262/592 1258/1261/592
f 1256/1264/593 1260/1262/593 1257/1263/593
f 1259/1259/594 1260/1262/594 1256/1264/594
f 1256/1264/595 1255/1260/595 1259/1259/595
