<?xml version="1.0" encoding="utf-8"?>
<COLLADA xmlns="http://www.collada.org/2005/11/COLLADASchema" version="1.4.1" xmlns:xsi="http://www.w3.org/2001/XMLSchema-instance">
  <asset>
    <contributor>
      <author>Blender User</author>
      <authoring_tool>Blender 3.1.0 commit date:2022-03-08, commit time:18:16, hash:c77597cd0e15</authoring_tool>
    </contributor>
    <created>2023-11-16T03:00:24</created>
    <modified>2023-11-16T03:00:24</modified>
    <unit name="meter" meter="1"/>
    <up_axis>Z_UP</up_axis>
  </asset>
  <library_effects>
    <effect id="ems060_01_Ch_EM106_Mt__head_core_001-effect">
      <profile_COMMON>
        <newparam sid="ems060_01_head_core_BML_PNG-surface">
          <surface type="2D">
            <init_from>ems060_01_head_core_BML_PNG</init_from>
          </surface>
        </newparam>
        <newparam sid="ems060_01_head_core_BML_PNG-sampler">
          <sampler2D>
            <source>ems060_01_head_core_BML_PNG-surface</source>
          </sampler2D>
        </newparam>
        <technique sid="common">
          <lambert>
            <emission>
              <color sid="emission">0 0 0 1</color>
            </emission>
            <diffuse>
              <texture texture="ems060_01_head_core_BML_PNG-sampler" texcoord="ems060_01_003_LOD_1-mesh-map-0"/>
            </diffuse>
            <index_of_refraction>
              <float sid="ior">1.45</float>
            </index_of_refraction>
          </lambert>
        </technique>
      </profile_COMMON>
    </effect>
  </library_effects>
  <library_images>
    <image id="ems060_01_head_core_BML_PNG" name="ems060_01_head_core_BML_PNG">
      <init_from>ems060_01_head_core_BML.PNG</init_from>
    </image>
  </library_images>
  <library_materials>
    <material id="ems060_01_Ch_EM106_Mt__head_core_001-material" name="ems060_01_Ch_EM106_Mt__head_core.001">
      <instance_effect url="#ems060_01_Ch_EM106_Mt__head_core_001-effect"/>
    </material>
  </library_materials>
  <library_geometries>
    <geometry id="ems060_01_003_LOD_1_001-mesh" name="ems060_01 003 LOD 1.001">
      <mesh>
        <source id="ems060_01_003_LOD_1_001-mesh-positions">
          <float_array id="ems060_01_003_LOD_1_001-mesh-positions-array" count="6690">-17.61631 112.6214 -86.84473 -8.564568 118.6745 -58.0625 197.1486 69.4814 6.761719 173.2185 68.95294 68.3252 189.9572 83.0521 41.48047 -65.95304 110.1052 -26.78223 -59.30704 251.6608 195.9922 -65.77677 254.304 187.3945 127.6488 163.8499 111.1436 123.8678 172.573 101.8691 133.0034 171.5531 124.707 76.31903 134.5782 -90.69043 66.31523 125.0351 -109.6934 55.16645 117.0567 -120.9795 61.76284 124.5909 -100.8408 57.73358 129.43 -82.97559 177.729 81.40454 -61.99023 164.475 85.15953 -70.1377 157.1986 97.00606 -65.28711 161.1182 91.99942 -68.9541 153.5878 100.3877 -71.07032 165.9403 99.66013 -56.88379 144.1221 193.2116 38.80859 149.302 199.1914 45.28906 151.3222 196.673 29.71973 153.6322 203.5071 36.12305 159.5922 212.6014 32.56933 -102.2941 101.5755 -100.5479 -117.6017 102.656 -102.8047 -100.5059 99.61183 -90.51172 -91.12317 95.9598 -101.0742 -97.73757 96.3295 -110.0098 -107.6053 97.21843 -108.9688 -119.2782 215.5822 152.8164 -113.2803 197.8306 144.8682 -109.1474 192.2294 156.9951 -85.64746 84.36428 -125.8652 -95.38432 91.47359 -114.2734 109.9368 147.369 202.542 110.3997 156.9285 214.5312 113.6124 174.663 224.7539 90.59594 160.0182 237.8223 93.58744 125.6559 220.5937 101.1339 147.9797 220.665 92.95667 108.9383 223.4922 88.19326 94.84365 223.8906 72.33129 107.6918 245.9375 94.13497 71.29341 206.7129 82.1636 119.2739 -117.9258 106.6003 113.7717 -82.82129 102.1079 107.3665 -99.12501 95.61803 154.0186 -19.91504 87.0043 153.1604 -23.77051 65.16944 150.3196 -24.75586 87.36178 159.5113 -9.717775 73.54825 142.0323 -34.60644 -170.9969 105.8762 -106.5928 -180.4158 104.2312 -104.6543 -184.4217 100.2467 -117.0586 -174.8886 87.92897 -141.2871 -50.5688 101.1361 -85.25586 -54.24142 97.70011 -83.29199 -38.0804 240.3795 254.6035 -40.98181 229.3722 249.958 -36.52994 241.8017 261.6416 -40.72566 219.2048 263.2334 -37.81346 220.3685 267.0313 -47.72859 206.3016 270.2324 50.83171 100.5153 -172.415 34.4954 105.6572 -162.6113 -65.49452 193.0558 143.7129 -149.4487 113.3381 -101.8691 -162.6517 110.9439 -103.5352 -45.36351 94.27088 -104.9287 -50.14135 94.94121 -95.28516 -28.81196 99.86872 -111.6982 -26.49389 94.32236 -116.3828 -38.76031 100.4278 -108.4424 113.728 88.74274 -99.40332 126.4622 88.33821 -102.8037 120.2911 92.1791 -95.46094 114.2303 97.95694 -86.87207 112.9529 164.4572 211.2861 112.9383 160.819 202.2441 126.3437 126.7312 185.7578 111.6147 140.3911 189.915 139.2508 132.126 170.4492 -107.562 181.871 174.1211 -105.6436 190.6104 167.1494 -116.1792 184.4807 171.0576 -125.0969 171.0316 166.7529 -111.2807 191.8839 166.7832 120.0335 121.7398 197.5049 111.3211 126.2784 195.8965 138.5007 78.17855 -127.9541 128.2811 78.77606 -142.8691 132.1398 83.2448 -117.166 -211.4041 74.21324 16.0752 -208.2048 83.96389 14.47266 -217.774 74.75276 -10.77832 -220.2876 58.04439 -9.353516 -204.7348 88.90636 31 -190.8333 109.7793 50.93457 -187.688 94.71703 62.08105 -191.6811 87.86931 49.34277 -152.2759 140.7975 144.4678 -133.2841 134.0238 149.5762 -164.3413 115.8249 123.417 -156.0164 125.2413 139.3857 -134.4384 179.3329 168.8389 -142.0744 161.5365 160.0322 -134.9155 194.9178 176.5029 -92.88301 199.9269 186.2852 -101.5407 191.2456 181.123 -94.2868 201.0298 174.9805 -90.97943 194.9633 198.7978 -89.06678 205.0099 197.4697 -91.25495 210.4925 187.0576 -82.30134 266.3855 203.9111 -82.21598 264.8684 198.8896 -81.0268 214.6774 166.4189 -80.45137 197.2262 156.4502 -78.23773 179.899 143.9004 -88.3381 194.4798 163.1904 -96.36196 187.6119 159.6738 -100.6887 193.9897 170.3545 -85.51911 178.8446 147.8652 -132.1983 209.4461 178.7519 -127.4739 200.6857 177.2275 -135.8097 203.8314 178.9287 -164.2976 117.5255 -85.24219 -158.7699 114.6023 -98.1875 -174.5749 116.3235 -85.16407 -190.4077 105.7 -83.82715 -155.422 133.3002 -44.15723 -171.516 123.6367 -57.75195 -138.4803 120.1259 -85.13574 -112.1805 105.2345 -100.1133 -128.2195 110.6433 -97.24414 -121.0965 106.3631 -92.94629 -143.0429 224.5737 153.6885 -139.0814 230.8156 160.3057 -127.9594 229.5639 164.5303 -125.6596 225.9552 159.6064 -130.9816 231.7853 163.75 -133.3293 233.3582 169.4883 -128.4512 229.1684 168.376 -70.50314 107.2614 -19.19434 -76.22066 105.6849 -20.28906 -67.57378 109.7824 -11.05469 -76.40528 109.0297 -31.0293 -47.62631 111.748 -32.19238 -65.51541 89.45003 -77.4502 -56.69145 101.6068 -63.55762 -59.04632 94.29309 -80.74317 -49.31946 105.6191 -50.26953 -16.317 117.6666 -67.3252 -11.38558 120.8918 -50.44043 -168.524 83.59044 -159.5166 -129.5238 82.99802 -181.7539 -120.5978 86.79135 -150.3027 55.96252 207.1449 282.3613 38.80041 224.2216 300.7793 61.77772 202.0332 268.1465 64.30226 192.8362 271.5371 77.28274 214.9332 255.5342 70.66381 213.0967 255.1338 75.86341 201.6582 254.9307 80.45874 207.2548 253.2305 82.17371 222.0792 256.2461 102.7306 289.3587 258.6094 103.3554 296.783 255.4531 95.27291 306.2376 263.7881 88.95709 307.9368 261.0957 92.24194 312.1599 271.9111 37.68273 408.0307 305.9502 38.17152 407.1574 306.5186 37.84274 407.9356 305.3926 36.89894 408.0633 305.2705 41.3412 248.667 301.4678 41.53192 267.7958 305.6797 34.42314 246.1421 301.4414 47.44292 234.0175 297.585 23.37775 305.2766 286.4219 21.08013 303.1165 293.6133 18.57824 299.3666 291.4609 26.12648 282.5071 305.9141 33.57429 268.2226 304.71 38.87295 328.8436 302.8135 41.84032 315.9547 307.377 27.07419 327.1324 296.7617 20.61604 319.6247 280.9258 24.23475 318.2543 284.9297 29.0384 340.2011 304.0869 19.62232 301.0317 286.294 26.38234 312.818 289.4795 -13.69826 249.8994 273.9121 -1.652514 268.235 272.4072 -33.27322 266.488 257.8262 -45.80851 236.9726 237.9551 -44.86097 206.3663 242.1269 -61.06366 192.0981 241.8984 -53.783 182.3904 246.79 -68.89644 178.8233 243.5537 -74.73512 174.245 242.6738 -78.49133 164.2962 239.4199 -61.97672 178.3278 247.835 -49.53524 185.1736 248.0977 -45.3535 185.5763 253.4736 -46.6312 205.4532 259.834 -47.13098 189.8239 257.9453 -92.50717 20.48536 177.001 -85.14949 46.18888 203.1777 -103.1524 45.26085 184.8633 -110.4393 88.46514 196.2441 -116.3382 63.15897 175.2812 -23.90409 268.179 260.999 -21.659 268.1567 256.9063 -24.82122 269.2666 254.9951 -16.12299 235.3981 204.0449 -20.07123 234.0149 215.3164 -23.37315 239.0936 210.0088 -47.95957 251.5534 210.8105 -37.56487 262.7424 236.3848 -38.12153 255.9766 222.835 -36.93724 248.2674 210.7754 -50.85876 257.6765 220.7656 -31.22925 236.9753 197.6963 -40.54804 241.5914 201.7842 -27.47748 245.1647 217.2246 -55.24268 249.0667 200.1689 -68.94833 169.7329 106.7676 -73.77474 163.1654 103.043 -70.19309 133.6638 28.96484 -67.81703 125.6086 13.31836 -44.09465 125.6293 15.61133 -40.46224 138.3146 37.41308 -45.56581 136.5471 34.74023 -55.46464 135.942 28.05274 -49.56404 135.1605 30.51367 -60.79112 111.1942 -19.36719 -56.89989 116.9986 -19.55274 -56.40624 112.0228 -37.99609 -7.255192 120.3481 -40.18945 3.294438 124.764 -34.5 44.387 124.8834 -69.87793 40.81998 120.9179 -83.94922 30.00511 109.6944 -138.4053 30.48596 110.4582 -108.8047 178.8232 97.30928 -47.66894 186.8823 96.13587 -46.14648 170.7265 92.05738 -59.19922 177.1976 106.6991 -43.60547 181.1762 236.9562 34.48437 179.5798 237.7782 35.96191 181.7311 237.4395 38.21484 195.7342 134.7844 -15.0127 189.5109 115.2243 -34.18555 192.6273 107.4585 10.90137 198.408 123.6307 19.47266 196.8054 111.1832 20.40137 198.1941 103.2084 29.9209 192.0708 109.7648 44.11328 193.3236 122.7063 43.2373 185.0438 119.9589 50.20312 177.1957 125.8321 65.40625 186.3294 104.8545 55.94433 191.1918 222.1309 44.79199 191.4023 225.7485 42.83691 192.4273 222.6137 42.01953 129.9503 69.32382 162.2656 159.5753 69.57804 115.5908 165.8866 84.86476 117.499 152.4286 103.863 142.3857 89.34123 43.73621 196.9473 73.98 45.8158 217.585 68.77256 27.31273 209.2842 107.5354 292.4795 230.3623 92.68058 310.6314 248.124 102.4452 306.4528 251.5186 66.55474 367.597 264.4111 83.31626 354.0294 244.8232 79.37786 354.494 237.3652 72.63226 364.0126 254.5361 17.74991 275.3457 247.0352 16.4116 302.1321 254.5527 20.15932 285.6909 235.4258 13.57365 289.203 259.5625 56.94026 320.0335 194.541 44.64305 276.0209 172.2725 35.04152 287.8755 199.0605 44.52901 296.1867 195.6455 0.526059 231.6809 207.5811 -4.982399 228.7745 209.1514 7.296481 243.4918 187.0215 -5.48477 238.5611 192.3193 -0.530924 234.8467 200.1641 -6.1341 229.2863 174.3144 -13.98646 235.1766 191.0937 -10.34154 231.4922 186.6025 -6.885214 212.8087 156.5225 -18.7548 214.2528 158.4521 -20.17072 171.3039 99.59766 -13.1411 169.4863 99.32715 -9.81549 171.9551 104.5674 -6.830477 173.4138 94.82715 -16.10757 171.2386 90.36817 79.13578 143.6167 -40.98633 70.39946 130.7714 -50.72949 73.59309 136.0154 -54.83984 65.76227 134.6696 -65.49121 57.01706 130.62 -64.57129 34.74475 382.4567 279.6631 40.27151 376.4595 270.2285 36.19007 371.8468 268.6817 32.08314 361.2002 266.9287 75.43137 360.0126 218.1572 76.67646 361.7312 221.7519 77.73237 353.327 212.3574 93.47859 336.3894 224.085 125.2156 234.5576 201.3945 132.8943 203.1325 173.5918 125.3141 253.1296 197.707 136.5924 168.4997 171.708 138.9952 161.3389 149.7998 40.83916 402.5967 303.252 40.12856 404.7596 303.7861 39.5294 405.2802 303.2334 41.52148 402.5201 304.6133 33.11528 403.087 299.6992 32.38296 403.9978 300.6201 34.39416 403.7372 299.7744 31.99435 399.53 297.5801 66.11867 198.7756 259.2412 77.38848 178.9384 257.0303 138.6905 177.0331 72.09961 129.6673 184.1593 84.99024 103.7743 153.4293 -3.114258 103.2771 145.6594 -21.41992 106.9764 146.2118 -7.669922 113.9534 136.1598 -23.91504 106.0757 139.1408 -28.09668 100.3786 149.836 -20.59863 85.08001 134.4909 -93.62793 73.27312 124.4944 -114.8477 -29.7693 -35.04763 96.85059 179.557 75.88205 -79.03711 114.0245 116.7946 -54.81445 111.8291 108.0629 -69.33887 145.2404 91.13167 -95.02442 151.7858 87.24626 -107.0391 115.8951 82.68993 -132.5195 108.0284 84.99358 -119.207 130.4642 98.82994 -87.91895 141.6324 95.86049 -83.11621 160.7378 107.8181 -60.50586 152.9541 92.34832 -76.98926 191.4497 69.55608 -73.10352 188.3358 74.39426 -93.81348 152.9928 -27.15223 -163.4775 174.7704 -14.35067 -167.9473 142.598 -21.27029 -183.5967 123.8608 -12.19548 -212.167 154.7306 -8.04028 -195.5352 168.5274 222.995 44.08594 165.6342 218.822 45.37598 167.3362 221.309 50.67383 184.697 235.5138 42.70312 184.8953 234.0611 44.4209 187.1352 233.2786 43.21777 186.0934 235.1576 41.21777 182.8831 236.4954 42.03711 203.8242 143.334 19.76172 200.7496 152.3508 -3.915039 201.6838 141.4412 4.62793 193.5818 123.096 9.41211 202.7071 119.3311 -19.16602 -43.70824 210.5201 154.21 -45.6826 210.3081 161.6728 -46.9765 218.2583 167.4053 -48.71205 224.11 178.082 -52.46244 215.9165 161.6006 33.2933 400.7138 308.1426 34.5488 401.3218 308.3184 -199.617 76.4831 41.875 -105.029 175.4867 110.499 -98.79797 169.8329 113.082 -95.83319 165.616 67.54688 -98.22244 175.3171 96.91504 -85.97061 157.1961 75.40918 -146.939 133.1172 -45.50293 -157.9385 127.9834 -56.65918 -170.7945 138.0407 -30.38867 -162.0289 140.6037 -27.38574 -151.2509 209.6679 170.8887 -154.278 203.6072 166.2383 -150.0104 214.1301 169.8896 125.9316 203.269 96.38574 129.3782 184.8934 75.72364 122.0774 193.7996 74.6416 199.6727 66.72728 -77.86621 208.9693 60.33647 -84.67188 173.8849 76.92348 -126.2197 170.2409 83.09091 -102.6055 157.3782 80.22437 -128.7822 162.0966 85.67308 -84.95215 182.3776 66.95905 -159.8877 165.6137 75.21358 -155.6826 151.2131 80.28932 -150.4629 133.6195 81.14051 -172.3906 149.0376 73.85553 -186.583 106.9195 84.42258 -192.8945 90.17466 90.08577 -175.8662 112.4793 84.53401 -157.7959 78.11013 92.11711 -164.1172 98.58729 85.45896 -149.7822 89.43601 88.41109 -142.7471 74.10395 98.31758 -155.3184 73.2852 107.0623 -147.1894 84.82611 99.83708 -135.7373 101.6018 96.81584 -117.4912 117.3383 73.84218 -210.125 79.16682 76.09757 -224.3701 72.79427 89.19405 -205.7734 36.8974 91.03508 -213.085 61.32676 94.91539 -187.6318 -0.602987 92.57759 -217.6982 -42.86984 90.39646 -212.3105 0.224614 97.74135 -201.126 0.01338696 97.82373 -181.1699 24.66829 96.67133 -175.8379 30.99371 97.19937 -194.9062 -0.989724 93.21764 -156.2695 20.33638 98.2603 -152.9814 -4.722189 90.84514 -136.7978 -6.973197 90.72492 -123.8613 15.95607 96.38872 -127.4609 -24.60889 86.92131 -127.7959 11.34145 97.09638 -112.4707 28.34734 108.9041 -92.22266 5.596865 96.48632 -107.6367 -15.66133 95.64687 -113.0332 23.64858 109.2043 -79.9375 -0.997646 100.2519 -103.4775 12.239 119.0161 -74.42871 19.37781 113.7629 -77.80371 53.31764 131.709 -56.14355 38.43877 134.5915 -51.2207 68.53817 144.9565 -29.55469 44.68771 130.2998 -52.00488 58.10765 155.8076 -25.68555 50.40641 158.8718 -23.53809 73.94474 170.8548 -5.813477 66.4715 176.326 -4.091797 86.61581 188.3895 13.58105 93.46244 185.4743 12.7334 80.30899 165.9851 -6.96875 78.85832 192.3147 15.79395 95.16619 209.4786 35.2832 102.3322 205.8161 35.72949 100.6634 227.2155 57.5 107.1063 219.9201 58.67285 101.2597 179.9116 13.12012 108.4545 199.955 39.03808 106.8996 174.7946 15.23047 112.9168 189.441 38.47949 114.9485 199.1078 60.20312 118.185 187.1859 57.43457 117.3408 181.2113 37.16601 112.8174 168.7379 15.28613 116.2451 163.0159 15.50781 122.3681 164.7079 12.66309 129.424 166.9211 9.009766 145.4539 187.1779 20.34961 136.4396 169.087 4.632813 141.5066 173.0524 -3.307617 149.9764 192.2551 10.50977 154.2366 194.7751 3.394531 147.5872 175.1763 -10.60547 138.8372 156.0905 -24.35156 132.1285 154.7095 -16.45996 147.6334 155.6205 -30.16309 135.5462 134.9591 -42.62305 125.2431 137.1009 -36.71582 144.4795 135.0814 -48.42578 120.9889 113.0889 -71.72461 116.414 115.3436 -62.39355 124.4698 124.1072 -53.60449 129.0832 123.7655 -61.34473 136.8744 119.8238 -63.96582 152.5513 134.3487 -52.95703 160.971 130.4828 -55.02344 144.776 117.7609 -67.75782 121.9416 101.606 -86.99024 128.2341 111.3956 -75.30567 145.4027 105.1885 -76.21387 136.0221 107.9848 -76.73438 186.8097 133.0748 -26.71777 173.756 117.9638 -46.21387 168.976 125.2146 -51.67969 155.1422 114.1009 -66.05957 183.0334 139.3906 -34.61133 176.9491 145.6697 -37.6084 191.0421 161.6381 -17.16797 194.0787 187.6652 -2.876953 190.617 207.5113 13.96582 195.5376 205.1045 17.35059 198.3401 182.4981 2.785156 202.9435 177.5396 8.591797 195.5424 158.0221 -12.86816 198.6756 202.0256 21.96484 195.2348 214.8688 29.54688 196.2636 211.8996 33.5957 199.9513 199.3889 27.47168 199.3391 196.1334 33.18164 204.689 171.271 24.16504 204.0292 172.2497 16.55371 200.256 140.3324 29.15234 194.0271 192.3602 43.30371 201.1223 168.4609 31.24609 192.1347 192.201 49.5166 194.1141 165.9593 37.6748 190.5939 166.462 46.86035 183.1804 140.267 46.26172 186.1419 192.7205 53.63867 186.337 169.5675 55.98144 174.0575 149.8896 70.875 181.6817 143.4557 60.48047 158.7273 155.6968 70.04688 151.6928 146.385 83.19141 167.2695 134.6622 79.78223 136.3902 158.9989 89.51172 148.585 142.901 95.92578 162.0394 119.6108 90.46973 137.0393 155.019 104.0742 138.0508 158.4011 123.4736 150.3791 141.911 118.5606 132.6778 178.4925 172.001 132.985 183.9424 147.5723 136.1206 171.4602 147.8428 128.9738 188.1123 170.3994 135.7532 196.9672 145.6074 138.339 209.515 141.0254 133.6322 220.0098 134.1689 133.9307 234.1408 167.1269 129.392 245.4765 160.7949 120.7536 276.4334 185.7324 133.9302 219.5857 171.5537 124.7126 267.091 192.3154 111.1457 306.3804 216.9775 98.29501 334.6286 231.9443 115.8522 283.3682 178.7588 104.6936 312.9275 199.7969 107.7164 310.4653 210.5488 92.88861 336.5693 215.4521 99.73848 315.8271 193.5967 89.90161 337.7429 208.7656 83.04106 352.6922 219.998 80.7718 353.0652 215.126 75.27671 360.719 231.3896 82.13371 351.9411 226.2217 76.45163 361.0711 226.0644 67.52706 364.399 233.4922 69.52001 365.7619 228.4014 63.69527 362.1169 240.5674 53.46262 360.1042 248.6826 57.46614 364.4737 250.0508 63.07904 366.2594 250.0771 70.46178 361.1111 239.5889 48.64329 370.5463 259.8555 53.47557 373.717 260.794 58.64442 374.4897 263.1055 68.77944 365.3019 251.3643 48.13406 380.3607 275.9053 38.12337 385.2361 282.8936 46.24108 384.8659 287.9629 52.5021 380.3393 278.585 58.20962 377.3501 280.5752 67.40631 363.6874 269.6504 80.53973 346.875 259.4863 84.10332 352.4552 253.9502 59.75835 376.0385 285.4072 76.46697 341.4445 264.293 93.58822 325.877 247.9736 69.70056 359.3314 280.3594 82.04644 320.8364 267.3389 83.03618 327.0972 254.9883 76.99929 339.0669 273.3057 70.89883 357.0469 287.2354 81.48754 335.5711 279.9375 102.1013 285.3686 265.5537 81.21597 332.5602 286.6846 91.48601 306.3709 280.6358 99.61444 280.1192 271.4297 95.26593 275.4849 274.958 99.21234 247.3465 264.9414 89.8401 242.5248 268.6592 79.89454 244.3959 267.084 95.04253 220.3857 257.1104 79.35881 269.9883 277.6113 87.58269 271.2679 278.0137 72.30881 292.126 292.5225 65.88391 289.7014 300.8721 72.85253 265.6825 284.0567 59.95114 234.8206 282.1777 66.17327 242.3072 271.8193 56.57212 234.1731 290.5479 57.63772 215.4852 273.3731 69.96611 260.2049 294.1836 56.72379 289.6316 304.8242 50.01384 263.0581 303.6299 60.17562 261.3921 300.3457 47.67644 290.612 307.2285 35.37172 317.0112 303.7861 39.32265 292.6196 308.6729 63.59064 318.4469 302.2129 57.71302 316.1455 307.1035 49.54508 315.5444 308.4483 45.66883 361.7134 312.0967 39.7566 359.095 312.0527 47.92923 339.7271 310.4502 33.7779 355.9133 312.1143 29.00848 354.7435 307.7861 40.19725 337.2119 307.3408 24.2718 356.0455 304.4854 17.95031 358.6559 304.0234 20.71059 341.772 300.3838 14.19048 343.9173 297.3574 6.595374 335.3083 280.5606 11.24971 329.8411 286.4121 11.94228 320.6047 265.3281 13.03058 317.47 270.4522 10.8195 347.2961 293.4209 16.88144 324.4768 262.169 23.72648 326.4445 260.9522 26.69759 313.2672 241.8633 23.73169 308.0616 247.6689 32.03593 300.1756 221.9648 31.94725 318.6786 237.0762 39.71606 305.8909 219.0801 27.9254 330.7322 254.7402 30.90114 336.1274 250.04 36.41481 326.9839 234.3232 42.9817 336.1823 235.6426 54.39644 338.4348 213.5273 49.05181 318.4945 205.0449 44.9662 318.3885 219.8037 49.60587 335.9764 223.5273 53.64202 345.6992 229.0117 56.96916 349.6519 222.1201 59.75768 350.2218 216.8154 63.58871 362.5737 227.501 61.37387 358.0716 220.6904 63.95102 356.7118 216.1641 67.44521 360.5527 216.9072 70.33386 356.0866 211.1387 70.56208 364.8335 222.6377 71.89106 360.5815 218.0264 74.41409 354.2008 210.3291 68.15824 341.9947 196.6748 66.23834 352.5838 209.3359 77.81108 344.6159 197.9297 77.26212 322.4493 182.3418 73.66207 345.0461 196.9385 81.44776 343.7634 201.3457 90.95573 323.2655 184.0498 100.524 300.8793 166.624 83.43269 323.9701 182.1289 85.82144 339.2282 204.4209 94.94021 320.8731 189.3262 106.8663 296.1576 169.7363 118.1479 273.056 149.4004 124.2846 240.9892 126.125 111.9909 289.9345 173.9385 119.009 263.573 151.7002 126.2539 228.2002 128.3535 123.4946 254.539 155.0186 112.329 263.2227 123.6777 107.4875 278.8821 147.9814 120.8977 253.3524 125.0762 123.3733 220.5261 100.4092 120.3892 234.7859 102.1523 103.0193 253.5273 105.2939 97.6833 282.5867 150.1484 101.7221 270.5602 126.6035 83.45283 299.6453 172.1807 88.94141 282.0458 154.9648 72.39842 299.7639 173.6143 91.49176 300.3994 169.2695 71.73583 321.7129 183.8584 65.48858 323.3833 184.334 63.91823 340.6108 198.7373 61.41963 339.4157 203.0019 62.3018 350.2127 213.1299 64.06481 349.448 209.0293 59.11634 340.4085 208.2168 51.99867 298.0628 180.1572 59.83588 323.4432 188.0049 56.82518 301.6672 173.4248 57.05492 286.1373 159.4346 66.93626 286.7061 157.1309 63.93505 302.2001 170.3682 75.92938 280.2839 159.4434 71.73232 275.7141 138.3916 81.61503 272.8359 136.4941 86.56072 264.1462 111.1787 92.49208 273.0733 131.2353 96.68597 261.8185 106.8955 106.0736 241.836 81.00098 111.7872 243.3573 104.9629 111.5535 232.8254 80.92578 116.9978 222.0961 80.87891 120.2178 208.2366 79.06543 112.0142 211.8712 61.21094 102.5741 251.2182 80.45117 96.18021 233.0766 57.25781 87.23361 235.696 60.62305 81.24084 214.9912 39.53516 76.53094 214.2218 44.36426 81.51129 234.422 66.49219 81.13189 251.2248 90.5586 77.59111 234.0321 71.2334 77.27626 264.3481 115.751 89.98738 252.3264 85.18848 68.10237 261.1464 120.6172 72.91933 247.8866 96.57129 60.94202 243.123 103.6113 57.28171 257.2487 126.2061 52.75521 269.8631 146.5469 62.30706 273.4462 142.1309 47.49607 251.6672 133.748 49.15532 281.9009 164.2959 40.72922 256.635 163.4561 44.804 263.974 153.8408 39.68013 272.1647 178.9092 33.94584 265.5384 185.1738 23.58345 258.7298 194.3174 32.63544 282.17 203.1025 28.15189 294.9695 226.4014 23.27392 290.3558 231.1309 15.8726 265.4662 225.3262 18.43349 281.8497 242.375 22.19082 269.4691 218.9736 26.59344 274.6062 212.3096 13.62447 260.5767 231.3506 13.78322 256.6053 238.4551 5.058802 265.9451 251.3799 12.26742 270.3134 249.9824 9.706517 280.9253 259.9746 3.171807 272.2772 259.8701 13.90292 296.8441 269.3145 7.708324 287.9742 274.3174 14.4676 300.6018 275.5576 8.38654 286.2841 268.0147 20.50234 309.7646 275.7871 17.9993 301.5428 280.5049 15.48363 294.9007 287.1748 10.51126 290.3157 280.8975 6.00793 274.937 293.3086 15.29985 289.8085 292.3877 4.189965 275.8432 287.0625 1.309862 271.8079 280.2813 -8.235277 253.4667 287.7637 -1.890035 250.7104 291.4492 -1.723474 219.6664 290.4365 5.336971 246.6124 295.0781 8.880485 193.9296 291.4609 -3.920831 193.9599 284.7178 29.37639 167.0168 290.0527 14.62453 139.322 278.0869 58.05187 141.6462 271.1895 47.52214 104.1939 261.2178 38.43716 137.1899 277.6309 47.65398 72.93152 248.4648 13.35985 74.34729 262.625 45.9219 43.4663 239.0469 74.40524 73.50669 227.0703 -17.31514 82.09384 264.124 -20.50466 54.36358 256.085 7.691946 46.7573 255.4648 -0.04052793 23.33187 238.5293 -41.49546 24.3763 226.8281 -18.06511 13.57082 219.7646 38.62712 18.9903 219.7891 10.7571 6.002857 206.0986 36.59532 1.330647 187.6816 -39.09484 8.314229 201.4922 -13.92724 -1.95126 188.6348 -36.64385 -6.486156 170.2305 10.37366 -9.342434 171.7061 -13.00116 -16.20152 152.7793 7.026546 -23.7881 130.7588 29.13653 -17.23919 147.4648 43.68968 -25.89288 121.8613 -34.13406 -21.76448 134.5371 2.641606 -37.07647 90.9961 -12.90968 -29.83708 112.9522 -54.10525 -27.19656 116.2666 -12.70543 -39.67358 83.01953 -99.64594 -20.53894 111.9873 -72.72997 -32.61045 96.32324 -27.33264 -49.64778 50.33398 -44.36328 -40.26829 79.87793 -58.92256 -45.10331 59.79297 -89.15258 -37.15635 73.90821 -4.076495 -55.95509 27.16602 -71.27614 -49.22807 38.09082 -82.50674 -53.43748 15.02246 -37.99414 -54.5597 28.03906 -47.74694 -58.73312 6.650391 23.26578 -59.97691 6.925781 -11.52386 -60.7584 4.289063 -18.78612 -64.98069 -21.04883 53.48278 -62.16625 -12.61621 18.11015 -64.65364 -18.77637 49.85281 -65.90393 -40.7793 85.55685 -62.57458 -32.29687 86.86306 -56.77888 -2.914063 82.39656 -65.29518 -62.41504 76.70912 -64.25911 -92.76172 118.4778 -59.94905 -53.0166 114.6005 -60.74562 -84.86621 144.4492 -50.3999 -109.1592 150.6595 -52.36558 -76.0791 107.5368 -57.13044 -116.4902 98.90288 -49.69099 -147.5498 134.9633 -44.26832 -140.2607 167.1618 -33.93913 -136.0547 210.561 -9.941205 -55.60449 203.5383 -22.42227 -98.28711 201.507 -24.89525 -61.08301 184.5045 -38.12628 -67.62305 177.5715 -39.34068 -103.1543 209.0286 -4.816601 -135.0566 215.3625 -8.227322 -93.39746 196.4064 -18.08636 -136.3623 189.8865 2.201389 -173.2041 214.5365 11.1306 -131.6934 168.116 20.64417 -209.0547 198.3678 35.53099 -170.4258 196.2008 18.76264 -172.3271 219.2282 10.03559 -89.30957 214.4984 28.8256 -127.2813 195.5675 49.85971 -167.1982 167.7339 35.60164 -208.9492 164.8733 49.77627 -205.7734 194.2366 65.70919 -117.0225 208.7669 49.04544 -124.7295 123.1142 62.68244 -221.7656 158.5971 62.62423 -198.1309 83.12666 63.12747 -237.1494 42.85707 63.75396 -244.3828 40.32028 78.74546 -230.9463 0.72487 65.18825 -246.5859 -0.285939 80.34901 -233.4258 -44.08308 78.58406 -230.3018 -85.40975 88.01766 -201.7139 -90.49146 61.34235 -237.0762 -89.08316 74.16571 -223.1924 -135.4627 71.03849 -203.6689 -178.7738 64.03196 -178.3555 -185.7261 47.68581 -186.4463 -206.0322 60.60652 -140.3008 -170.7849 76.00806 -168.1943 -211.8099 42.02033 -141.9912 -208.2195 69.08159 -110.7598 -196.6819 84.28913 -113.46 -190.7518 77.91437 -142.6592 -212.2857 74.53119 -80.69532 -210.8896 86.42305 -45.33301 -204.6754 86.98798 -81.23438 -196.1485 97.88388 -83.58985 -204.0661 97.67755 -48.40625 -203.8057 99.15517 -10.2627 -201.7127 108.6553 -52.87598 -193.8804 117.3125 -56.8623 -181.5845 109.8377 -86.77832 -183.2165 120.9993 -57.70703 -190.6648 131.3647 4.554688 -180.8902 132.0148 -29.30664 -177.615 145.7017 -2.039063 -184.7799 138.7338 0.664063 -181.4801 151.9376 23.37793 -168.5362 149.0545 -1.986328 -164.6182 157.2135 23.50977 -158.3021 149.7814 -0.761719 -144.8586 136.5994 -23.24024 -152.2578 138.2595 -28.16113 -149.9796 147.5018 3.318359 -130.0134 128.2585 -40.05957 -131.634 126.4631 -63.81836 -139.2392 129.8181 -43.62305 -142.3647 130.2893 -63.99805 -127.4421 116.6388 -83.99512 -138.2302 113.172 -100.2041 -113.1709 119.8404 -60.77637 -111.65 108.2012 -81.5752 -121.1119 112.7014 -80.07813 -111.552 105.7912 -91.75489 -96.84416 103.4635 -77.60645 -78.99454 112.3917 -49.62695 -86.91662 100.4362 -77.18555 -89.51854 93.66858 -88.27344 -90.60552 114.0235 -55.16308 -99.02701 126.9021 -34.51074 -108.6314 129.7686 -37.59766 -116.3832 143.2903 -16.46289 -99.99974 136.8303 -11.71582 -107.3068 141.7509 -14.87598 -99.50309 150.0848 13.50488 -88.68172 118.5182 -21.69336 -93.50457 127.6978 -5.637695 -91.39261 142.6833 14.86816 -83.60111 135.5933 21.07813 -85.59749 123.2 2.353516 -77.69766 132.4714 26.58887 -77.68566 110.1328 -8.855469 -78.94668 145.7147 49.17871 -73.60181 156.5223 79.17481 -67.33737 145.125 50.16016 -74.17384 143.9351 50.62988 -79.86946 156.8231 77.57324 -67.41401 158.0121 80.35547 -79.50907 161.7694 103.4326 -85.28051 162.1072 119.7656 -78.27999 162.7474 120.4082 -70.41516 169.0993 121.2041 -62.54494 178.3057 116.1133 -63.63813 177.3166 126.5313 -67.52314 180.6529 135.4853 -57.26955 187.1609 135.3965 -53.62516 199.5922 147.9658 -55.02692 189.0069 128.6143 -48.30357 199.263 142.8779 -52.39252 191.1244 121.9385 -47.08203 190.2815 118.4102 -58.78321 180.3137 105.7363 -41.43324 200.3611 132.4385 -51.63315 180.0067 100.6406 -42.86232 168.1824 80.29785 -43.57617 177.5146 100.335 -33.17065 175.0706 103.46 -28.45705 170.9658 88.00684 -41.33327 188.0448 116.1338 -33.77981 184.339 114.374 -21.05122 172.2604 108.3926 -17.58295 178.3887 116.6729 -5.399057 177.7268 111.6064 -5.502797 185.2642 119.3555 -2.084183 180.5579 102.6094 -0.462327 190.512 112.501 6.588213 193.0398 105.3613 -5.529376 172.9343 83.20899 -16.11222 164.0388 75.7168 1.818608 181.9415 92.98145 0.03613299 171.0151 70.54883 -11.03647 160.3696 59.78613 -22.89223 149.4699 50.09375 -28.52699 157.5191 67.54883 -2.464184 154.9938 44.07715 -14.28537 143.0788 32.83301 -32.96154 141.5346 41.95605 -6.422234 141.813 14.70898 -26.45709 136.9868 21.97852 -19.89106 133.0883 2.844727 -13.94156 126.6377 -15.91016 -11.75813 117.1429 -33.79004 -22.2401 121.1278 -21.69531 -20.20261 112.6303 -42.9873 -50.40755 127.3541 7.900391 -38.18041 122.3652 -9.783205 -35.32137 130.9487 16.86524 -29.84361 127.3009 -4.570313 -31.09383 114.4958 -28.45117 -44.83887 117.6707 -14.4043 -42.2238 105.8164 -35.35547 7.547958 136.882 -10.19336 0.383274 140.1331 0.546875 25.76873 152.591 5.044922 18.33801 135.3933 -27.83984 -3.465331 121.9353 -23.39356 38.6088 156.1871 -10.60352 44.36381 158.3574 -18.07813 24.78581 137.3906 -33.6543 5.005618 125.658 -44.58301 59.49702 177.1332 0.65332 65.87886 194.1552 24.33008 71.90945 194.7434 19.01953 88.06973 212.7681 36.55469 53.5243 175.3589 6.993164 43.93687 172.5476 17.08399 58.44741 191.4259 32.62402 69.83337 212.0293 50.86523 57.29125 207.2566 61.25391 64.02224 226.8723 80.38965 47.91449 238.2361 111.8906 39.98563 230.9426 122.5264 33.01582 214.8828 104.4365 21.41031 207.8953 115.6182 41.22889 245.186 142.6348 16.6058 219.6838 141.208 24.94583 223.0059 135.5566 27.53875 237.0921 153.2207 19.28214 231.0063 160.4766 20.08175 243.1315 177.3838 31.59593 250.0889 169.3799 13.92944 243.3349 182.0801 18.61282 255.5874 200.8779 11.39208 231.1627 163.4502 9.049026 217.6762 145.0889 3.924908 229.2872 168.748 1.275188 214.5442 150.6973 2.826355 202.5548 125.624 -3.084656 199.6997 132.4385 -15.27298 185.5767 124.7041 -10.30621 199.3157 137.7978 -21.27322 202.6862 141.7305 -26.45838 192.3391 125.46 -30.5718 207.7373 144.168 -29.44881 217.9933 160.5625 -41.33327 223.6395 181.6055 -19.18488 225.0113 173.54 -31.01231 223.4602 176.6025 -42.02497 232.1574 193.0537 -20.92929 229.3263 186.3945 -32.36144 230.0708 189.1309 -21.49275 234.849 193.1943 -39.20909 222.0438 163.8447 -38.3929 210.818 148.46 -34.67183 197.2196 128.293 11.77798 205.6197 120.8506 14.57129 192.8849 98.21778 8.805258 182.2253 82.68164 28.19416 198.2201 85.70703 9.593294 168.4239 56.57812 40.46857 203.4854 72.81641 20.02368 182.8679 69.69532 31.34366 185.9007 56.20605 8.803277 153.9828 25.68555 21.28092 169.3426 40.60058 41.81086 186.5849 48.06152 27.59686 169.5871 33.79004 15.55895 153.1853 16.81641 47.13147 221.5965 91.11914 -40.04855 152.3907 59.86719 -46.8528 201.6635 136.918 -61.29086 189.6629 140.083 -58.76092 202.3211 149.0019 -66.31541 219.2843 158.7139 -58.97052 218.4979 160.9277 -66.67185 238.1126 173.293 -60.94537 246.4248 188.1738 -61.02893 234.2731 175.8506 -75.26593 238.3713 172.0273 -73.90624 217.0558 161.6689 -80.33 236.6439 176.2861 -80.96314 253.5993 186.8887 -74.42411 254.4249 183.7295 -81.76863 261.042 193.9004 -86.60729 255.8755 197.2412 -86.16309 249.377 189.7705 -92.07077 246.4604 200.3828 -88.34611 258.1785 202.874 -92.74961 248.3842 206.834 -95.54192 231.893 212.2578 -85.30498 234.2988 221.0098 -84.13821 248.2444 216.376 -89.44097 248.5565 212.541 -86.44518 208.8776 225.8926 -90.9868 233.1387 217.082 -81.33657 211.7262 231.3203 -73.99392 190.5221 241.834 -72.75662 214.4945 234.3271 -78.03809 235.8894 224.9102 -78.26261 248.2455 220.0049 -76.86922 257.5151 216.084 -81.64042 258.3143 212.9297 -86.17823 259.3751 208.5703 -68.39373 262.691 215.8281 -73.78189 264.2292 212.4287 -74.38146 266.1346 200.1348 -78.17 266.8389 208.3281 -64.67271 263.2746 210.1094 -69.50681 264.7742 204.7578 -68.72323 260.1485 198.4561 -74.44841 261.3993 194.082 -57.63932 262.6422 215.7695 -55.64128 260.2931 210.5918 -60.9275 260.895 220.6885 -45.94197 252.9346 233.0977 -54.13659 252.8049 228.6064 -63.28857 254.4578 223.0644 -54.41353 247.4271 230.957 -45.60717 248.3391 235.1338 -40.86744 245.1059 244.8242 -53.53281 231.5801 233.4209 -63.40034 247.0417 225.8076 -61.25159 229.106 232.4014 -57.36086 207.9579 236.1377 -52.06595 211.4366 229.4922 -44.5917 220.8637 239.3701 -69.0494 232.5046 227.6045 -41.98728 257.2625 241.0947 -39.36711 262.5273 248.4531 -40.71273 261.4204 238.6348 -38.67617 267.1901 246.0508 -42.79814 257.4509 227.3955 -45.07054 256.3754 230.3623 -33.8033 267.7647 245.2783 -30.16328 270.3621 251.0186 -26.44913 267.8081 251.332 -21.95285 266.3085 252.4209 -28.74058 265.0384 246.2402 -32.00684 260.9638 235.793 -25.80633 257.6766 238.4346 -22.76876 264.144 246.7119 -18.91464 255.9179 241.4541 -28.35351 251.1848 227.2861 -20.10477 245.2221 231.2275 -21.26312 238.5701 222.5605 -10.89336 234.6238 222.7812 -9.89989 242.1268 232.5098 -1.258696 241.5597 230.3076 6.96734 240.6162 229.3301 -2.55596 230.827 221.8174 7.145308 254.918 242.459 5.119975 233.5087 215.8633 -1.219462 253.6907 244.3691 -10.80388 260.6625 251.4922 -2.577238 262.7991 252.7686 -4.084211 265.5339 259.2041 -11.70728 263.882 256.8438 -7.230511 265.5966 264.5811 0.7822 273.6703 266.6992 -14.37897 263.0141 261.8389 -18.11274 265.6958 259.5225 -18.09387 260.5953 267.0547 -11.65149 261.203 269.1729 -23.50229 254.7561 268.2832 -29.67918 235.6356 268.1904 -19.39868 250.6273 271.0371 -30.88138 255.682 262.2012 -29.86156 247.0903 265.8506 -32.23296 262.2745 259.7061 -35.87001 253.1021 258.0938 -26.05371 260.0727 264.2412 -28.78398 265.5426 261.6934 -21.40462 264.0225 263.418 -17.15385 264.8961 254.4297 -17.31835 262.2282 248.9033 -10.7264 253.5191 244.2988 -36.5588 265.2157 254.4561 -35.94802 269.6188 253.9512 -39.53889 257.059 250.3545 -36.33634 260.1651 256.1807 -41.51768 251.9687 242.957 -39.12607 248.9543 252.1289 -70.27986 256.1223 218.9121 -70.26035 246.7899 221.9951 -52.64698 256.3968 225.0703 -48.80168 255.5992 216.2793 -53.94532 256.6805 206.626 -60.20737 257.1455 198.6279 -62.74441 260.6184 204.6445 -81.6991 187.0092 239.2812 -93.32964 208.049 221.2109 -88.44315 184.8832 230.4873 -97.23653 207.511 211.8984 -93.39152 206.7446 203.7451 -96.90914 188.6616 201.8232 -97.92571 185.4976 217.0127 -96.03089 164.1658 218.1445 -101.8269 169.253 199.0518 -103.0225 142.2385 209.0801 -86.73208 138.1219 225.0742 -109.7727 149.6338 190.4004 -98.39168 113.6957 212.874 -112.0658 122.3928 196.8769 -97.39158 79.7688 205.625 -119.7522 101.3345 181.7187 -121.8408 116.6805 164.2949 -134.8401 79.01647 132.6728 -125.426 79.88114 164.1865 -158.4076 67.63516 116.5049 -129.0348 62.22914 143.3584 -115.061 22.93665 156.2617 -123.3025 41.73166 153.0693 -136.3263 34.12731 123.6328 -144.8649 52.33211 117.4522 -154.7205 30.76915 97.49903 -149.7296 9.942463 103.0606 -145.2694 -2.428905 101.1406 -173.9915 30.53301 72.01172 -162.1052 -3.614147 72.50391 -165.969 -16.4179 42.03418 -176.9004 -4.218822 45.32422 -145.6632 -32.1851 35.33691 -155.8974 -35.77583 8.881836 -115.5525 -45.62397 25.3418 -188.2119 -23.78463 -11.48047 -136.904 -51.31578 -25.2832 -126.5147 -49.11927 0.09277296 -146.7887 -52.02156 -50.75293 -109.7941 -61.9521 -58.1748 -152.8532 -51.33946 -77.53711 -115.8448 -60.47041 -82.40528 -70.14258 -66.35689 -65.82032 -76.29344 -64.3078 -91.6377 -83.10292 -59.6128 -118.1309 -45.88846 -60.48365 -126.7246 -0.06789296 -66.97287 -100.8106 -15.52629 -50.54148 -160.4053 30.87582 -60.86717 -128.7656 -23.93908 -36.05355 -192.2725 16.00357 -36.05876 -192.3662 61.20775 -50.96385 -154.8799 23.03826 -50.73394 -159.8301 50.87114 -21.13138 -219.5215 54.62195 -38.02484 -186.7178 8.179471 -6.860989 -238.1113 87.85352 -24.98529 -205.4062 89.6953 -8.902845 -228.6396 119.7838 -25.17953 -192.666 50.12094 -7.650005 -237.749 91.17929 3.088856 -238.9814 128.4168 3.242298 -225.3496 163.7482 6.056614 -204.4902 127.7098 35.97447 -231.7783 128.7997 18.91552 -231.1953 90.5288 17.38646 -244.5264 48.58448 13.3185 -253.9658 87.94332 33.08823 -245.8271 44.58097 45.75493 -251.6064 85.7332 48.99259 -243.8418 126.5082 50.68181 -229.3662 46.6072 27.40337 -253.8545 -39.96948 12.90197 -254.2344 3.768004 27.09472 -253.626 -41.13416 26.99889 -254.626 2.051805 46.47353 -253.6221 -90.98423 30.06414 -245.71 -140.2396 54.39866 -220.8467 -90.78725 46.491 -243.4092 -43.81581 63.35511 -244.5215 -42.37697 44.96844 -251.9834 -140.8019 40.67388 -225.4824 -188.9272 26.45589 -185.8867 -212.3162 21.75507 -142.9824 -217.9806 48.01833 -108.3916 -218.649 3.065327 -104.9658 -220.2194 22.60932 -105.9639 -221.7333 26.97728 -72.98828 -217.8047 2.532505 -70.79981 -222.3649 58.41066 -43.85449 -217.5634 74.22426 -44.88183 -221.3245 53.64421 -76.85547 -219.096 35.89632 -8.79004 -222.0824 32.25012 -40.96094 -212.2179 10.32193 -7.588867 -200.2137 11.44075 21.52832 -183.4371 10.01006 47.38281 -189.2287 33.16483 45.13769 -208.462 34.51905 21.1582 -213.1441 55.86907 18.13086 -167.3512 8.68372 74.56055 -195.3062 55.32289 43.14258 -191.174 -5.134197 19.31934 -202.0589 -8.365873 -8.57129 -177.7483 -19.72947 15.53223 -166.5918 -38.7386 -17.38379 -196.4111 -26.13595 -40.65039 -207.9665 -12.40348 -39.27051 -212.0585 -13.73616 -70.81446 -185.0092 -36.84599 -73.69434 -176.5904 -39.25558 -44.85742 -201.5968 -25.35386 -72.30078 -122.6519 -55.79998 -108.29 -157.2112 -46.72436 -105.0215 -184.4803 -33.89122 -105.5928 -156.5747 -39.45002 -133.1338 -179.4949 -25.9993 -139.3525 -198.8521 -12.60731 -142.3633 -166.9466 -13.64561 -175.9883 -130.0009 -11.83212 -209.0576 -115.3087 -28.43055 -188.2129 -145.2611 -31.49437 -161.2607 -176.6765 -3.598003 -183.2549 -83.14176 -9.09161 -229.5977 -183.181 4.223164 -187.0293 -136.6154 -1.645367 -218.8047 -139.6105 10.61107 -224.6846 -140.267 25.65822 -226.7383 -210.1436 6.7141 -143.9346 -186.7886 14.13271 -186.8047 -206.4478 -4.308636 -144.1113 -214.1902 -9.91049 -105.1104 -204.817 -19.66571 -105.2539 -87.49432 2.042057 -239.3047 -38.89081 1.816074 -248.8691 -36.5096 -7.570904 -237.8555 -90.43029 14.99424 -244.876 6.377217 2.074543 -247.9453 4.933559 13.32656 -252.4863 -75.55113 -22.83705 -212.2402 -64.62478 -37.70286 -186.6504 -54.48832 -50.82524 -156.499 -93.13722 -51.90135 -142.9971 -128.0788 -48.714 -131.8096 -102.3889 -41.4868 -167.0811 -128.7803 -41.9112 -151.5176 10.95981 -19.42537 -220.7617 -31.74285 -20.02003 -220.3799 -216.032 5.366749 -39.10058 49.92556 2.097553 -248.7783 91.45771 -39.1371 -177.6084 125.1081 -35.84284 -168.4394 69.20382 -59.63183 -123.5508 38.50167 -65.7659 -98.74219 -7.613721 -61.31788 -130.0049 45.41433 -67.71157 -70.26465 6.780396 -68.90952 -72.80762 -31.54242 -68.06121 -71.11231 -38.35677 -65.81983 -98.20996 13.17112 -68.09072 -46.22363 -25.30734 -67.41043 -45.33496 -63.76963 -65.13285 -40.76074 -56.58692 -62.58064 -16.45215 -92.77252 -57.5381 -8.984375 -102.0317 -60.62702 -33.5498 -103.4399 -41.72578 50.1709 -118.4542 -24.62988 87.61133 -133.5345 -28.19899 61.7373 -151.4741 -13.68887 68.51465 -135.2577 -11.05511 95.55176 -116.1824 -7.706829 121.5508 -124.8529 1.049381 127.2568 -78.6884 -15.77848 133.6748 -107.9038 9.625616 153.9053 -97.0306 -1.932552 146.6416 -57.66233 -10.97224 152.1582 -78.61626 3.574421 166.5732 -59.87545 6.440601 183.3535 -77.92633 22.10781 192.6064 -59.55022 21.58561 210.9941 -73.59436 43.16547 219.7314 -59.04301 68.21137 239.4541 -77.6314 73.46613 226.9961 -55.15673 128.8065 250.7861 -66.70406 131.4984 246.2266 -85.03317 110.0517 218.4336 -77.0802 105.5671 231.335 -83.44741 76.50731 216.3574 -55.47595 155.7623 252.0625 -78.1486 133.9454 238.5898 -47.06654 178.4285 268.4033 -51.17975 175.2221 248.3857 -65.78522 156.9803 249.3389 -47.3739 180.3419 260.2129 -50.61241 154.17 262.5108 -27.13736 173.3359 279.9531 -45.93261 151.1645 269.1533 -33.65311 148.0652 273.2236 -48.29083 124.4998 261.6201 -35.015 120.6147 265.9209 -12.65113 113.2917 271.3897 -38.80469 90.11173 259.9883 -41.83852 61.96704 250.6523 -56.17305 41.67182 232.083 -43.11127 42.46942 241.8164 -27.49524 32.733 242.6201 -10.14426 143.5493 276.3506 11.05669 170.0605 286.5908 -7.078557 170.0459 278.7901 18.0091 106.3663 271.0401 -66.75109 102.7779 240.3535 -55.67333 99.51026 247.8105 -19.41494 197.2834 285.6846 -41.19114 175.7508 275.0508 -30.30251 200.8154 280.5186 -38.91638 203.2847 275.5645 -27.74802 229.7446 272.6055 -18.50439 226.2759 286.6133 -24.3676 228.2392 279.5098 -10.14486 251.0988 280.2061 -11.0572 223.6668 290.0215 -181.896 51.0198 69.71289 -129.6418 13.22374 129.665 -166.7135 48.264 96.46289 -175.3786 65.207 92.98535 -187.0603 81.80591 66.76953 -188.6881 69.59724 67.22559 -179.5384 79.17322 88.92578 -166.4355 82.39788 112.2354 -185.3297 88.82463 68.33106 -179.2639 89.34439 83.83106 -179.5925 98.64536 79.33203 -188.301 101.52 55.62695 -181.1501 105.6487 76.54981 -174.3022 112.7363 98.98828 -180.8803 113.989 72.75489 -176.3216 122.2319 95.99414 -175.5401 131.02 90.13477 -186.4418 122.9484 69.26856 -185.4849 133.0996 62.15039 -189.4054 128.4087 37.2168 -196.9549 113.6001 17.45117 -191.8699 118.8813 44.90039 -196.8447 123.6901 9.678711 -199.4775 108.9667 -16.5957 -191.4323 127.6647 -26.31445 -195.3925 118.3179 -22.32813 -181.4763 141.4041 55.71973 -183.9203 151.6637 52.71484 -188.2118 145.5243 27.31641 -190.6318 138.2476 32.375 -181.9226 150.4001 79.06543 -177.9811 158.653 74.13574 -182.2089 159.3815 48.61328 -173.4024 156.2406 22.26758 -175.442 163.8664 45.7959 -167.1662 164.9677 44.3418 -158.4685 165.1088 44.94531 -156.8831 155.153 26.49414 -147.937 158.488 28.7334 -128.5376 150.3333 11.83594 -133.9242 162.7501 32.92969 -121.9989 164.8939 35.00976 -141.8276 148.8095 7.648438 -120.1115 130.3208 -39.59863 -126.9392 140.1101 -16.42871 -136.7014 136.0193 -18.21484 -99.85718 119.2851 -59.11328 -122.9482 122.0556 -61.44629 -106.9983 154.6454 12.1377 -116.2095 154.075 11.73926 -111.2833 164.5785 36.42285 -115.6747 174.05 57.21484 -100.4524 160.4442 39.51855 -104.723 171.3992 61.55176 -104.1123 177.74 91.01367 -112.3563 181.1655 84.11524 -121.2005 183.6399 78.63086 -120.8114 193.2139 104.5147 -127.5761 195.3832 100.2734 -114.92 190.8841 109.6357 -126.7793 220.9646 148.0986 -116.0108 202.0345 136.4394 -118.7807 205.3459 130.0107 -122.6598 219.972 151.1621 -128.9052 228.5649 157.9824 -124.745 207.2771 127.5674 -132.3386 228.6239 156.4092 -134.9883 231.9984 161.7051 -136.837 226.0799 153.4209 -136.52 219.0203 142.0898 -141.2286 216.4918 141.6006 -131.3224 221.5828 145.8564 -130.3858 209.8186 125.1455 -137.1686 209.7029 124.3838 -151.205 206.2115 123.7744 -146.6829 216.1863 142.6269 -144.393 207.5615 124.1582 -144.6526 192.7798 95.78125 -157.9521 207.7244 123.6602 -154.2413 192.7428 94.25391 -149.5043 175.8091 68.50977 -139.9192 178.4616 72.72754 -148.2513 164.3483 48.56641 -134.8614 195.4883 97.64063 -130.1162 182.0698 73.80176 -151.3808 218.2506 146.2432 -173.3809 186.1498 96.05371 -167.7475 190.6927 94.1377 -161.1635 193.2544 93.67481 -158.1782 177.8173 66.74024 -166.0305 175.9485 67.84571 -173.8667 173.9854 69.03125 -167.7146 194.1492 129.4766 -159.5187 213.6961 151.4111 -164.1119 206.022 124.7705 -168.287 200.9627 127.1836 -175.4983 179.4194 99.55762 -177.8158 166.8594 71.75586 -161.788 205.7914 149.6152 -168.8856 186.8616 132.4941 -169.0132 154.2424 113.2686 -166.2687 178.3652 136.2529 -175.1257 172.0826 103.4912 -174.3105 163.0704 109.0488 -180.5618 140.7321 86.56543 -170.5192 144.9631 119.6465 -161.4849 163.8217 148.2852 -146.137 179.4764 170.124 -164.4292 170.9764 141.3584 -157.315 188.1773 162.7588 -149.3001 198.9414 177.2266 -153.4196 200.5215 170.7715 -158.3535 194.0058 157.7451 -140.5791 206.5162 179.5019 -150.0144 209.7391 174.5605 -153.6504 183.0028 168.0957 -142.7557 196.774 177.2686 -137.7668 215.6108 179.0889 -145.8431 209.58 179.001 -142.811 217.7952 178.584 -147.1598 216.7769 174.6523 -140.1217 223.8692 177.1348 -137.8223 228.0249 175.0068 -144.3979 223.536 173.9346 -148.4037 219.3132 168.3447 -154.2373 213.8569 161.4658 -153.8687 208.1484 162.9209 -153.3957 219.38 160.5537 -161.5594 199.0366 152.0332 -147.2811 224.1451 166.9365 -145.8925 228.1869 165.1016 -156.5034 217.4038 148.6162 -142.5658 230.2974 162.3066 -146.7692 225.2185 157.1289 -150.5833 223.0506 158.0605 -138.1485 233.3234 166.1641 -141.1809 231.5299 170.1201 -142.5118 228.1318 172.2656 -135.5189 231.1519 172.4404 -130.442 227.4886 172.1611 -132.3703 225.0452 174.7783 -134.873 221.3925 177.3769 -121.555 208.1243 174.2617 -128.6787 216.0667 176.1338 -122.4702 190.5448 173.3144 -116.3707 197.8363 168.4805 -113.4662 200.8677 159.4385 -124.1673 221.4587 167.0898 -118.7371 212.6649 158.4482 -125.5205 223.6841 163.3896 -125.6157 218.9746 171.749 -118.4379 211.7901 166.9736 -140.1165 223.4688 151.3232 -126.1149 172.767 53.97363 -135.4136 164.2414 53.00098 -165.1241 126.3285 122.8408 -169.875 136.2487 123.6338 -171.803 104.0575 100.0352 -172.6333 93.27109 104.6104 -158.8658 103.9708 130.1289 -146.759 92.70508 134.123 -124.154 95.66669 151.6055 -127.8273 107.6069 141.1103 -116.7999 127.0835 149.2051 -144.409 115.962 145.3408 -123.0069 151.2876 157.3144 -111.7293 142.9738 166.585 -113.2589 166.5854 166.9873 -101.8103 174.4562 184.8184 -101.8523 159.2243 177.3398 -119.3058 134.138 178.5176 -96.39335 229.8255 205.9258 -91.82082 223.8394 200.001 -89.05343 217.2949 193.1006 -89.68544 237.295 194.167 -86.76853 213.917 172.4473 -85.57736 234.0428 179.8008 -90.22733 213.0825 180.3975 -88.18926 226.5705 186.8057 -65.18575 203.4495 150.0498 -72.66777 200.8884 152.5713 -55.76074 240.9766 190.8584 -54.55145 230.4487 177.4678 -74.2936 172.9996 134.3623 -81.32097 167.0472 136.5605 -102.3698 178.2768 144.3457 -93.79885 177.1836 146.7734 -90.61141 165.4693 134.6445 -98.84246 168.4188 131.2256 -108.8166 185.4908 144.0654 -102.9886 188.5935 157.6338 -107.6984 173.3664 128.7373 -92.10574 163.894 116.5664 -91.37515 167.3966 96.66016 -85.19872 164.0424 101.4522 -84.15586 149.8868 45.50488 -90.68732 155.3854 42.52832 -89.54212 162.3416 71.37207 -197.2507 94.83173 32.55762 -197.6406 104.8851 24.74902 -207.2264 87.22183 -3.486328 218.6816 29.68903 -87.68067 215.79 46.53115 -87.44532 214.9683 31.01545 -53.26172 203.1173 12.849 -19.67774 213.9901 9.404867 -52.61426 192.7221 22.73464 8.975586 199.1286 -8.271801 -21.08399 186.1688 -0.850246 8.030275 192.8691 -24.38258 -25.5293 179.6889 -36.63893 -33.01074 169.2365 -32.73899 -1.536133 150.9438 -44.63185 -10.34863 151.3126 -49.92979 -42.94141 144.6898 -38.07496 20.54102 86.95515 -50.16986 25.88965 117.5234 -49.65046 8.866211 119.2293 -55.197 -21.72754 115.0637 -42.95307 38.55273 86.14488 -43.46482 54.33301 56.19764 -56.32699 14.59766 57.75173 -49.76463 41.36426 82.88584 -35.53852 82.48926 27.83936 -54.20018 31.5752 30.45612 -47.86659 56.05566 2.656734 -50.30523 49.14551 29.08594 -40.31022 80.51465 21.52404 -32.20576 105.4951 5.931195 -43.78739 70.38477 52.27085 -34.92581 95.05371 56.88301 -42.82643 68.24317 67.61188 -16.52482 137.0674 87.92636 -4.976604 147.2129 76.22126 -27.07197 110.0205 99.60683 -15.06651 123.042 101.5979 4.920124 152.8594 109.2013 -24.4277 96.26465 111.7845 -5.914715 128.3008 111.6485 -34.5675 67.05078 123.6396 -14.57093 102.4463 132.5126 -22.07335 76.43653 143.4638 -12.8907 80.33789 132.8196 -6.193707 105.9053 139.2145 -30.45826 49.91797 151.6484 -20.09488 54.57129 157.3834 16.23012 84.13184 151.0183 -1.728863 82.46485 160.6232 -7.559643 56.82031 158.3668 -26.92416 26.91406 167.4792 -13.36052 30.41895 174.723 7.244831 33.53125 181.1545 32.28972 36.54492 172.2359 40.63243 64.05371 179.1674 -19.58497 4.791992 167.7549 11.90859 59.66699 164.7219 40.1738 87.33008 153.5813 46.90131 111.7207 139.0054 60.01338 136.8437 145.4963 22.10148 107.2627 138.8269 4.608418 106.9326 132.7614 33.68894 132.4404 117.2059 26.57088 154.9248 119.7854 2.165821 131.1113 125.4618 14.13152 131.791 98.86312 20.95131 170.9766 110.9993 13.10628 155.2832 90.10104 28.15632 179.0293 104.6056 35.69976 173.9902 95.1954 41.99367 182.5674 102.114 92.01049 207.0342 101.8453 61.51806 188.0889 111.6749 53.10895 177.0762 108.4781 83.06487 194.1631 119.1677 75.95207 181.7725 123.329 44.84304 155.8984 111.8875 105.5673 198.3848 123.2211 100.4365 190.2988 196.1393 46.8481 8.67969 184.5988 57.91508 38.7793 88.88463 12.3508 170.4238 81.37278 22.7712 189.9141 58.64082 10.27172 192.5615 72.79703 2.363438 168.2598 54.03628 -7.296078 161.1455 205.8982 36.6422 -20.78906 204.5748 55.42505 -24.66602 214.3239 45.90297 -54.60058 211.5759 55.32176 -56.02441 200.7783 70.91831 -28.99609 200.2318 65.09844 -56.7041 -17.73486 -44.33042 68.49024 54.31911 174.5724 284.542 43.02732 199.2296 298.3613 44.60886 169.6375 289.0596 61.16897 182.9164 277.1377 68.93596 150.1029 263.9561 81.64836 126.7422 242.9678 84.42221 142.5755 238.7373 73.76709 162.9318 259.3164 34.11635 195.4796 300.3047 28.69108 219.6722 303.71 18.98314 218.1273 301.4004 22.53002 193.8213 298.3926 26.40553 244.7968 303.292 26.47119 266.9904 302.7578 13.11897 244.7951 296.8233 18.70671 244.6329 301.8301 8.787983 217.4448 294.5967 20.40164 270.3644 302.8057 22.13311 286.4714 304.6133 18.10846 288.8646 301.4004 15.53363 270.5018 299.9229 16.05802 289.3378 296.6152 10.75388 272.7289 296.7168 24.6295 308.61 280.2305 9.60972 246.2012 221.9844 8.150799 238.8844 205.918 11.3053 249.4061 213.8828 14.04464 252.5601 206.9844 1.63166 242.2574 193.6035 65.0534 363.3453 221.7568 60.21208 356.5676 225.6514 57.27424 354.4857 231.5186 61.7986 360.8606 232.8232 57.95022 359.4178 240.2256 51.71147 341.637 239.0693 54.94852 352.0672 239.9619 36.10349 355.6412 261.5567 48.70749 353.5538 247.7588 39.91256 361.2145 259.3897 44.38446 366.1095 259.1699 33.99589 365.6722 268.3369 44.62817 344.5994 249.8408 35.69892 339.9861 247.25 23.05788 343.6605 270.8057 26.17304 347.3938 266.2998 27.95106 360.3761 269.8233 30.23518 351.7679 262.293 25.32545 358.0662 275.4424 25.21922 367.3945 280.2373 27.90463 368.1679 274.1992 16.61274 366.5743 288.3115 21.22615 366.9396 284.1172 25.5075 377.2906 284.4815 19.77095 376.7897 293.7852 22.28344 386.3032 297.4151 24.38225 386.6604 294.6318 22.36225 377.2568 289.7402 30.76072 393.9896 294.752 27.18347 385.9336 291.2354 33.40348 388.2926 288.2442 30.16392 386.3184 288.4912 29.95193 377.4221 278.8965 36.39734 390.0385 289.6406 35.50325 394.8312 294.2969 42.12205 384.3235 285.7568 39.29594 389.6258 291.3994 39.89691 394.8034 296.3027 42.28313 389.6768 292.9453 42.10942 394.9426 297.458 43.85557 394.9017 298.9697 45.57993 390.2802 294.1602 50.75808 386.224 289.3193 54.45667 385.9169 291.6621 49.82479 390.5 298.7754 56.28614 384.5388 295.1777 62.20238 374.0565 289.5391 67.41906 361.5853 273.8096 63.435 372.8713 294.3984 56.16952 382.7703 298.6865 54.353 380.4397 302.0059 61.53921 371.2727 299.2412 58.55922 368.5843 302.8535 71.34272 355.4653 293.8457 67.83453 352.4627 298.0654 74.83734 325.0332 296.3916 84.41297 298.0526 289.1592 89.04248 302.4143 285.7207 77.55615 328.7115 291.1514 70.20317 320.9191 299.4063 77.56186 294.9594 289.6074 63.66538 349.7657 301.7529 58.61345 347.1476 305.1465 53.82962 344.5478 309.4258 50.82371 363.7638 309.707 45.87454 374.7314 310.6611 41.63144 373.3013 311.8213 42.73775 382.8417 310.4932 39.32245 381.9098 310.7979 37.19763 371.713 312.4209 35.43478 388.914 310.4932 35.78784 381.0098 311.6709 32.88391 388.99 309.8877 32.83539 370.187 311.9346 32.48988 380.9071 311.3848 30.36909 389.4777 309.0762 29.36779 381.2562 309.8682 25.93413 382.109 308.8506 24.39713 371.0308 308.1934 28.60382 369.7499 309.8213 25.97264 391.2319 306.8984 22.92959 383.4974 307.082 24.78941 392.4237 304.7285 20.5408 372.7852 306.1592 17.67133 374.8785 302.7969 21.21345 384.5426 304.2061 14.20632 361.8517 299.6055 14.0592 364.6972 293.8613 17.95759 376.123 298.1865 21.08752 385.6107 300.7881 24.25219 393.1388 302.2764 27.97406 399.766 301.6172 28.96286 399.7357 299.9639 26.53964 393.6382 297.7129 24.84326 393.5149 299.7705 31.54894 404.0434 301.8057 28.54201 393.7668 296.0625 31.0838 404.0438 303.0508 33.37235 406.2754 303.8604 33.74205 406.2378 302.834 34.97963 407.3957 304.1094 35.27706 406.9352 303.1953 34.2646 405.6163 301.5781 36.41137 407.1753 303.333 36.70032 405.8461 301.9971 35.60128 405.8754 301.9063 35.74937 403.649 299.7901 37.37672 399.5385 297.4951 37.07518 403.4636 299.8779 38.83628 399.4322 298.2959 38.24494 403.5588 300.499 39.38481 402.8632 301.167 40.04973 399.0974 299.624 40.10912 402.7421 302.1621 41.31583 398.902 300.917 48.38788 390.8957 295.9443 42.16672 398.7556 302.4297 44.85741 394.4775 301.0283 45.18955 393.8154 303.1983 44.72982 392.8705 305.2529 50.02233 389.0842 301.6133 48.71102 387.1751 304.0459 45.11845 384.1086 308.6748 47.03524 385.5389 306.3496 49.00818 376.3149 307.7695 52.23753 378.3634 305.3076 42.85802 391.0477 309.1904 40.56444 390.219 310.1123 39.4834 396.5191 309.3096 37.65408 395.9937 309.4961 37.95383 389.4046 310.4688 38.69986 402.0825 308.2031 37.34118 401.2886 308.4942 35.95523 401.321 308.4043 35.79219 396.2909 309.2725 35.74343 404.5445 307.6494 36.90468 404.6408 307.7139 34.49084 404.3151 307.4815 33.91825 405.2192 306.7754 31.83478 402.8606 306.8057 28.18196 398.9202 305.1406 33.51892 405.8971 305.9072 31.78646 404.237 305.6826 27.80146 399.4803 303.4483 31.6647 404.577 304.5977 33.35917 406.2551 304.9209 34.94982 407.3476 305.166 35.95773 407.8634 305.2266 37.33186 407.2597 303.7529 36.1626 407.7101 304.3858 38.11297 407.6634 304.6592 38.34568 406.996 303.8164 37.61751 406.1351 302.4736 38.79633 405.6693 302.5752 39.20732 406.9774 305.2158 39.309 406.5681 304.2256 38.96298 407.255 306.0283 40.505 405.3102 305.7178 38.98341 405.2701 307.1846 39.9935 405.31 306.752 41.14473 402.514 307.2061 42.47588 397.6421 307.4092 37.99557 405.1574 307.4151 40.01973 402.3107 307.835 41.21097 397.0243 308.709 44.15301 391.9944 307.3633 42.99015 398.1046 305.8154 41.78736 402.429 305.9121 42.75275 398.4989 304.0713 40.31161 405.1817 304.6651 37.10559 407.7489 304.5703 36.1025 407.4324 306.124 34.98028 406.8776 306.0567 35.3363 406.0793 306.8477 36.43395 406.4756 306.9424 37.3346 406.9117 306.7334 36.89261 407.7316 306.0361 27.99103 390.2693 308.4121 29.02662 397.802 306.8506 30.43841 396.9844 307.9883 32.67354 401.9781 307.5928 33.09191 394.4942 294.1426 33.75497 399.7208 297.1182 35.6083 399.7173 297.0576 37.93121 395.0325 294.8858 32.07465 396.2715 308.5772 33.91324 396.0236 308.8633 54.97149 366.0828 306.3594 30.4307 399.5916 298.6006 15.44371 341.1946 272.7822 8.736654 339.1374 275.749 11.25358 352.0905 286.9131 14.38534 355.2548 281.5117 20.72993 355.9557 278.3174 17.89346 305.4529 251.1865 15.60639 316.6054 275.6807 17.20645 327.8967 290.1524 104.342 222.2763 252.251 106.4281 196.9588 239.9697 97.36328 177.8775 235.7383 100.5704 197.6412 247.7295 88.13971 202.9441 251.9941 110.7058 225.0807 247.3428 116.1032 200.7628 226.9326 109.3656 258.1149 256.2588 119.1984 234.3952 230.2705 111.606 264.194 247.1514 105.7293 252.2263 261.0733 121.9698 237.6154 222.9707 110.3608 271.9274 240.3428 120.2268 239.6864 213.3535 110.0358 280.6001 234.0352 118.3159 178.7516 197.9014 123.5047 203.2203 207.4453 116.1652 229.0678 241.0186 121.1967 198.5182 215.5947 114.2994 178.9394 217.6963 115.8795 179.1641 208.0498 122.6239 203.527 197.9619 128.9598 181.6975 187.7959 124.3934 198.1086 186.793 122.6828 181.002 189.2305 116.1529 154.2374 188.9473 127.1888 158.6181 183.5644 113.8556 198.4454 235.0576 107.8173 169.3417 230.7393 97.44917 329.5224 240.417 43.54988 379.7224 273.0693 133.9218 191.3889 114.7441 128.5044 180.4266 91.23242 132.1422 199.0545 106.3115 131.8604 182.1605 121.3457 154.0821 181.7296 65.65918 143.5452 170.3541 77.06055 177.5018 171.8925 60.51269 166.5119 173.9597 62.80176 170.2068 194.9902 57.09375 172.6166 211.2312 55.07031 165.568 214.0376 54.38086 161.1337 198.3386 57.95703 152.7539 199.2679 54.53027 159.794 211.5678 49.07031 144.112 184.5314 63.44531 141.4418 186.1303 53.72266 126.8724 182.9727 50.71484 123.1459 176.8648 34.62695 128.6286 183.8595 63.97168 136.4611 184.2397 44.39941 132.2428 178.0899 32.8291 167.66 218.0742 39.8584 159.8579 209.904 41.7373 178.7194 208.5196 53.67383 173.6014 221.3196 52.37109 173.7616 226.9858 50.33203 169.0218 225.8712 46.92773 171.3506 228.9414 43.78125 175.5972 233.4769 43.63281 173.017 232.0499 40.58496 169.4442 224.875 41.07812 170.424 228.6508 37.44336 173.548 234.339 37.86816 163.9191 219.9939 26.49414 166.2257 222.099 35.00195 167.8608 226.3251 30.91504 158.3573 209.8666 17.73145 168.7926 221.1473 22.75684 171.4854 227.8052 27.72949 171.8675 210.9768 11.1123 165.0426 210.6459 13.75684 170.6626 193.7518 -4.052734 174.2485 221.5134 20.50684 179.7673 222.1019 19.80957 166.7859 172.1774 -18.48047 179.8098 192.7816 -5.773438 178.5639 211.4883 9.820315 184.7351 209.4301 11.44629 188.202 191.5471 -6.313477 185.0554 167.3255 -21.80664 184.9086 221.3813 20.88086 184.9664 227.4961 25.64649 189.1895 219.7211 23.33887 188.8256 226.1445 27.50488 191.3992 223.803 30.10449 192.907 217.694 26.14649 190.1674 228.7096 33.37695 191.4752 226.6166 36.22558 192.4238 224.3454 39.11523 193.1138 221.5074 33.33984 194.0888 219.3731 36.79199 194.0031 217.7424 40.67187 192.2802 216.2371 43.82129 193.637 207.9653 41.75293 196.093 209.2845 37.99219 192.362 206.8447 46.42969 196.5074 193.5597 38.16894 189.4851 207.145 50.6875 184.4963 207.4034 53.17773 178.6005 218.1364 52.05469 178.78 192.9387 55.54394 187.7518 217.1495 51.35547 183.441 217.7083 52.16113 178.5258 224.6448 49.79297 186.589 223.9474 50.38965 182.8166 224.051 50.07226 182.3384 228.2373 47.9834 185.7192 227.9554 48.12012 182.0642 231.8424 46.16406 178.8216 232.8353 45.5625 174.6474 230.7396 46.83203 178.6504 229.2288 47.57715 177.3619 237.7727 38.57812 176.2122 235.9717 41.14062 171.193 231.2053 34.48144 174.9665 235.7983 35.09473 173.3256 232.5229 31.5127 177.9063 235.8396 32.86328 176.787 232.5768 29.53613 180.4738 227.8936 25.39746 175.9894 228.0408 25.90918 180.6707 232.0868 29.17285 180.9547 235.2822 31.98633 184.071 234.6808 32.76172 184.5632 231.4752 29.5625 187.8907 230.4635 31.03613 183.3042 236.6897 35.59375 185.8363 235.7701 37.14355 187.0605 233.6554 34.22168 187.7199 234.0941 39.00293 189.0665 232.04 36.33691 190.2729 230.0378 38.81836 188.9605 232.1293 41.16016 191.1501 227.672 41.14844 187.9004 230.9662 45.40332 189.6849 229.953 43.48242 185.0636 231.3134 46.25293 189.0347 227.3163 47.05762 189.6084 222.7083 47.81933 190.4939 226.4868 44.79297 184.1679 236.6131 39.62305 179.1496 235.9685 43.52539 180.213 237.4311 40.75781 182.0881 235.0714 44.66601 190.4677 216.8952 47.89453 155.9703 175.1281 -15.86719 176.2758 170.5215 -21.6543 159.0603 151.3339 -32.7793 167.8418 148.5785 -36.02832 162.007 194.4723 -0.802734 154.7527 203.4997 22.77051 192.7607 140.5194 39.22949 196.6472 121.9737 31.1709 118.0424 124.2447 -46.9375 110.0254 122.9186 -42.83789 138.2261 182.7765 26.81055 27.60499 138.1617 -40.82715 30.85994 134.6983 -47.82226 0.286515 116.8034 -68.36914 6.016495 122.4418 -53.72949 -20.40071 103.4101 -105.5703 -10.40033 91.90148 -118.207 -24.47655 89.01564 -120.8838 -40.43173 81.87879 -125.1494 -47.9452 82.22006 -109.9102 -36.26717 83.24205 -117.9277 -45.45996 88.4867 -107.1514 -38.10093 91.45613 -114.9102 -64.58037 81.85822 -105.0596 -57.42683 83.0116 -96.72461 -54.50656 80.93093 -117.2295 -46.61674 82.88077 -133.6016 -61.62812 81.88494 -123.3897 -71.94298 82.9787 -112.6816 -74.98731 84.50574 -134.2744 -81.11048 83.94725 -107.1729 -73.46929 82.69399 -93.78614 -93.4644 84.91059 -118.6426 -82.39361 86.53734 -87.72657 -103.6581 88.64403 -136.7559 -57.84999 85.90363 -145.5654 -105.0836 88.48883 -166.3252 -93.16371 89.65709 -148.709 -73.70138 91.37741 -166.1816 -40.46022 96.69408 -196.7656 -32.19492 90.05651 -156.6982 -38.38845 95.3615 -180.2559 -26.93705 87.29181 -139.0566 -76.70215 92.47574 -182.792 -110.9733 183.2744 124.793 -110.6876 187.2689 116.709 -50.45964 235.9838 194.5342 -49.18686 246.0407 205.2656 200.0328 82.39519 -33.87598 201.029 105.0669 -9.229494 197.4648 91.53809 -41.31348 190.0156 72.70436 -58.12305 119.7752 139.3817 -28.66895 107.0725 127.0505 -41.79492 105.5463 118.1747 -58.49512 108.4207 130.8972 -43.30566 107.0517 131.3328 -67.68067 107.124 144.228 -32.11035 108.0699 140.4819 -45.83594 104.5214 148.1731 -47.83789 98.15776 152.6197 -48.11426 97.37169 155.92 -31.75977 104.0178 150.6225 -32.78516 90.26581 155.0724 -32.26074 90.99004 153.167 -46.66992 86.34689 145.2279 -68.12305 80.30245 143.713 -51.18945 68.13072 131.0595 -84.86621 94.42835 143.4665 -70.18262 102.1352 138.4662 -69.58594 93.32061 128.8547 -93.94727 108.7762 122.6958 -62.41797 100.7292 120.8976 -89.62305 109.0111 113.7815 -54.96191 108.1106 108.4444 -75.38184 61.55704 114.2983 -149.8594 69.72338 121.2332 -136.6797 59.9962 122.6718 -130.8652 56.26072 106.6698 -160.8975 40.5681 109.8447 -154.2305 48.08209 114.9547 -146.0928 97.41786 158.0022 -3.106445 49.99121 203.0901 291.6143 86.90989 187.6168 252.1621 135.5658 163.4535 180.9365 144.2518 151.2941 153.9209 147.2694 141.1844 163.8506 111.1809 296.4051 222.2832 -19.26825 238.5861 197.9121 -28.07023 242.1955 203.7715 -11.68591 238.7536 195.1211 -8.334773 234.4697 201.0215 -13.64262 231.5351 212.6826 14.73204 307.2199 272.0869 14.91858 299.5139 261.1026 125.218 125.1604 174.9746 141.5821 91.06345 147.6338 158.3198 116.9729 131.3926 133.3264 97.66222 173.3945 172.3055 66.13534 90.20801 173.4493 86.0549 63.99512 153.5392 132.1019 124.3223 175.896 94.49102 90.91407 174.2162 108.5848 69.30176 43.1179 113.2321 -129.4014 52.88242 121.5771 -103.1475 42.3728 116.777 -105.251 49.1977 124.4069 -81.44629 -25.67885 115.555 -59.71582 -61.63925 148.8785 51.06933 -62.58703 134.5483 27.50977 -47.3226 147.998 57.23535 -53.07654 146.6451 51.52148 -62.7248 166.1671 84.18653 -53.07268 166.6555 80.06739 -76.07913 118.7852 6.738281 -63.33175 116.6026 -2.981445 -58.54253 124.8289 5.236328 -50.68932 117.5354 -16.20313 -32.27709 270.1307 258.7774 -26.75261 271.1107 256.0928 -45.22269 197.4731 252.3857 -48.55552 191.8529 243.9824 -66.39351 216.7228 233.7852 24.80278 315.338 297.7949 19.22254 304.38 300.375 23.68667 300.7474 308.3457 28.01106 317.0296 304.7158 32.26328 322.2902 299.1719 25.99716 322.8443 296.2168 64.22893 219.7857 261.4649 -143.4765 85.40395 -159.3574 -153.8376 93.00516 -142.6455 -132.9511 96.63808 -137.6885 -32.41675 105.5817 -50.72461 -37.13125 110.388 -69.26465 -27.94235 113.1876 -79.42969 -46.68434 105.2355 -77.66407 -50.93104 102.9325 -70.95801 -42.78899 106.6596 -60.12305 -29.64776 107.3065 -99.76563 -38.54245 107.9483 -89.17481 -45.86564 101.646 -94.97754 -79.34263 95.86859 -72.09571 -87.34106 85.96996 -103.7334 -52.25786 88.86437 -95.01758 -150.6235 120.9186 -84.86231 -71.35248 188.2786 142.6865 -90.84702 192.8324 191.2422 -96.11457 185.7721 188.6084 103.7873 133.556 204.7568 104.4996 103.3566 -95.81836 -6.950812 109.8831 -94.10157 -130.2305 109.0105 -116.1738 -115.3277 89.44037 -125 -148.5653 112.0598 -120.2119 -165.0746 104.0691 -125.874 -44.45112 214.6906 257.3252 -36.5636 227.8331 260.0401 -44.41447 211.371 250.3662 104.1429 113.285 207.3945 -125.5208 101.9794 -107.8359 -111.3334 90.40821 -114.2734 95.35532 112.2263 -109.5147 97.49916 105.6789 -117.5938 75.04268 114.5388 -139.668 84.67903 110.4396 -130.3867 -136.1687 157.0421 155.1728 -156.2588 155.3615 150.7978 199.6508 92.2274 3.025391 -66.80779 107.309 -52.98144 -79.49597 113.2261 -34.19726 -91.22594 123.4581 -29.51758 -86.77346 114.895 -15.52734 32.08267 312.1387 307.6338 30.62061 291.8228 308.7608 123.046 149.498 -5.458008 128.1157 152.4861 -8.81836 119.9792 142.1003 -19.29785 117.2073 140.3853 -17.39941 116.9151 144.4824 -4.950195 75.44338 139.2738 -66.73828</float_array>
          <technique_common>
            <accessor source="#ems060_01_003_LOD_1_001-mesh-positions-array" count="2230" stride="3">
              <param name="X" type="float"/>
              <param name="Y" type="float"/>
              <param name="Z" type="float"/>
            </accessor>
          </technique_common>
        </source>
        <source id="ems060_01_003_LOD_1_001-mesh-normals">
          <float_array id="ems060_01_003_LOD_1_001-mesh-normals-array" count="6690">-0.1659941 0.3151872 0.9343998 -0.584157 -0.2743055 0.7638829 -0.9382257 -0.2281531 0.2601517 -0.8536158 0.1559478 0.4970115 0.6397548 -0.1566418 0.7524476 0.7729051 -0.03634279 0.63348 0.4733451 -0.1418649 0.8693785 0.4525914 -0.1572763 0.8777388 0.3162671 -0.01075983 0.9486092 0.1812436 -0.09279704 0.9790503 0.02743202 -0.06543064 0.99748 -0.007750093 -0.007529616 0.9999417 -0.430103 0.003004372 0.9027748 -0.157571 -0.08087801 0.9841901 -0.3173288 -0.07512176 0.9453355 -0.2865548 -0.1521944 0.9458982 -0.550852 -0.05639094 0.8326957 -0.5280466 0.09967142 0.843346 -0.941457 0.2850956 0.1799426 -0.9128533 0.3891417 0.1235634 -0.9917564 0.1249247 0.02851647 -0.4782903 0.6063931 0.6352368 0.2874209 0.226857 0.930551 -0.08676785 -0.05645692 0.9946275 -0.1500527 -0.1530071 0.9767667 0.0725063 -0.199301 0.9772523 0.207919 -0.1707959 0.9631192 0.4366237 -0.2271135 0.8705052 0.3115351 -0.08786964 0.9461632 0.7938057 -0.291624 0.5336929 0.9026023 -0.2656173 0.3387575 0.8747844 -0.2657795 0.4051095 0.6390852 -0.06607186 0.7662928 0.6852688 -0.1555866 0.7114771 0.4060159 -0.02611583 0.9134929 -0.4278733 -0.03984892 0.90296 -0.5961389 -0.1587905 0.7870223 -0.3259268 -0.1373879 0.9353589 -0.4083821 -0.3347337 0.8492217 -0.3425998 -0.3104812 0.8866944 -0.5072555 -0.1466915 0.8492194 -0.01786375 -0.01215249 0.9997667 -0.2927896 0.07059317 0.9535675 0.1925529 -0.009622156 0.9812394 0.02348822 -0.1692479 0.9852936 0.101097 0.06728887 0.9925985 -0.0264123 -0.1621028 0.9864203 0.02817064 -0.03764486 0.9988941 0.00517416 0.03656494 0.9993179 0.1712244 0.07477349 0.9823906 0.02567571 0.118512 0.9926206 0.1386991 0.1135518 0.9838031 0.05635458 0.1205522 0.9911062 0.2235214 0.1161867 0.9677494 -0.009496033 0.1666138 0.9859766 0.1600021 0.1815272 0.9702821 0.1445206 0.2449792 0.9586966 0.343513 0.2524102 0.9045928 0.4601835 0.2236157 0.8592016 0.7820999 0.2535571 0.5692352 0.5397774 0.1648657 0.8255058 0.573528 0.08562999 0.8146982 0.4389285 0.04085719 0.8975926 0.5177958 -0.08562874 0.8512082 0.5423651 -0.0789743 0.8364228 0.2194712 0.02591651 0.9752747 0.4885016 0.08451211 0.8684607 0.4229329 0.1397521 0.8953196 0.5709662 0.2065838 0.794557 0.6012149 0.2049726 0.7723515 0.6660379 0.2507427 0.7025111 0.7900424 0.2813564 0.5446755 0.831472 0.3839609 0.4015325 0.9305717 0.3129408 0.1900117 0.8248543 0.5245091 0.210964 0.8977388 0.421041 -0.129575 0.7480047 0.6598671 -0.07116383 0.8207667 0.4774929 -0.3135963 0.7175611 0.5127612 -0.4713618 0.8237577 0.370115 -0.4294629 0.8962969 0.3490179 -0.2735664 0.9323629 0.3393231 0.1247367 0.6816941 0.300073 0.6672701 0.6110591 0.4667609 0.6393286 0.8508269 0.5157376 0.1005403 0.8430719 0.4594975 -0.2794491 0.8094612 0.4084635 -0.4218176 0.7700582 0.3901159 -0.5047969 0.6784773 0.4941369 -0.5435966 0.5944145 0.7020052 -0.3922502 0.4102466 0.8175909 -0.4040332 0.6587592 0.7493904 0.06671118 0.5891247 0.7547188 -0.2886722 0.808597 0.5841937 0.06991839 0.8345402 0.5382813 -0.1174562 0.7890499 0.4309822 0.4377838 0.8572594 0.4833967 0.1772964 0.6954821 0.3493688 0.6278903 0.7439224 0.326021 0.5833437 0.5972916 0.2621196 0.7579817 0.6411481 0.1957637 0.7420282 0.6818487 0.332934 0.651335 0.7159296 0.5254022 0.4597796 0.8129843 0.4542104 0.3643482 0.7024409 0.6828367 0.2007762 0.8442279 0.4667742 0.2634408 0.3672519 0.8496206 -0.3785116 0.6681136 0.6870647 -0.2855986 0.2004861 0.8425242 -0.4999582 0.186439 0.7589388 -0.623901 0.438223 0.6107134 -0.6595376 0.5593656 0.4791776 -0.6763867 0.7122563 0.4061035 -0.5725129 0.5290581 0.5828878 -0.6167167 0.7495592 0.4406186 -0.49398 0.6785912 0.6489329 -0.3440931 0.7181487 0.6885658 -0.1006954 0.6250908 0.6986438 0.3480782 0.2329873 0.5298147 0.8154835 0.1454563 0.9017712 0.4070029 -0.003798127 0.5011044 0.8653785 -0.2072986 0.7603457 0.6155501 -0.2880943 0.7227175 0.6282365 -0.3512744 0.9309378 0.0998063 -0.4837447 0.850812 0.2052074 -0.12547 0.9301336 -0.3451215 -0.3482998 0.9113315 -0.2194588 -0.6368973 0.7490123 0.1825993 -0.6212718 0.7759433 -0.1092392 -0.4276661 0.799533 -0.4217215 -0.1623464 0.8077249 -0.5667664 0.05568873 0.8168651 -0.5741343 0.1784443 0.8071765 -0.5626934 0.1186749 0.6955315 -0.7086271 0.2355926 0.7150498 -0.6581794 0.2520071 0.583743 -0.7718397 0.4812129 0.5197426 -0.705905 0.3946733 0.7433074 -0.5401178 0.3926447 0.8511041 -0.3485 0.08305609 0.89437 -0.4395496 -0.0758633 0.9967607 -0.02669894 0.3518431 0.9252935 -0.1415576 -0.1924317 0.5839727 -0.7886356 -0.1479445 0.5311539 -0.8342589 0.1065623 0.5241158 -0.844954 -0.1078076 0.6343732 -0.7654725 0.09528428 0.6300719 -0.7706688 0.005571722 0.736384 -0.676541 -0.1815742 0.7740781 -0.6064931 0.3512081 0.5032544 -0.7895493 0.3730749 0.5512118 -0.7463114 -0.3478714 0.7166758 -0.6044512 -0.2982683 0.7126621 -0.63494 0.1054968 0.8690749 -0.4833006 0.1623459 0.7380558 -0.6549179 0.04967021 0.6009296 -0.7977573 -0.3600393 0.6829731 -0.6355466 -0.0844742 0.8573778 -0.507708 -0.1159995 0.8094008 -0.5756862 -0.3790671 0.6122014 -0.6939148 0.03495627 0.8762979 -0.4804998 -0.3700683 0.71012 -0.5989819 -0.2059397 0.9681696 -0.1422553 0.4632657 0.8768268 0.1286857 -0.02123498 0.9792546 0.2015183 0.6332863 0.7477712 0.1994662 0.6807194 0.7286798 -0.07514601 0.3789801 0.8516942 -0.3619273 0.3839015 0.905008 -0.1832489 0.2029594 0.9133787 -0.3529121 0.2787272 0.8738583 -0.3983501 0.3914331 0.6850641 -0.6143836 0.44606 0.5214221 -0.7274267 0.2220847 0.7164046 -0.6613947 0.05531138 0.838308 -0.542384 0.9416559 0.1887334 0.2786826 0.9194892 0.1224024 0.373574 0.8868864 0.2281793 0.4017049 0.9369621 0.3407704 0.07731509 0.8598144 0.509752 -0.02953422 0.7764723 0.6086823 -0.1630851 0.6842378 0.720867 -0.1103147 0.6667037 0.7453207 0.001841723 0.7386253 0.1215354 0.66307 0.8982779 0.2057175 0.3883004 0.9078365 0.4185329 0.02575224 0.8950427 0.4400776 -0.07232123 0.9061031 0.4228909 -0.0118494 0.8623243 0.2980591 0.4093381 0.6748673 0.1315895 0.7261118 0.5916608 0.158308 0.7904911 0.9066731 0.3943632 -0.1497387 0.9019303 0.4280148 -0.05766546 0.8632805 0.2321501 0.4481665 0.768226 0.1591482 0.6200812 0.8811169 0.2054102 0.4259576 0.8846449 0.4661361 0.01098239 0.8673685 0.4416934 -0.2293004 0.6717108 0.07675826 0.7368262 0.5793991 0.08311259 0.8107954 0.4001023 -0.2807437 0.8724111 0.3705648 -0.3636358 0.8546641 0.6985408 -0.3857077 0.6027191 0.6819529 -0.2317093 0.6937226 0.9492874 -0.06952476 0.3066267 0.9044936 0.2295961 0.3594121 0.8970206 0.0286293 0.4410607 0.7771194 -0.2522495 0.5765898 0.7845767 -0.009447515 0.61996 0.7852032 -0.1015719 0.6108512 0.7436558 -0.162302 0.6485632 0.8116258 -0.1360467 0.5681152 0.7933471 -0.1265744 0.5954657 0.7909374 -0.1095795 0.6020053 0.8272344 -0.09591615 0.5536094 0.7554346 -0.2239505 0.6157635 0.7792101 -0.0304355 0.6260234 0.9236539 -0.2359135 0.302007 0.5201385 -0.4389244 0.7326673 0.7667443 -0.3186044 0.5573099 0.417631 -0.4200733 0.8056816 0.7485625 -0.2167863 0.6266244 0.5019506 -0.1555138 0.8508003 0.6962219 -0.03048306 0.7171791 0.362909 0.04220157 0.9308686 0.7302993 0.2017007 0.6526713 0.8485741 0.2170017 0.4825273 0.8840548 -0.08324366 0.4599104 0.6210641 -0.1358341 0.7718994 0.4945323 0.1775514 0.850831 0.4782708 0.1759365 0.8604089 0.688142 -0.2230725 0.6904342 0.9141679 0.2858964 0.2873331 0.9199355 -0.04464268 0.3895201 0.9074648 -0.006845653 0.4200724 0.8096346 -0.2290447 0.5403983 0.7955338 -0.2039404 0.5705564 0.8590353 -0.1580258 0.486915 0.7695997 -0.3347477 0.5437465 0.6838563 -0.3148834 0.658171 0.689771 -0.3346898 0.6420271 0.8336647 -0.2982998 0.46478 0.812573 -0.2796706 0.51138 0.781831 -0.3222075 0.5337815 0.8691595 -0.3134078 0.3825407 0.948228 -0.1957145 0.2501191 0.9804259 0.1867552 0.06235003 0.9529703 0.1463694 0.2653746 0.8924813 0.3528448 0.2810299 0.9331348 0.3538669 0.06354331 0.8384383 0.5179722 0.1694876 0.9034537 0.4273915 -0.0332883 0.7762522 0.5790423 -0.2492844 0.6967226 0.7172385 0.01210367 0.8721305 0.4479834 -0.1967217 0.9481086 0.1967525 -0.2497572 0.9781748 -0.1418298 -0.15185 0.9922757 0.054291 0.1115424 0.9839335 -0.1356282 -0.1161038 0.9649404 -0.01903814 0.261778 0.9483703 0.2889376 0.1308014 0.9352895 0.2479246 -0.2525216 0.9052287 0.3170316 -0.2829346 0.6347416 0.7726709 -0.009099841 0.9592967 0.2819876 -0.01526701 0.9962837 0.05706411 -0.06451815 0.9254915 -0.17603 0.3353788 0.9846259 -0.001828312 0.1746672 0.9795292 -0.1727331 0.1033731 0.983182 0.177568 0.04269731 0.9980959 0.0519306 -0.03328502 0.8885203 0.3629944 -0.2806545 0.9163046 0.3236953 -0.2358124 0.9542115 0.2050832 -0.2177643 0.9763726 0.1988051 -0.08469414 0.8541616 0.4301184 -0.2922433 0.8287199 0.4534659 -0.3280124 0.6375123 0.6413428 -0.4269164 0.583649 0.6754446 -0.4506977 0.6854637 0.623156 -0.376585 0.2815175 0.8568398 -0.4319415 -0.07963597 0.7944518 -0.6020835 0.3553403 0.7542073 -0.5521818 0.8634918 0.48238 -0.1472805 0.9605728 0.2715807 -0.05953097 0.8899117 0.3874528 -0.2407024 0.8899409 0.4216965 -0.1737161 0.9104914 0.3953817 -0.1211561 0.9122876 0.3656877 -0.1844012 0.9256011 0.3748404 0.05251055 0.9165035 0.3960635 0.05617141 0.9454082 0.3026579 0.1208373 0.928943 0.3606115 0.08381116 0.9486113 0.01598072 0.3160399 0.9352872 -0.02599865 0.3529334 0.9487711 0.09377753 0.3017269 0.9640925 0.2476457 0.09590297 0.8672124 0.4789975 -0.1360306 0.8243113 0.521228 -0.2209805 0.8027203 0.5804542 -0.1367959 0.7391848 0.5993844 -0.3071551 0.8461996 0.5209441 0.1120869 0.8679381 0.4955598 -0.03322511 0.6617614 0.6307891 -0.4051877 0.6108219 0.7742896 -0.1654456 0.7000418 0.692345 0.1749285 0.1610368 0.9367651 -0.3107063 0.1293374 0.9810714 0.1441206 0.8593954 0.4643191 -0.2141205 0.7736828 0.5671036 -0.2825043 0.7673157 0.5793599 -0.2748981 0.7251639 0.5931697 -0.3496958 0.6690092 0.6370941 -0.3828024 0.5088838 0.7007598 -0.499973 0.3809302 0.698529 -0.6057636 0.3565611 0.7684299 -0.5313943 0.3703286 0.7373698 -0.5649271 0.1489281 0.7651072 -0.6264434 0.755346 0.5672705 -0.3281108 0.5166016 0.6330996 -0.5764613 0.03723281 0.5408623 -0.8402867 -0.2729508 0.5633719 -0.7798142 0.2686204 0.6939223 -0.6680681 0.9810154 0.1426343 0.1313936 0.9975086 -0.0206114 0.06746786 0.9859656 0.1319221 0.1023162 0.9956421 -0.06031495 0.07112765 0.9357721 -0.2088411 0.2841057 0.9201461 -0.2520888 0.2996373 0.9468687 -0.2564202 0.1941353 0.7557433 -0.1805364 0.629491 0.9487326 -0.2230835 0.2239206 0.9039674 -0.2574782 0.3413913 0.9711989 -0.2093155 0.1138415 0.9771652 -0.1756058 0.1196278 0.9220065 -0.1627823 0.3512918 0.8963705 -0.09935975 0.4320274 0.7476193 -0.2119089 0.6294125 0.8994071 0.03041565 0.4360526 0.7392017 -0.1465115 0.6573548 0.792777 0.003116846 0.6095039 0.6022852 -0.1723378 0.7794563 0.765454 0.03682392 0.6424362 0.6856361 -0.1627444 0.7095192 0.9528452 -0.0456863 0.2999984 0.6831133 0.1057595 0.7226141 0.7598795 -0.0323714 0.6492577 0.8999668 0.08976811 0.4266163 0.4741846 -0.1932994 0.8589437 0.5994135 -0.2824158 0.7489625 0.7571413 0.03929394 0.6520684 0.8352162 -0.1697092 0.5230801 0.5887219 -0.2605738 0.765185 0.5438926 -0.250307 0.8009541 0.1388481 -0.3737656 0.9170717 0.1958859 -0.3741438 0.9064464 0.5470547 -0.2666657 0.7934864 0.08234834 -0.3802465 0.9212119 0.07786291 -0.4021228 0.912269 0.4971439 0.006376504 0.8676447 0.0470758 -0.111105 0.9926931 0.222536 -0.07750207 0.9718391 0.675495 -0.2377634 0.6979794 0.2087466 -0.1400181 0.9678946 0.4247136 -0.1977086 0.8834759 0.2538995 -0.3124313 0.9153807 0.8614941 -0.3831207 0.3332366 -0.2666146 0.3718435 0.8891845 -0.1528072 0.317784 0.9357689 -0.4290085 0.4845126 0.7623643 -0.123984 0.4897252 0.8630163 0.02215898 0.3005576 0.9535063 0.1298176 0.3357047 0.9329791 0.01775723 0.207278 0.9781209 -0.06809991 0.2064265 0.9760894 -0.1530231 0.2132062 0.9649493 -0.1279241 0.1502034 0.9803441 -0.1528847 0.161086 0.975027 -0.2398151 0.1713706 0.9555736 -0.194653 0.140796 0.9707146 -0.2528334 0.1465489 0.9563466 -0.2020688 0.1394746 0.969389 -0.2636614 0.1954563 0.9446055 0.2665311 0.358607 0.8946297 -0.2987843 0.4913595 0.8181039 -0.4427748 0.6861613 0.5771769 -0.5727313 0.6390086 0.5134657 -0.2593266 0.100238 0.9605739 -0.3550844 0.06568926 0.9325235 -0.2871745 0.01696342 0.9577281 0.7243378 0.5699425 -0.3879438 0.8867323 0.3502448 -0.3017196 0.7452626 0.5024742 -0.4382959 0.5319528 0.7447112 -0.4030279 0.7013422 0.5174475 -0.4902726 0.7260676 0.4496735 -0.5202112 0.780986 0.4343816 -0.4487466 0.5503316 0.8141709 -0.1850975 0.4163001 0.8625138 -0.287688 0.2387572 0.9691773 0.06074953 0.1902601 0.9774777 -0.09131652 0.01753532 0.9289378 -0.3698206 0.1200764 0.9385995 -0.3234387 0.03510826 0.982703 -0.1818303 0.1472352 0.9887577 0.02607828 0.200159 0.9762849 0.08248686 0.3441874 0.9313368 -0.1189399 0.2168532 0.9754589 -0.03813982 0.1312669 0.9321057 -0.3375619 0.1770397 0.9624396 -0.2058328 0.04023748 0.9851554 -0.1668829 -0.09627997 0.9892615 -0.109964 -0.003962099 0.9867766 -0.1620383 -0.04360967 0.9973937 0.05748003 -0.04725837 0.9885163 0.1435351 -0.08063113 0.9864782 -0.1426864 -0.01203691 0.9891752 0.1462453 -0.1306406 0.9906076 -0.04037064 0.002643048 0.9943932 0.1057134 -0.1498319 0.9882172 -0.03126096 0.04963386 0.9830701 -0.1763794 0.04363739 0.9979246 0.04735183 0.3340132 0.9217966 -0.19679 0.2838127 0.8672975 -0.4089566 0.537874 0.7132039 -0.4494796 0.6153175 0.539359 -0.5748707 0.5856491 0.5828634 -0.5632811 0.299299 0.8610519 -0.4111081 0.1335565 0.9438075 -0.3023082 -0.3200843 0.9415673 -0.1048675 -0.2298555 0.9306611 -0.2846693 0.2029337 0.7880533 -0.581197 0.2331295 0.7846531 -0.5744303 -0.4035927 0.9130142 -0.05931371 -0.2710317 0.8922715 -0.3611002 -0.1920276 0.9152875 -0.3540824 -0.5299918 0.8446565 -0.07526147 0.8587697 0.4454588 -0.2531428 0.9469912 0.1422892 -0.2880306 0.8157717 0.4031518 -0.4147109 0.6226124 0.6177296 -0.4803791 0.1931861 0.8654696 -0.4622136 -0.3164612 0.9283489 -0.1949889 -0.4082261 0.909695 -0.07619994 -0.2861019 0.9570795 -0.04630893 -0.5259726 0.8463582 -0.08384853 -0.4398756 0.8948367 -0.07600611 -0.1901294 0.973132 0.1298649 -0.227246 0.9734576 0.02719467 -0.1424535 0.9804752 0.1355566 -0.2203988 0.9721596 -0.07956117 -0.06861233 0.9719885 0.2247906 -0.1920928 0.9776782 0.08512204 -0.005380153 0.9999842 -0.001636803 -0.4611764 0.7781386 -0.4263997 -0.3595366 0.8698423 -0.3377987 -0.7426045 0.3465512 -0.5730976 -0.7379406 0.470626 -0.4836887 -0.778756 0.3650159 -0.5101985 -0.8049442 0.4114526 -0.4275181 -0.6404004 0.689622 -0.3380961 -0.6652677 0.7077484 -0.2377208 -0.3801618 0.8981574 -0.2208855 -0.2099179 0.8141851 -0.541329 -0.5266174 0.3428467 -0.7779012 -0.4501428 0.6774467 -0.581754 -0.1450037 0.9060804 -0.3974825 -0.05430293 0.7231456 -0.6885576 -0.07731699 0.6430292 -0.7619289 -6.54701e-4 0.9710638 0.2388194 0.086847 0.9837536 0.1571196 0.1045721 0.9899442 0.09526413 0.3136941 0.9079152 -0.2780039 0.111657 0.9934141 0.02571696 0.2334932 0.9712768 -0.04585206 0.05433219 0.9766254 -0.2079688 0.03989911 0.996369 -0.07521402 -0.2153636 0.8531261 -0.4751783 -0.2516471 0.9037485 -0.3462837 0.08790749 0.9917528 0.09326708 -0.5136407 0.8531998 -0.09068328 -0.4265575 0.9044044 -0.01008367 -0.5035434 0.8567147 -0.1117329 -0.6832554 0.6823217 -0.2599988 -0.6684067 0.655539 -0.3514273 -0.2534943 0.9038059 -0.3447834 0.108332 0.9226322 -0.370154 0.02837502 0.9840518 -0.1756048 0.0191043 0.9666036 -0.2555633 0.02727872 0.9419509 -0.3346409 0.4102079 0.8132041 -0.4128301 -0.06586724 0.8992071 -0.4325369 -0.007275044 0.9597527 -0.2807523 -0.4029543 0.8899402 -0.2136221 -0.6040685 0.7818274 -0.154426 -0.4122193 0.7917965 -0.4507035 -0.2901929 0.8468769 -0.4456319 0.09452247 0.9488416 -0.3012726 -0.2715522 0.8778192 -0.3945792 -0.346117 0.8446009 -0.408476 -0.3319752 0.9340635 0.1315979 -0.4393097 0.8979499 -0.02632743 -0.4031246 0.9055852 0.1319316 -0.3400658 0.9402453 -0.01714724 -0.3271318 0.9418202 0.07719874 -0.2990129 0.8870071 -0.3518663 -0.2554023 0.9658236 -0.04421174 -0.2216215 0.9740574 0.0457856 0.3779215 0.9209774 0.09474223 0.4421879 0.8967586 0.01714259 0.3099054 0.8849886 -0.3474966 0.1541368 0.8376772 -0.5239646 -0.2991361 0.8287885 -0.4728924 -0.1738793 0.8793004 -0.4433926 -0.08650135 0.8677981 -0.4893301 0.1299019 0.9120538 -0.3889518 -0.2941094 0.8492305 -0.4385285 -0.02002191 0.9440387 -0.3292265 0.1540936 0.9355858 -0.3177019 0.3895588 0.9209395 0.01070445 0.05711019 0.9963725 -0.06309008 -0.5102407 0.7356253 -0.4455446 0.2110188 0.8780394 -0.4295557 -0.1399437 0.8759754 -0.461609 0.2544642 0.8729396 -0.4162025 0.05525803 0.9095425 -0.4119211 -0.5002354 0.7928382 -0.3480982 -0.5067297 0.8324445 -0.2241905 -0.3731096 0.9080874 -0.1901753 0.09583812 0.9906937 -0.09664911 0.1830522 0.8921493 -0.4129909 -0.3562156 0.7619968 -0.5408063 -0.6170439 0.6005233 -0.5085554 -0.6604849 0.7240323 -0.1988396 -0.5036532 0.6089856 -0.6127562 -0.4863972 0.5070306 -0.7115741 -0.2623218 0.5617505 -0.7846169 -0.2595403 0.6543872 -0.7102226 0.04767906 0.5730343 -0.8181433 -0.2086211 0.5138471 -0.8321288 0.3211423 0.6092277 -0.7250581 -0.07976663 0.5427623 -0.8360899 0.371447 0.5695836 -0.7332133 0.5956159 0.5993659 -0.5347918 0.7460024 0.4540427 -0.4871608 0.521122 0.6545941 -0.5476664 0.7699192 0.4076679 -0.4909497 0.5631842 0.6792751 -0.4705411 0.4433372 0.8950552 0.0482549 0.4887382 0.844799 -0.2178298 0.4909126 0.7144573 -0.4985536 0.1029056 0.7379153 -0.6670018 -0.2578511 0.6478821 -0.7167717 -0.5502693 0.5311962 -0.6442317 -0.4889969 0.4375827 -0.7545883 -0.4890062 0.4172471 -0.7660143 -0.2782887 0.4783635 -0.8329008 -0.06207317 0.7146704 -0.6967017 0.1884158 0.8048523 -0.5627721 0.4253351 0.8049342 -0.4137285 0.3776033 0.8550187 -0.3554697 0.534983 0.79782 -0.2779864 0.6957038 0.5681071 -0.4396029 0.7392408 0.4174538 -0.5284463 0.736595 0.5144337 -0.4390739 0.5182527 0.6609115 -0.5427801 0.470848 0.7412151 -0.4784374 0.05425375 0.7654442 -0.6412112 -0.4806486 0.7774302 -0.4056835 0.2758602 0.8957018 -0.3487399 -0.4324896 0.6474886 -0.6274641 -0.5305053 0.5682898 -0.6289762 -0.653949 0.3570597 -0.6669775 -0.6527399 0.3385792 -0.677713 -0.6219274 0.3867549 -0.6809015 -0.5398727 0.5505977 -0.6366944 -0.05477356 0.8040078 -0.5920906 0.3284739 0.8513041 -0.4091286 0.2909584 0.9513459 0.1014113 0.2470298 0.9682579 -0.03811967 0.3545205 0.9225867 -0.1521483 -0.1449772 0.7854192 -0.6017462 -0.04700332 0.8291549 -0.5570394 -0.00108546 0.7788658 -0.6271898 0.07512134 0.7361185 -0.672671 0.3209371 0.7996652 -0.5074792 0.4558495 0.5995479 -0.6578325 0.4936693 0.6692492 -0.5553345 0.3161671 0.847228 -0.4268997 0.4643353 0.8127121 -0.3519827 -0.1611535 0.8543357 -0.4941053 -0.1598847 0.9070616 -0.3894563 0.009814441 0.8736417 -0.486471 -0.8419463 0.4554117 -0.2893556 -0.3883852 0.6949489 -0.605147 -0.688326 0.6340358 -0.3524287 -0.5872123 0.7497128 -0.3051436 -0.1896753 0.840203 -0.5080181 -0.1120811 0.9367063 -0.3316916 0.1236783 0.867991 -0.4809318 -0.1936085 0.8806862 -0.4323282 -0.2923436 0.8323966 -0.4707986 0.05948156 0.7967081 -0.6014301 0.1514015 0.809938 -0.5666376 0.1645557 0.8182383 -0.5508244 0.1412209 0.7870554 -0.6005001 -0.5498878 0.7017661 -0.4529325 -0.7669419 0.5177181 -0.3791678 -0.6109676 0.6883371 -0.3910378 -0.5766263 0.680949 -0.451454 -0.606792 0.5895395 -0.5331479 -0.002623677 0.7084611 -0.7057451 -0.1793183 0.7928347 -0.5824586 0.2593169 0.7060037 -0.6590248 0.2957618 0.7209252 -0.6267312 -0.2747835 0.752554 -0.5984619 -0.5337539 0.6993884 -0.4753554 -0.4117349 0.762501 -0.4990659 -0.3592603 0.7836895 -0.5067179 -0.4057573 0.7783002 -0.4791762 -0.4852948 0.7445246 -0.4584455 -0.5041022 0.7482975 -0.4311981 -0.4935926 0.7720779 -0.4003273 -0.4693245 0.7560355 -0.4562289 -0.5344254 0.7342036 -0.4187296 -0.6103677 0.7385062 -0.2864609 -0.7877881 0.5822352 -0.2009779 -0.6121758 0.6632639 -0.4304903 0.04867678 0.75327 -0.6559078 0.1464462 0.8997443 -0.4111129 0.323176 0.8673083 -0.3785946 -0.0407204 0.8518582 -0.5221874 -0.05478799 0.8400934 -0.5396679 0.2071465 0.8523383 -0.4802186 0.1472584 0.7842027 -0.602778 0.08731502 0.9255279 -0.3684754 0.1510068 0.9829766 -0.1046612 -0.3871753 0.8751003 -0.2903361 -0.5910161 0.806104 -0.02994012 -0.4801518 0.8278773 -0.289954 -0.4998741 0.7887558 -0.3577575 -0.5650442 0.7335368 -0.3776887 -0.6420507 0.6691676 -0.3741464 -0.5818538 0.686254 -0.4364652 -0.6028468 0.6499745 -0.4627192 -0.5839468 0.652207 -0.4833553 -0.6890957 0.6020795 -0.4032956 -0.6908391 0.6310273 -0.3529106 -0.5757184 0.7109737 -0.4038126 -0.6203841 0.6810448 -0.388975 -0.2678612 0.8714578 -0.410867 -0.1160303 0.9843845 -0.1323791 -0.1014821 0.9885146 -0.1119845 -0.3719914 0.8270716 -0.4213964 -0.1362898 0.8562402 -0.4982749 -0.3145434 0.8231087 -0.4728155 -0.2042627 0.8781905 -0.4325025 -0.353699 0.8706346 -0.3418956 -0.440377 0.797645 -0.4121051 -0.4844966 0.7760409 -0.403762 -0.5109754 0.7632002 -0.3955117 -0.5427104 0.7139335 -0.4424527 -0.5605508 0.6867097 -0.4628312 -0.6158698 0.6676989 -0.4181898 -0.6235738 0.636026 -0.4545622 -0.6153076 0.6428692 -0.456197 -0.595417 0.6750987 -0.4355691 -0.5549139 0.7298665 -0.3992061 -0.2679709 0.7643497 -0.586482 -0.4129059 0.7889927 -0.4549718 0.04381722 0.7140353 -0.6987372 0.01092022 0.7607272 -0.64898 0.2972121 0.6175128 -0.7282465 -0.5593811 0.6543484 -0.5088429 -0.5902864 0.6464405 -0.4834011 -0.4822934 0.7431273 -0.4638481 -0.2970032 0.764774 -0.5717604 -0.3234021 0.7335273 -0.5977866 0.05792772 0.7015478 -0.7102641 0.1794172 0.6756569 -0.7150506 0.3215314 0.6187108 -0.7168086 0.2907572 0.5887959 -0.7541748 0.2547082 0.7538435 -0.6056764 0.3234156 0.5994354 -0.7321746 0.07987296 0.8024274 -0.5913804 0.07186472 0.7638166 -0.6414201 0.02271968 0.8276541 -0.5607784 0.2505083 0.6993749 -0.669418 -0.1730849 0.9391636 -0.2966707 -0.2605619 0.9020727 -0.344053 -0.3160004 0.9289512 -0.1928563 0.3590389 0.9254477 -0.1209864 0.2833145 0.9581066 0.04200744 0.7427676 0.6694716 -0.0102052 0.7739521 0.629095 0.07237207 0.5942711 0.8042619 -0.002221405 0.9647778 0.2474732 0.08922415 0.5520891 0.7119179 -0.4340168 0.5230225 0.6564016 -0.5436769 0.5036104 0.6673105 -0.5487015 0.6088547 0.494283 -0.6204679 0.5532333 0.4921168 -0.6721265 0.5665791 0.5730587 -0.592108 0.2944692 0.6518896 -0.6988046 0.3489614 0.6885023 -0.6357599 -0.2173061 0.854498 -0.4718171 -0.06893217 0.9182291 -0.3900048 -0.3186131 0.8382481 -0.4425221 -0.001912713 0.9206773 -0.3903203 -0.1254751 0.8501133 -0.5114326 0.1551884 0.770052 -0.6188187 -0.4361777 0.7074415 -0.5561255 -0.4374307 0.6381117 -0.633615 -0.6557655 0.5736896 -0.4907667 -0.8089998 0.410925 -0.4203093 -0.8553001 0.4004971 -0.3287305 -0.7818903 0.4727298 -0.4064161 -0.8296455 0.4382357 -0.345887 -0.85333 0.3737401 -0.3635194 -0.7226091 0.4652416 -0.5112596 -0.8255159 0.4054998 -0.3925476 -0.2118152 0.4372138 -0.8740587 -0.2445542 0.4944007 -0.8341231 -0.09181106 0.4993182 -0.8615406 0.1868526 0.5254348 -0.8300629 -0.007579803 0.5901212 -0.8072791 -0.6145023 0.5247199 -0.5891147 -0.1738407 0.5903169 -0.7882293 -0.6516956 0.5082799 -0.5629782 -0.7588434 0.4544569 -0.4665036 -0.7367483 0.5060449 -0.4484647 -0.6444518 0.5444188 -0.5369265 -0.5039139 0.6276198 -0.5934342 -0.3943228 0.54851 -0.7373238 -0.03457152 0.6801685 -0.7322402 -0.3313593 0.7537475 -0.5675084 -0.1179161 0.8956347 -0.4288756 0.3602589 0.8430109 -0.3994326 0.8393275 0.4503653 -0.3044674 0.7971217 0.4770472 -0.3701661 0.873119 0.3305507 -0.3583287 0.9213002 0.2349886 -0.3098169 0.7599996 0.5398259 -0.3619235 0.3077692 0.9416583 -0.1362277 0.04312133 0.9678831 -0.247675 0.6235784 0.6992356 -0.3495991 0.9002732 0.2912952 -0.3235049 0.8722995 0.3225781 -0.3674738 0.771962 0.4591287 -0.4396312 0.6777402 0.5251307 -0.5146903 0.8013263 0.4362314 -0.4093635 0.84211 0.4238247 -0.3335019 0.6129772 0.6819073 -0.3990759 0.1105729 0.8699916 -0.4805085 0.6197644 0.5012392 -0.6038638 0.2203823 0.7134832 -0.6651116 0.5471758 0.7384927 -0.3939888 0.1824057 0.8260704 -0.5332316 0.9367093 0.304551 -0.1726974 0.9877528 -0.1101142 0.1105415 0.9699313 0.2299 -0.07987129 0.7600831 0.6114113 -0.2201136 0.3102419 0.9043144 -0.2931989 -0.2896039 0.9319186 -0.2183056 0.3244619 0.8473029 -0.4204788 0.6912192 0.6045296 -0.3959294 0.9164347 0.3124484 -0.2500473 0.9933511 -0.1008641 0.05549889 0.9504631 0.2313114 -0.2076416 0.9979552 0.06364959 0.005861401 0.1755857 0.7933719 -0.5828642 0.2988051 0.8382201 -0.4561828 0.0940023 0.8823282 -0.4611514 0.2136939 0.8184466 -0.533367 0.7566359 0.6236913 -0.1962429 0.384771 0.8174376 -0.4286572 -0.1063537 0.7949556 -0.5972726 -0.6977728 0.7152361 -0.0393778 -0.5738861 0.7944865 -0.1986103 -0.3528453 0.9350585 -0.03414511 -0.3010857 0.8970054 -0.3236184 -0.684108 0.712083 0.1579055 -0.5161057 0.851824 -0.0896157 -0.1959275 0.9309426 -0.3081533 -0.2066168 0.9687208 -0.1374397 -0.3677527 0.914612 -0.1680563 -0.5469003 0.8305904 -0.1049751 -0.5144802 0.8489561 -0.120763 -0.4918394 0.8642939 -0.1053095 -0.3095775 0.9458957 -0.09717631 -0.4090268 0.9125006 0.006313621 -0.3652688 0.9067521 -0.2106645 -0.3064329 0.9068437 -0.2893674 -0.3462455 0.9066679 -0.240972 -0.2947377 0.9212651 -0.2537723 -0.4038021 0.8974719 -0.1774488 -0.4154633 0.8976199 -0.1472033 -0.3623927 0.9169535 -0.1669369 0.123444 0.7918292 -0.5981373 -0.09422254 0.9233667 -0.3721778 -0.03567373 0.9114165 -0.409936 -0.0565024 0.8499072 -0.5238943 0.1083497 0.7986035 -0.5920244 0.1145321 0.8639498 -0.4903805 -0.04959189 0.9617215 -0.2695044 -0.1688109 0.9546999 -0.2450534 -0.2324351 0.9554467 -0.181922 -0.09982913 0.9812951 -0.1646034 -0.1109625 0.9645945 -0.239259 -0.3518966 0.9046568 -0.2403437 -0.3971802 0.8533461 -0.3377106 -0.1959521 0.8475032 -0.4932965 0.2524598 0.6017817 -0.757709 -0.1968625 0.7655599 -0.6125059 -0.5273648 0.8187788 -0.2269087 -0.3558493 0.9179022 -0.1755762 -0.03497284 0.8835161 -0.4670935 0.1650161 0.7908903 -0.5892896 -0.5165986 0.7789636 -0.3554457 -0.5827537 0.7383786 -0.3394042 -0.5664957 0.7379551 -0.3667492 -0.6009277 0.7114461 -0.3643218 -0.5153595 0.7284729 -0.4513667 -0.50479 0.7610212 -0.4074727 -0.5008853 0.7953037 -0.3414765 -0.5812872 0.7647842 -0.2778674 -0.4867449 0.8278401 -0.2788555 -0.3962977 0.8240998 -0.4047318 -0.4980175 0.8628494 -0.08642667 -0.3682513 0.8527875 -0.3703305 -0.449151 0.8866634 0.109961 -0.3253296 0.9310439 -0.1652811 -0.217416 0.8724825 -0.4376123 -0.2268836 0.8245202 -0.5183534 -0.3240488 0.8657661 -0.3813682 -0.4210289 0.8140839 -0.4000027 -0.2948526 0.8946789 -0.3355769 -0.3262124 0.8904445 -0.3173235 -0.4031229 0.8738415 -0.2718326 -0.4635939 0.8059946 -0.3680402 -0.3903026 0.8593439 -0.3304421 -0.3141818 0.9011361 -0.2987367 -0.09328156 0.8997677 -0.4262825 0.01329129 0.8893159 -0.4571005 0.03276568 0.9467859 -0.3201921 -0.01582467 0.8482819 -0.5293084 -0.1147567 0.801656 -0.5866675 -0.1969381 0.7925359 -0.5771502 0.001313269 0.8476341 -0.5305796 -0.6788004 0.7050521 -0.20526 -0.7562875 0.6456368 -0.1057472 -0.5896139 0.736611 -0.3313003 -0.5302154 0.7831811 -0.3248063 -0.08444952 0.8359909 -0.5422063 -0.790206 0.6000965 -0.1243339 -0.675213 0.6881107 -0.2656897 -0.6318588 0.6628707 -0.4016928 -0.2468665 0.6626289 -0.7070927 0.4292078 0.6768258 -0.5980699 0.5988823 0.6329255 -0.490658 -0.7005113 0.6500908 -0.2943907 -0.04002344 -0.3117314 0.9493269 -0.5225918 -0.1401982 0.840977 -0.1635211 -0.5067294 0.8464551 -0.9597242 0.280592 -0.01405829 -0.9630101 0.1731368 0.2064829 -0.9690333 0.1708274 0.1783053 -0.9353024 0.328525 0.1314572 -0.972931 0.206464 0.1038167 -0.96519 0.175597 0.1938402 -0.9549249 -0.0823459 0.2851976 -0.9829384 0.1614012 0.08821487 -0.9504588 -0.1118247 0.2900404 -0.9553413 -0.01970553 0.294847 -0.9475829 -0.04210489 0.3167239 -0.9374921 -0.06382453 0.342104 -0.9140768 -0.01067841 0.4054007 -0.9277117 0.01988685 0.3727673 -0.9261507 0.2057089 0.3161153 -0.9021611 0.07550477 0.4247407 -0.9154309 0.2801167 0.2889999 -0.8324053 0.2367924 0.5010297 -0.4282231 0.1056237 0.8974791 -0.01793569 -0.07298243 0.9971719 0.08225089 -0.1439418 0.9861621 0.1027888 -0.3722911 0.9224066 -0.01294773 -0.438023 0.8988705 -0.5940182 -0.376052 0.7111451 -0.8472402 -0.199894 0.4921652 -0.9640233 0.0982455 0.2469961 -0.6646182 -0.3092645 0.6801751 -0.9609124 0.2508059 0.1172343 -0.9892593 0.01396816 0.1455028 -0.9612687 0.04308605 0.2722248 -0.9145544 0.0253418 0.4036686 -0.8872088 0.2148035 0.4083137 -0.8974028 0.3400154 0.2811719 -0.7918024 0.3447847 0.5041555 -0.3552191 0.2699961 0.8949423 0.09571111 0.1436257 0.9849929 0.2647638 0.06214779 0.9623086 0.3046337 -0.1450943 0.9413533 0.2576985 -0.1847764 0.948393 -0.02764141 0.059183 0.9978644 -0.1943746 -0.3881465 0.9008667 -0.6513296 0.1943474 0.7334841 -0.4701961 -0.2268919 0.8528985 -0.4498455 -0.3130397 0.836448 -0.1057659 -0.4865994 0.8671993 -0.1113947 -0.4498282 0.886141 -0.4963909 -0.3103879 0.8107129 -0.5298019 0.7913099 -0.3051866 -0.7799644 0.5850416 -0.2222207 -0.8721709 0.4759747 -0.1129875 -0.6393769 0.7348075 -0.226396 -0.9852855 0.1182693 0.1233897 -0.8604302 0.4926401 -0.1302525 -0.9599952 0.2769058 0.04162502 -0.9857829 0.1591132 0.05399233 -0.9715233 0.1153206 0.206987 -0.928677 0.1543517 0.3372457 -0.8393809 0.1488355 0.5227694 -0.8539332 0.3191166 0.4110507 -0.7083601 0.4402009 0.5517692 -0.2177847 0.4497292 0.8662065 0.2433608 0.3033633 0.9212743 0.5059296 0.2589041 0.8228026 0.6636363 0.1911159 0.7232301 0.7735223 0.2061741 0.5992959 0.47811 0.6701588 0.567713 -0.2529875 0.9395186 0.2308727 -0.189774 -0.2408441 0.9518297 -0.2586777 -0.3709998 0.8918772 -0.7568629 -0.07768815 0.6489401 -0.6938177 -0.2399902 0.6789858 -0.6243748 -0.1501008 0.7665677 -0.389627 -0.2389746 0.8894279 -0.7848074 -0.1888 0.5902813 -0.9099373 0.05382674 0.4112382 -0.929638 -0.03454756 0.3668511 -0.9307599 0.1611481 0.3282036 -0.929219 -0.02230924 0.3688555 -0.9352431 0.04170334 0.3515412 -0.9184488 -0.1363473 0.3712967 -0.9530568 0.001454293 0.3027886 -0.9386096 0.05013519 0.3413187 -0.9388438 0.04941582 0.3407791 -0.9406428 -0.0260086 0.3384002 -0.9757356 0.1395015 0.1687588 -0.97924 0.1700487 0.1103296 -0.9211931 0.3881075 -0.02785384 -0.9165903 0.3995216 0.01564115 -0.9059975 0.3773155 -0.1918374 -0.6248466 0.7253605 -0.2888231 -0.6982856 0.7015886 -0.1420239 -0.7922843 0.5971116 -0.1254729 -0.9166374 0.1456595 0.3722355 -0.9366122 0.08257865 0.3404974 -0.9330735 0.1127375 0.3415614 -0.8819254 0.3856856 0.2710245 -0.9415694 0.3340941 0.04275947 -0.9237684 0.3746038 -0.07952505 -0.6499696 0.7169611 -0.2520045 -0.5028282 0.7789554 -0.3746899 -0.3475863 0.8616864 -0.3697034 -0.3860242 0.8553262 -0.3455467 -0.1748759 0.9274305 -0.3305922 -0.1757156 0.9468011 -0.2696142 -0.2825184 0.9166782 -0.2826384 -0.2389811 0.9212265 -0.3069691 -0.4687513 0.8268982 -0.3106633 -0.3305736 0.8505117 -0.4090856 -0.2217813 0.9187083 -0.3267846 -0.05917406 0.9472555 -0.3149692 0.05114716 0.9757152 -0.2129878 -0.007949352 0.9210292 -0.3894125 -0.3176577 0.9078547 -0.2736666 -0.2661284 0.9313041 -0.2486934 -0.5293365 0.7793305 -0.335331 -0.3383951 0.7991951 -0.4967655 -0.1567868 0.8183507 -0.5529196 -0.3287116 0.8266742 -0.4566821 -0.6347104 0.6583876 -0.4045594 -0.7879219 0.5615129 -0.2527496 -0.824133 0.4350358 -0.3626962 -0.854433 0.4776223 -0.2045027 -0.958608 0.2265068 -0.1725268 -0.9189527 0.1785934 -0.3516112 -0.9379736 -0.03277599 -0.3451543 -0.9921142 -0.02521359 -0.122775 -0.9734103 -0.2072877 -0.09748917 -0.9090581 -0.2031245 -0.3638048 -0.8669205 -0.2070325 0.4534162 -0.9160037 -0.02105158 0.4006173 -0.9666272 -0.1503203 0.2074506 -0.9865829 0.05294817 0.1544367 -0.9892811 0.1452583 -0.01493287 -0.9924679 -0.108865 0.05617785 -0.9963515 -0.08472317 -0.01028209 -0.9738913 0.2063468 -0.09464031 -0.8847832 0.4389339 -0.1565112 -0.9206081 0.3831132 -0.07553219 -0.9133265 0.389742 0.1180506 -0.9418485 0.2209412 0.2531927 -0.8770799 0.04102975 0.4785892 -0.8471494 -0.154536 0.5083864 -0.8651939 -0.2515162 0.4337964 -0.9073091 -0.08539801 0.4117008 -0.7544679 -0.35044 0.5549505 -0.8522014 -0.2367269 0.4665975 -0.666359 -0.3012608 0.6820614 -0.6909655 -0.3005962 0.6574259 -0.8930486 -0.1127932 0.4355936 -0.6840009 -0.04677355 0.7279801 -0.9438662 -0.01838326 0.3298162 -0.9575505 0.1147381 0.2644473 -0.9695165 -0.24132 0.04245549 -0.9410594 -0.313333 0.1273956 -0.8967632 -0.3498064 0.271019 -0.8268976 -0.3716602 0.4220299 -0.8113002 -0.3046458 0.498982 -0.8250632 -0.1791933 0.5358737 -0.8162583 -0.3055902 0.490242 -0.8357555 -0.2462049 0.4908115 -0.7905218 -0.2249385 0.5696297 -0.7744431 -0.2416529 0.5846726 -0.8126319 -0.1458582 0.5642294 -0.7802568 -0.2646521 0.5667088 -0.7430778 -0.3619734 0.5628594 -0.86591 -0.2103654 0.4538133 -0.7018606 -0.3569824 0.6164051 -0.8329867 -0.2306649 0.5029185 -0.9049636 0.1856007 0.382875 -0.8332009 0.4846655 0.2662249 -0.8793305 0.4734508 0.05120837 -0.8730696 0.4738028 0.115154 -0.8616954 0.5051703 -0.04779428 -0.8207518 0.5397326 -0.1872308 -0.7918134 0.5745065 -0.2073014 -0.8096156 0.128116 0.572808 -0.9347217 0.07805383 0.3467031 -0.8071444 0.1343261 0.5748691 -0.8186104 0.1919823 0.5413133 -0.9332305 0.1393503 0.331153 -0.8412429 0.06282377 0.5369951 -0.7626774 0.1207307 0.6354112 -0.3783636 0.1085097 0.9192751 -0.7302199 0.1741181 0.6606527 -0.9280282 0.06184738 0.3673397 -0.9537194 0.04916214 0.2966518 -0.8728719 0.3104629 0.3764405 -0.9573565 0.263364 0.1187781 -0.8511255 0.362039 0.3801491 -0.6929262 0.2534514 0.6749932 -0.6046152 0.1751716 0.777017 -0.8034839 0.03886914 0.5940563 -0.6294592 0.204052 0.7497625 -0.648768 0.1586595 0.7442629 -0.7116059 0.1099067 0.6939292 -0.8574759 0.1714238 0.4851277 -0.9381994 0.199115 0.2830818 -0.9468805 0.203156 0.2492889 -0.9353893 0.02335 0.3528481 -0.936856 0.008508265 0.3496119 -0.3511843 0.2995058 0.8871111 -0.4597413 0.6650903 0.5884666 -0.6707071 0.7056954 0.2283552 -0.6740676 0.7223177 -0.154564 -0.7595456 0.6447793 -0.08573347 -0.5588085 0.7890347 0.2552598 -0.7168427 0.3913934 0.5770162 -0.3840346 0.5125867 0.7679663 -0.07153308 0.8612365 0.503145 -0.1131982 0.7774782 0.6186387 -0.415003 0.3799203 0.8267001 -0.3353075 0.4187813 0.8439142 -0.1380676 0.820827 0.5542387 -0.09140354 0.8334084 0.5450466 -0.3477563 0.4851304 0.802318 -0.4848899 0.4999002 0.7176222 -0.1455616 0.9102755 0.3875698 -0.5576617 0.8291501 0.03903532 -0.6872664 0.5751523 0.4436946 -0.7047114 0.3350988 0.6253725 -0.5192172 0.3437511 0.7824633 -0.6746416 0.2489899 0.6948833 -0.9321638 0.3349086 0.1375027 -0.8586263 0.5000644 -0.11268 0.2685544 0.9609948 0.06608819 -0.1715656 0.9724916 -0.1575611 -0.1703494 0.9050997 -0.3895841 0.09358966 0.8820923 -0.4616864 0.15092 0.9158886 -0.3719831 0.2933 0.9559134 0.01430934 0.2788628 0.7255693 0.6291142 -0.4013612 0.3442749 0.8487544 0.03341203 0.673456 0.7384719 -0.1936742 0.6488277 0.7358757 -0.4154646 0.3143738 0.8535563 -0.4037123 0.2371203 0.8836234 -0.4892475 0.689282 0.5343475 -0.8037554 0.5539345 0.2171033 -0.6464045 0.4191687 0.6375414 -0.8355712 0.5165002 0.1872119 -0.9696313 0.03133642 -0.2425559 -0.8879253 0.2453023 -0.3891212 -0.8247997 0.3751567 -0.42304 -0.8326469 0.3376656 -0.4389548 -0.8200298 0.2676115 -0.5059005 -0.8188764 0.2701572 -0.5064154 -0.9501433 0.2331281 -0.2070725 -0.9774684 0.1064898 -0.182251 -0.937814 0.0855689 -0.336427 -0.9026783 -0.05221801 -0.4271361 -0.9987843 0.03978222 -0.02910888 -0.7762275 0.1488811 0.6126216 -0.9113906 0.1676511 0.3758463 -0.6807783 0.1727587 0.7118254 -0.7907387 -0.0160166 0.6119444 -0.6158533 0.04418975 0.7866206 -0.2623566 -0.1532074 0.9527311 -0.3441804 0.1353482 0.9290967 -0.6475418 -0.01041156 0.7619588 -0.9459533 0.05410075 0.3197585 -0.8794165 0.0205084 -0.4756113 -0.9817515 0.08027917 -0.1723929 -0.9972662 0.01910591 -0.07138037 -0.9857331 0.1588824 0.05555754 -0.9240752 0.2631935 0.2771537 -0.8842462 0.2968009 -0.36058 -0.9313197 0.3258862 -0.1626092 -0.97007 0.2122934 0.1178799 -0.602805 0.7795453 -0.170104 -0.8261702 0.3956823 0.4010967 -0.7745965 0.5805043 -0.251028 -0.7930593 0.01122307 0.6090411 -0.9332535 0.2124311 0.2896741 -0.9389177 0.1971833 0.2820502 -0.9538817 0.1075829 0.2802423 -0.8835359 0.3473204 0.3142179 -0.942647 0.2696272 0.1967689 -0.9167093 0.3689663 0.1533229 -0.9474018 0.2980713 0.1165474 -0.9852511 0.1575791 0.06670308 -0.9315986 -0.01769518 0.3630577 -0.7858183 -0.1499368 0.6000072 -0.6483801 -0.2456867 0.720584 -0.6621667 -0.1525797 0.7336585 -0.6742889 -0.2027003 0.7101036 -0.7041079 -0.1072276 0.7019504 -0.7850927 -3.80764e-5 0.6193783 -0.8500998 -0.01327121 0.5264544 -0.8239405 0.05113399 0.5643647 -0.8522034 -0.002320528 0.5232056 -0.3324605 0.3296612 0.8836252 -0.2264021 0.272976 0.9350007 -0.09464031 0.2815026 0.954882 -0.1262394 0.3259125 0.9369337 -0.1122741 0.3488177 0.9304412 -0.6489763 0.3580175 0.6713072 -0.4555009 0.1287941 0.8808695 -0.7109982 0.2630625 0.6521348 -0.6800225 0.2242764 0.6980469 -0.222868 0.09052067 0.9706369 -0.4223685 0.106977 0.9000894 -0.5060463 -0.2046557 0.8378742 -0.6826562 0.1739799 0.7097264 -0.9830473 0.1284478 0.1308409 -0.8858684 0.0690338 0.4587718 -0.8450769 4.49583e-5 0.5346449 -0.6776761 -0.1223155 0.7251166 -0.621773 -0.1279466 0.7726759 -0.6040198 -0.1780096 0.7768351 -0.339011 -0.2067028 0.9177939 -0.268254 -0.2095567 0.9402797 -0.1971611 -0.1497027 0.9688739 -0.5657179 -0.01418411 0.8244768 -0.4735627 -0.02093118 0.8805114 -0.2359516 -0.09605664 0.9670057 -0.4474641 0.102382 0.8884221 -0.2467332 -0.02337276 0.9688016 -0.556392 0.1345082 0.8199607 -0.5244216 0.06686234 0.8488296 -0.8668162 0.2636256 0.4232389 -0.9679107 0.1036503 -0.2289227 -0.9132618 0.391296 -0.1133162 -0.9938796 0.1085159 0.02068412 -0.1591377 0.5411955 0.8257013 -0.2836538 0.2397115 0.9284821 -0.2760007 0.3223215 0.9055012 -0.3153612 0.3095167 0.8970768 -0.4548501 0.2677373 0.8493694 -0.4634165 0.2429443 0.8521875 -0.9690264 0.1985785 -0.1468145 -0.7860341 0.4699688 0.4015966 -0.6986124 0.3927613 0.598063 -0.7511025 0.3713309 0.5458557 -0.7325884 0.3822264 0.5632205 -0.8642579 0.4325222 0.2568712 -0.3531593 0.3566287 0.8649246 -0.5467437 0.2851586 0.7872458 -0.5558987 0.2205743 0.801451 -0.2112602 0.228217 0.9504137 -0.8675341 -0.2434612 0.433718 -0.6313926 -0.07640373 0.7716902 -0.8954989 0.03769236 0.4434647 -0.867366 0.4106341 0.2811691 -0.7318928 0.6000381 0.3229356 -0.8443492 0.4719889 0.2535764 -0.894059 0.447903 0.006438314 -0.880629 0.4607577 0.110431 -0.8350455 0.4883345 0.2534331 -0.7865546 0.6032716 0.1318913 -0.836958 0.5463743 0.03125089 -0.9163841 0.3830369 -0.1162885 -0.7909232 0.1380439 0.5961413 -0.53764 0.03575414 0.8424161 -0.4779451 -0.03849273 0.877546 -0.4694201 -0.07010793 0.8801873 -0.425886 -0.2007364 0.8822278 -0.2343487 -0.1978204 0.9518129 -0.1888967 -0.1423425 0.9716258 -0.8935299 0.2963284 0.3373335 -0.5271574 0.1640807 0.8337761 -0.3559098 -0.04721403 0.9333269 -0.8681967 0.4471435 0.2151684 -0.8569169 0.3930836 0.3334351 -0.7244924 0.3312895 0.6044487 -0.1498895 -0.1879031 0.9706831 -0.2735078 -0.215894 0.9373278 -0.05103278 -0.2964932 0.9536706 -0.03660863 -0.3475353 0.936952 0.1732609 -0.3684276 0.9133684 0.5193021 -0.293481 0.8026173 0.3196592 -0.3351993 0.8862615 0.1027936 -0.2238911 0.9691781 -0.2874428 -0.2576348 0.9224972 -0.3800967 -0.08881008 0.9206733 0.6212307 -0.3128392 0.7184734 0.4030694 -0.3337608 0.8521379 0.1353434 -0.2251202 0.9648851 -0.1528779 -0.1783698 0.9720147 0.4014862 0.5736379 -0.7139667 0.4198145 0.6065293 -0.6751874 0.04871785 0.6743478 -0.7368051 -0.09124809 0.9059983 -0.4133291 -0.5772862 0.7233234 -0.3788722 -0.3716392 0.6952627 -0.6152189 -0.4935778 0.6715055 -0.5526855 -0.3009405 0.7559258 -0.5813872 -0.1940364 0.6058778 -0.7715322 -0.05536872 0.6208523 -0.7819698 -0.09913402 0.592463 -0.7994748 0.004007101 0.6552262 -0.7554221 0.01673376 0.5624422 -0.8266673 0.4817602 0.4172688 -0.7705803 -0.003410935 0.622289 -0.7827802 -0.155793 0.6142988 -0.7735409 -0.2841314 0.6400696 -0.713849 -0.2335972 0.6656928 -0.708721 0.08878248 0.6588479 -0.7470188 -0.2381823 0.672573 -0.7006531 -0.4361356 0.6765592 -0.593341 -0.192261 0.6436843 -0.7407472 0.03805029 0.6606367 -0.7497409 0.3208744 0.6251546 -0.7114924 0.6262052 0.5005398 -0.5977684 -0.184958 0.8359901 -0.5166344 -0.5695012 0.7818901 -0.2536069 -0.6468086 0.7324028 -0.2126617 -0.6748104 0.673559 -0.301578 -0.7561334 0.5691106 -0.3230718 -0.6818567 0.6321439 -0.3680567 -0.8305627 0.5233196 -0.1905314 -0.578431 0.6279936 -0.5206167 -0.7136015 0.6109027 -0.3428862 -0.371806 0.6674453 -0.6451954 -0.7399384 0.6277142 -0.2417976 -0.8501231 0.5217544 0.07115584 -0.7873719 0.5979166 -0.1501379 -0.4968332 0.640147 -0.5859768 -0.1982548 0.6944857 -0.6916536 -0.4782115 0.7352263 -0.4803707 -0.607783 0.6807883 -0.4088118 -0.6891725 0.6618763 -0.2948917 -0.5220092 0.699083 -0.4886609 -0.6857881 0.6936252 -0.2204064 -0.4948759 0.8263799 -0.2686899 -0.5253684 0.844819 -0.1013366 -0.7578292 0.6469227 -0.08477056 -0.7519291 0.6284677 -0.1990754 -0.8039146 0.5646343 -0.1868411 -0.7909119 0.6032738 -0.1025636 -0.7359394 0.6642618 0.1309562 -0.777108 0.6256443 0.06835526 -0.5431224 0.6489544 0.5328006 -0.8157501 0.5363989 0.216398 -0.06616318 0.3674793 0.9276753 -0.3916506 0.3741237 0.8406196 -0.8910288 0.4531425 -0.02701026 -0.8051136 0.4868533 0.3387715 -0.8822647 0.4356431 0.1783932 -0.8178142 0.5750071 -0.02338081 -0.5462622 0.7014346 -0.4578071 -0.5637237 0.7899843 -0.2411232 -0.7614032 0.6325341 0.1420069 -0.7907189 0.56074 0.2456306 -0.7887251 0.5805476 0.202181 -0.9456412 0.3252083 0.001559555 -0.9077103 0.3947805 -0.1421633 -0.7893307 0.5664139 0.236923 -0.593526 0.6187927 0.5146093 -0.8205252 0.5348142 -0.201773 -0.8147181 0.5484985 0.1881063 -0.4954125 0.8574846 0.1388767 -0.01648062 0.8266738 0.5624402 0.609532 0.5053216 0.6108363 0.607455 0.4539189 0.6518865 0.2388392 0.4068186 0.8817338 -0.2209017 0.8015885 -0.5555703 -0.007183074 0.9707307 -0.2400632 0.1796229 0.8882376 -0.4228115 0.2300136 0.9731689 0.006027042 0.3637333 0.8916462 -0.2695648 0.4009037 0.7341428 -0.548006 0.1209506 0.7505769 -0.6496194 -0.3630999 0.9254962 0.1077739 0.01007723 0.9553986 0.2951473 0.4054999 0.9089911 0.0964632 0.5680296 0.8141964 -0.1201121 0.6329627 0.6772632 -0.3750639 0.3375829 0.6684001 -0.6627814 0.09451788 0.6585623 -0.7465668 0.9234917 0.1112146 0.3671435 0.9652357 0.2538204 0.06241357 0.9591624 0.2810321 0.03207117 0.9239988 0.361752 -0.1239425 0.9261273 0.3489663 -0.143216 0.8468086 0.4170144 -0.330173 0.9261093 0.3644727 -0.09737217 0.8541491 0.4469267 -0.2658684 0.8222906 0.5478041 -0.1541064 0.732201 0.6805149 0.02795082 0.5965077 0.7740622 0.2121467 0.809431 0.560963 0.1736145 0.9005659 0.4347196 1.73501e-4 0.9510671 0.3038095 0.05631297 0.9307043 0.2206658 0.2917125 0.9280062 0.2480656 0.2779713 0.9260396 0.3550057 0.1281477 0.8276895 0.4545001 0.3291805 0.2333561 0.9005937 0.3667098 0.4231135 0.8009318 0.4236549 0.6383389 0.6578972 0.3996185 0.57049 0.5462018 0.6133554 0.8761335 0.2541168 0.409652 0.8867045 0.1346115 0.4423062 0.9360238 0.1534996 0.3166976 0.9076253 0.06314963 0.4150045 0.8959461 0.08076602 0.4367579 0.8999105 0.09366452 0.4258971 0.8469843 0.1223515 0.5173469 0.5141011 0.1066906 0.8510683 0.3198956 0.3329362 0.887029 0.0896793 0.1656584 0.9820973 -0.02959662 0.3816395 0.9238374 0.1401903 0.3722565 0.9174813 0.08154255 0.4977706 0.863467 -0.2196928 0.5257706 0.8217666 -0.3780145 0.6842118 0.6236661 -0.003809928 0.3739279 0.92745 0.1590933 0.1897898 0.9688494 0.7929112 0.1500777 0.5905665 0.6728287 0.3827616 0.6330838 0.1656869 0.494991 0.8529548 0.01558274 0.4590573 0.8882701 -0.1385148 0.5660268 0.8126669 -0.4938846 0.7049062 0.5091024 -0.5532364 0.7284036 0.4041754 -0.2534811 0.7400024 0.623012 0.1039742 0.6570261 0.7466633 0.3520441 0.6337488 0.688787 0.1724413 0.5195004 0.8368892 0.03462636 0.4573903 0.8885917 0.1097844 0.2257507 0.9679794 0.2860528 0.1158115 0.9511896 0.6555861 0.09444534 0.7491909 0.8013733 -0.02570718 0.5976119 0.4424412 0.03157532 0.8962416 0.9104139 -0.1297739 0.3928172 0.7610682 0.08286446 0.6433574 0.8992697 -0.07228982 0.4313795 0.5721876 0.22508 0.7886319 0.8459183 -0.04248499 0.5316176 0.6739343 0.1877197 0.7145445 0.6433009 0.4921445 0.5864791 0.3742519 0.4609494 0.8046499 0.2672192 0.2668911 0.9259391 0.3793525 0.268988 0.8852894 0.2433783 0.1336789 0.9606752 0.1893453 0.1679158 0.9674466 0.1821683 0.1400803 0.973238 0.7488719 0.4885678 0.4477638 0.820611 -0.07212424 0.5669178 0.7430837 0.1874909 0.6423969 0.8765388 0.01196759 0.4811825 0.7945791 -0.1012638 0.5986568 0.9230301 -0.003831148 0.3847087 0.8840674 0.03469699 0.4660698 0.9308552 0.09278887 0.3534104 0.9769886 0.2111123 0.03041374 0.9250046 0.3131518 -0.2151799 0.7895928 0.4587364 -0.407559 0.6692958 0.4982606 -0.551162 0.9466309 0.175911 -0.270084 0.8565682 0.2817333 -0.4323394 0.9942575 0.05954617 -0.08891725 0.9840552 0.02731478 0.1757538 0.8310385 -0.05309748 0.5536747 0.698181 0.08211803 0.7111961 0.8163468 0.08976536 0.5705438 0.7827027 -0.05828428 0.6196607 0.8980763 -0.1623787 0.4087691 0.9792903 -0.06473886 0.1918321 0.9904696 0.01852715 0.1364797 0.9817391 0.07158297 -0.1762506 0.9702283 0.2420926 0.006962239 0.971046 -0.2349474 0.04323875 0.9931418 -0.03751105 0.1107354 0.9863235 0.1563648 -0.05211752 0.8143173 0.3064481 -0.492927 0.6382285 0.7126287 -0.2912467 0.5857334 0.6633483 -0.4657098 0.4683298 0.8835081 0.008991301 0.5516957 0.6852743 -0.4754274 0.4789639 0.8771857 -0.03374761 0.4438993 0.8908926 -0.09624952 0.6156758 0.7145709 -0.3321623 0.967337 -0.230367 -0.1057842 0.9811226 -0.06935286 0.1805236 0.9104502 -0.0979464 0.4018545 0.9869686 -0.1339337 0.08918881 0.9893259 -0.09934467 -0.1066071 0.9430872 0.0175997 -0.3320796 0.794915 0.2949137 -0.5302228 0.7994478 0.1403138 -0.5841192 0.5880588 0.3730476 -0.7176506 0.7235088 0.08771461 -0.6847198 0.6624674 0.1607856 -0.7316318 0.7284789 0.07354122 -0.6811096 0.6331325 0.3521811 -0.6892835 0.687132 0.3984745 -0.6075096 0.7463211 0.2222837 -0.6273714 0.5355122 0.3543613 -0.7665865 0.101159 0.6460118 -0.7565947 0.3184671 0.4752096 -0.8202162 0.4014786 0.4631538 -0.7901288 0.7782657 0.06495207 -0.624567 0.8380468 0.1425001 -0.5266605 0.4011347 0.71448 -0.5732446 0.5086084 0.7341597 -0.4498079 0.5706841 0.6612021 -0.4869614 0.5754698 0.5429335 -0.6116026 0.4026697 0.5229046 -0.7512841 0.7517634 0.2496665 -0.610343 0.768794 0.3793563 -0.5148249 0.5755728 0.5455612 -0.6091625 0.7677887 0.4372382 -0.4683198 0.2682703 0.6947965 -0.6672998 0.2110331 0.6482908 -0.7315628 0.4084355 0.4516518 -0.7932157 0.0220943 0.6959295 -0.7177701 -0.04023349 0.7320858 -0.6800234 -0.2507824 0.8293855 -0.4992274 -0.2481507 0.7986445 -0.5482594 0.02047181 0.7405887 -0.6716467 -0.1325572 0.7533564 -0.6441139 0.3895736 0.5736781 -0.7205039 -0.3636904 0.7486208 -0.5543431 -0.5466334 0.749994 -0.3724257 -0.4775241 0.7668207 -0.4289017 -0.4048618 0.7480532 -0.5258359 -0.4687263 0.8020373 -0.3701783 0.1687521 0.9517967 -0.2561361 0.3820916 0.9197847 -0.08945411 0.5137778 0.8576177 -0.02289658 0.5160211 0.8556191 0.04047363 0.8810483 0.471104 0.04260492 0.9786721 0.186791 0.08549964 0.9709024 0.1618158 0.1765337 0.9713258 0.1791398 0.1563172 0.9547308 -0.007182598 0.2973844 0.9819793 0.008164167 0.1888123 0.9964405 0.08428591 -0.001459658 0.9374475 0.3389518 -0.0793966 0.9620147 0.1511959 -0.2273048 0.8433771 0.5024856 -0.1903247 0.6360319 0.7562571 -0.1534239 0.7478411 0.6565855 -0.09812915 0.3918641 0.9082145 -0.1469329 0.08451306 0.9861905 -0.1424283 0.1260449 0.9549338 -0.2687271 0.9578464 -0.1058572 -0.2670667 0.9950537 -0.09871029 0.0111593 0.9672629 -0.1266888 0.2198923 0.9232677 -0.1483495 0.3543577 0.8907603 -0.184062 0.4155327 0.932398 -0.09360426 0.349102 0.8942416 -0.2105139 0.3949884 0.8968213 -0.1848883 0.4019056 0.9292921 -0.1933416 0.3146989 0.9717965 -0.03635644 0.2330016 0.9699485 -0.03561019 0.2406905 0.9284596 0.005833566 0.3713878 -0.8015257 0.5575526 -0.2160828 -0.8156664 0.4677915 -0.3403812 -0.8475049 0.5056699 0.1613487 -0.7567235 0.6470599 -0.09318304 -0.6448732 0.6739665 -0.3604274 -0.64627 0.5386092 -0.5405879 -0.4231641 0.667328 -0.6128666 -0.5058779 0.5114489 -0.6946277 -0.2844496 0.5710766 -0.770039 -0.3668143 0.5232626 -0.7691838 -0.415146 0.5309537 -0.7387436 -0.5290459 0.4942705 -0.6897879 -0.6429471 0.4764322 -0.5996929 -0.6912134 0.4486784 -0.5664907 -0.8339866 0.4033727 -0.376506 -0.7796072 0.4012174 -0.4808713 -0.8308553 0.3918716 -0.3951153 -0.6504741 0.4089807 -0.6400142 -0.7671603 0.4520581 -0.4550918 -0.6917517 0.4355725 -0.5759829 -0.9506308 0.2997748 -0.0802263 -0.9274793 0.3494538 -0.1329073 -0.927007 0.3729751 -0.039339 -0.9017282 0.4239783 0.084432 -0.7757026 0.4238021 0.4676295 -0.6990687 0.5488957 0.4582757 -0.7507514 0.6417221 0.1567335 -0.6266858 0.5121831 -0.5873104 -0.5311118 0.6144753 -0.5833871 -0.6417098 0.4888091 -0.5909942 -0.7385484 0.4178109 -0.5291318 -0.7804627 0.3017963 -0.5475373 -0.8234434 0.3600732 0.4385069 -0.6212769 0.3222878 0.7142449 -0.5810798 0.3954126 0.7113334 -0.3855585 0.2881234 0.8765442 -0.3990489 0.2179382 0.8906531 -0.3885595 0.1703817 0.905534 -0.3771297 0.07631146 0.9230113 -0.4488766 -0.08625632 0.8894211 -0.4420831 -0.1868507 0.8772966 -0.6059909 -0.004675924 0.7954578 -0.6373661 0.186308 0.747699 -0.6379104 0.2741972 0.7196432 -0.5812633 0.451458 -0.6769924 -0.5054205 0.5036147 -0.7006586 -0.5473285 0.5704941 -0.6123464 -0.6809583 0.6804607 -0.2706828 -0.6737233 0.7296956 -0.1167958 -0.679673 0.7328963 -0.03012984 -0.5063502 0.7895533 -0.3467208 -0.2293823 0.7456606 -0.6255991 0.001624584 0.7928811 -0.6093744 -0.7902637 0.5160663 -0.3303921 -0.8497103 0.5108091 -0.1306396 -0.8612627 0.474868 -0.1809061 -0.8581077 0.3487272 -0.3768828 -0.6682775 0.3326994 -0.6653694 -0.6290208 0.3703768 -0.6834867 -0.6015274 0.4030674 -0.6897112 -0.7456626 0.3706182 -0.5537412 -0.7937241 0.4133442 -0.4462609 -0.8553724 0.4379026 -0.27673 -0.7780766 0.4325142 -0.4555526 -0.8012439 0.4372297 -0.4084588 -0.8481769 0.3559952 -0.3922543 -0.8236687 0.465155 -0.3243467 -0.8437186 0.3227237 -0.4289386 -0.7599356 0.3641323 -0.5384289 -0.8053926 0.3007932 -0.5107507 -0.7456245 0.4893581 -0.4522973 -0.8494746 0.2837827 -0.4448151 -0.8888282 0.2429568 -0.3885312 -0.6089829 0.5016591 -0.6143925 -0.6682184 0.3287454 -0.6673909 -0.840458 0.2440131 -0.4838263 -0.548726 0.4094911 -0.7288463 -0.7810257 0.3335953 -0.5279329 -0.7774864 0.3169714 -0.5431796 -0.5721826 0.4209635 -0.7038444 -0.5644263 0.3458002 -0.7495634 -0.5249893 0.5529974 -0.6469777 -0.7225787 0.5966849 -0.3490662 -0.9054066 0.4146908 -0.09094321 -0.5489298 0.7134482 -0.4355088 -0.5193588 0.6396451 -0.5666751 -0.6396698 0.4043817 -0.6536803 -0.8177166 0.3440976 -0.4614505 -0.771613 0.4647969 -0.4342548 -0.8411979 0.3680881 -0.3961026 -0.7921799 0.3036279 -0.5293971 -0.5584149 0.455452 -0.6933515 -0.4135718 0.4550219 -0.7886149 -0.5863389 0.6435791 -0.4919478 -0.7804248 0.4977766 -0.3783591 -0.8509321 0.4175093 -0.3187484 -0.8357095 0.3808835 -0.3956231 -0.8188156 0.4142146 -0.397451 -0.9152882 0.2607736 -0.3069933 -0.85232 0.3349982 -0.4016553 -0.8285577 0.2630659 -0.4942554 -0.928508 0.01433563 -0.3710358 -0.9962723 -0.08049368 0.03102147 -0.9268426 -0.3352537 0.1690197 -0.9613348 0.06682306 -0.2671521 -0.9417016 0.1606348 -0.2956259 -0.8281581 0.4467661 -0.3384587 -0.9837357 0.07989472 -0.1608754 -0.865665 0.4457257 -0.2279315 -0.9012399 0.2946843 -0.3176915 -0.9675322 0.2503942 -0.03441512 -0.6658359 0.4886887 -0.5637784 -0.8911743 0.3250185 -0.3164986 -0.3820551 0.6045978 -0.6989246 -0.5128717 0.7340454 -0.4451293 -0.1396349 0.7215082 -0.6781799 -0.7549099 0.5790363 -0.3079417 -0.7876379 0.5121935 -0.3424681 -0.8426391 0.4286001 -0.3259775 -0.793994 0.4487156 -0.4101558 -0.8764204 0.3433527 -0.3376334 -0.7247837 0.5979424 -0.3422772 -0.7467405 0.6101595 -0.2647339 -0.5350019 0.6849603 -0.4945729 -0.6852271 0.602954 -0.4085467 -0.7037774 0.614729 -0.3560977 -0.7840536 -0.3360266 0.5218679 -0.5292457 -0.562053 0.6356064 -0.9855624 0.06014013 -0.1582718 -0.8759498 0.281011 -0.3921033 -0.946262 0.2850404 -0.1527752 -0.9490286 0.1340724 0.2852535 -0.3517686 -0.717966 0.6006528 -0.4761984 -0.2954204 0.8282282 -0.8239559 0.4705953 -0.3156529 -0.7872555 0.607369 -0.1064508 -0.5348677 0.8448422 0.01257985 -0.0141431 0.9602958 0.2786251 0.4084464 0.8797543 0.2433187 0.5236191 0.8516889 -0.02119517 0.509656 0.8160915 -0.2724801 0.4435327 0.7136515 -0.5421994 0.3875101 0.7515431 -0.5338717 0.4249507 0.7575414 -0.4955279 0.4090563 0.8305599 -0.377946 0.3195765 0.7845098 -0.5314275 0.5006038 0.6529182 -0.5684134 0.6005736 0.6679413 -0.4395062 0.6479196 0.6819953 -0.3392382 0.639441 0.7666256 0.05831366 0.5626451 0.8206566 -0.09976607 0.4132007 0.8611212 0.2962018 0.3477787 0.9374665 -0.01437693 -0.0547564 0.9767913 0.207076 -0.1845833 0.8652064 -0.4662047 0.3008464 0.8102017 -0.5030553 0.1196528 0.7320727 -0.6706361 -0.162199 0.6893197 -0.7060665 -0.4237036 0.6077132 -0.6716844 -0.6169946 0.618695 -0.4863478 -0.7509903 0.4327974 -0.4986982 0.3637364 0.9067772 -0.2131929 0.4253847 0.7328405 -0.5310299 0.4282735 0.6214197 -0.6560636 0.4949502 0.6574042 -0.5681937 0.5959172 0.6606534 -0.4565303 0.197704 0.6942364 -0.6920614 0.1494314 0.7798761 -0.6078352 0.00617522 0.9842975 -0.1764101 -0.4303529 0.8335826 -0.3463184 -0.2784219 0.733416 -0.6201469 -0.6720479 0.7289276 -0.1304464 -0.4366071 0.8541971 0.2823501 0.1070902 0.8553166 0.5069173 0.1047127 0.9711957 -0.2140426 0.2553275 0.9042959 -0.3421359 -0.1893034 0.7501865 -0.6335491 -0.2891758 0.8363456 -0.4657289 -0.5820875 0.8130941 0.007222175 -0.4383251 0.8210594 -0.3656949 -0.7784909 0.599669 -0.1853355 -0.8387097 0.5433654 -0.03633368 -0.9402016 0.3404273 -0.01140707 -0.9295272 0.1852194 0.3188621 -0.3144636 0.8151842 0.4864023 -0.04696124 0.9979874 -0.04261261 -0.2074448 0.9487391 -0.2384548 -0.7065941 -0.3682644 0.6042401 -0.6862044 -0.4267069 0.589105 -0.7624351 -0.2109668 0.6117072 -0.4622169 -0.7049247 0.5379933 -0.53139 -0.4500722 0.7176767 -0.5898556 -0.2156948 0.7781686 -0.4604448 -0.2880743 0.8396451 -0.445609 -0.164451 0.8799935 -0.5888574 -0.1783752 0.7883079 -0.7609001 -0.1699125 0.6262275 -0.6427155 -0.09258031 0.7604905 -0.7445588 -0.09564226 0.6606701 -0.1454463 -0.2255558 0.9633121 0.1630102 -0.2822908 0.9453781 0.4836373 -0.309327 0.8187867 0.6389346 -0.3069202 0.7053812 0.7159497 -0.2777152 0.6405391 0.7352283 -0.329308 0.592449 0.6592444 -0.3766617 0.6507863 0.6551288 -0.36598 0.6609575 0.7948341 -0.3239774 0.5131055 0.8084241 -0.2977611 0.5077291 0.7880606 -0.3682167 0.4933328 0.6646632 -0.3985027 0.6319957 0.6407755 -0.5737195 0.5101497 0.6633239 -0.3940149 0.6362026 0.6000119 -0.3636059 0.7125844 0.8432813 -0.3114082 0.4380659 0.7934752 -0.320617 0.5173026 0.7742529 -0.4489961 0.4460212 0.7638665 -0.3947459 0.5105721 0.7865171 -0.3563936 0.5043556 0.7781254 -0.3136565 0.5441881 0.6325132 -0.5191918 0.5747756 0.8921298 -0.2809702 0.3537797 0.8048487 -0.4731308 0.358282 0.6213102 -0.6649386 0.4145243 0.6353922 -0.6041731 0.4808864 0.6526521 -0.5645449 0.5053063 0.4549685 -0.7462232 0.4859576 0.4147052 -0.7308777 0.5420678 0.3096671 -0.8424213 0.4409452 0.3041285 -0.8144324 0.494172 0.1824746 -0.8870427 0.4240971 0.3275415 -0.8021376 0.4992914 0.4513589 -0.6429941 0.6187357 0.4955665 -0.458217 0.7378693 0.3429527 -0.8069301 0.4808818 0.1900555 -0.8733714 0.4484434 0.07339966 -0.8885285 0.4529123 0.6300069 -0.6906677 0.3550628 0.4183942 -0.8465675 0.329044 0.401308 -0.8702267 0.2857577 0.2161162 -0.9505824 0.2229055 0.2394868 -0.9322639 0.2711643 0.1285215 -0.9643833 0.2311865 0.2713417 -0.9085634 0.3176259 0.1537753 -0.9530023 0.2610363 0.3109155 -0.8777877 0.3644455 0.4518967 -0.7864837 0.4209902 0.4319319 -0.8227868 0.3694006 0.1693522 -0.9154377 0.3650941 0.1732408 -0.9361289 0.3060235 0.08699935 -0.9664565 0.2416466 0.08476233 -0.9733626 0.2130275 0.07945597 -0.9836284 0.1617465 0.02332246 -0.9888796 0.1468786 0.05751276 -0.9939475 0.09359884 0.01789665 -0.9973507 0.07050788 0.008349657 -0.9997677 -0.01987361 -0.0376569 -0.9991576 -0.016312 -0.001220405 -0.9916791 -0.128729 -0.04902094 -0.9912675 -0.1224167 -0.05384659 -0.9701782 -0.2363365 -0.08987283 -0.990399 -0.1050376 -0.07664895 -0.997055 0.00252515 -0.07245737 -0.9927052 0.09636598 -0.03086501 -0.996985 0.07119238 -0.02137178 -0.9904243 0.1363933 -0.07441806 -0.9847357 0.1573457 -0.01584976 -0.9813014 0.1918238 -0.06861436 -0.9763178 0.2051725 0.03741449 -0.9797561 0.1966677 0.04420584 -0.9721949 0.229963 0.03791755 -0.9624487 0.2688027 -0.004177749 -0.9737312 0.2276623 0.08084714 -0.9340378 0.3479044 0.06714653 -0.944334 0.322063 0.08975553 -0.9581132 0.2719617 0.02152264 -0.952008 0.3053157 0.01831752 -0.9476413 0.3188112 0.008617758 -0.9450951 0.3266819 0.00268346 -0.9500195 0.3121792 0.005078136 -0.9537572 0.3005352 0.003914356 -0.9644097 0.2643834 -0.05711239 -0.9720538 0.2277054 -0.08898383 -0.9603603 0.2641783 -0.1123794 -0.9651723 0.2362488 -0.1237583 -0.9658312 0.2277148 -0.1406601 -0.9716961 0.1897937 -0.1573691 -0.9774022 0.1411379 -0.1728689 -0.9839643 0.04393804 -0.1824405 -0.9806719 -0.07069718 -0.2055281 -0.9628674 -0.1750559 -0.3499441 -0.92132 -0.1694369 -0.3329549 -0.942503 -0.02879548 -0.314892 -0.9444752 0.09385985 -0.2835299 -0.9435834 0.171059 -0.2656202 -0.9393168 0.2170946 -0.2392194 -0.9381638 0.2502455 -0.2135407 -0.9363715 0.2785837 -0.187644 -0.9343695 0.302892 -0.1442982 -0.9296319 0.3390613 -0.04876583 -0.954339 0.2947187 -0.09873032 -0.9277352 0.3599442 -0.02369195 -0.9467901 0.3209786 -0.04699933 -0.9309344 0.3621494 -0.0708245 -0.9289912 0.3632622 -0.01179146 -0.9459169 0.324195 -0.005331695 -0.9511005 0.3088356 -0.01589494 -0.9550767 0.2959325 -0.03359627 -0.9647533 0.261003 -0.1876819 -0.8767932 0.4427293 -0.3959615 -0.8556354 0.3333203 -0.3497003 -0.8613918 0.368394 -0.2885152 -0.8644697 0.4116445 -0.2262795 -0.8709334 0.4362027 -0.3580141 -0.7829846 0.5086858 -0.4102172 -0.7888795 0.4575924 -0.4638496 -0.7900256 0.400878 -0.5258499 -0.7620307 0.3778774 -0.569483 -0.7420852 0.3535515 -0.4179999 -0.8577243 0.2993077 -0.4170939 -0.8654354 0.2775864 -0.5748001 -0.745246 0.3379544 -0.597677 -0.7501978 0.2828171 -0.4225902 -0.8789606 0.2210108 -0.6395367 -0.7512528 0.1631321 -0.4509122 -0.8844508 0.1201052 -0.4947282 -0.8689973 -0.009375691 -0.6567685 -0.7539759 0.01324719 -0.6448302 -0.7481928 -0.1562103 -0.4939112 -0.8511035 -0.1779741 -0.4598963 -0.822436 -0.3348051 -0.5849924 -0.7355065 -0.341781 -0.4859896 -0.7204754 -0.4947013 -0.4154193 -0.7899008 -0.4510915 -0.384559 -0.6188082 -0.684975 -0.5473218 -0.5825451 0.6008995 -0.5342908 -0.60914 0.5860732 -0.5854722 -0.6057778 0.5387538 -0.6388443 -0.5973722 0.4847931 -0.6870858 -0.5835788 0.4328384 -0.7178248 -0.5592693 0.4146632 -0.7202527 -0.5800669 0.3804714 -0.772666 -0.5655553 0.2883302 -0.8269847 -0.5328188 0.1794452 -0.8518063 -0.5211982 0.05271303 -0.8525683 -0.5080644 -0.1224669 -0.7921642 -0.4858307 -0.3693838 -0.6527557 -0.4545811 -0.6060248 -0.46829 -0.3033849 -0.8298568 -0.2703171 -0.242948 -0.9316142 -0.2230938 -0.5578113 -0.7994221 -0.06019562 -0.6004573 -0.797388 -0.07645517 -0.2446763 -0.9665858 0.005837261 -0.229319 -0.9733339 -8.93348e-5 -0.5749578 -0.8181831 0.09383046 -0.2018333 -0.974915 0.04324018 -0.9248142 0.3779535 -0.08659231 -0.9055179 0.4153786 -0.1603618 -0.8944665 0.4173893 -0.3095724 -0.8352829 0.4543871 -0.3413279 -0.7855141 0.5162006 -0.5447193 -0.615063 0.5700689 -0.7515591 -0.1621339 -0.6394308 -0.2241503 -0.8688769 0.4413723 -0.1296768 -0.8682807 0.4788244 -0.3378311 -0.7365435 0.5859811 -0.430901 -0.4480739 0.783297 -0.2418324 -0.6130021 0.7521607 0.0448547 -0.7381952 0.6730943 0.2806161 -0.7632391 0.5819972 0.5420941 -0.6032665 0.5849816 0.6724964 -0.3449798 0.6547806 0.4295006 -0.4629676 0.7753645 0.1309641 -0.4476583 0.8845623 -0.2013311 -0.3636019 0.9095381 0.9702966 0.2070431 0.1251314 0.7541859 0.6130513 0.2353125 0.722029 0.6620963 0.2007552 0.9745481 0.1939051 0.1125026 0.9500018 -0.007539987 0.3121534 0.9559429 0.1765142 0.2345548 0.9156818 0.1916533 0.3532647 0.8806799 0.2459502 0.4048597 0.7531375 0.6182323 -0.2248844 0.7134923 0.6908642 -0.1167708 0.8030003 0.03980517 0.5946478 0.7267347 -0.01120454 0.6868269 0.9264726 0.1743267 0.3335547 0.3139863 0.89781 -0.3087877 0.4527369 0.8181395 -0.3545097 0.4141002 0.8907506 -0.1873083 0.4912362 0.8013536 -0.3413492 0.4014618 0.8804751 -0.2521752 0.4166136 0.7351589 -0.534766 0.4657475 0.8160092 -0.342357 0.5827584 0.799919 -0.1432566 0.4290291 0.7228373 -0.5417014 0.1593476 0.8754716 -0.4562431 0.5603892 0.7946884 -0.2333121 0.06817716 0.7467591 -0.661591 0.0826804 0.8868211 -0.4546563 0.3147488 0.9292729 -0.1933524 0.158683 0.8744108 -0.4585039 0.458438 0.8790991 -0.1304583 0.3388453 0.9218345 -0.188162 0.3724428 0.8557142 -0.3592207 0.164107 0.8887122 -0.4280882 -0.007563829 0.9236995 -0.3830431 0.02919811 0.9507051 -0.3087192 0.3395805 0.9290658 -0.1467034 0.02468913 0.9560171 -0.2922698 0.1670991 0.9114877 -0.3758568 0.2522318 0.921848 -0.2942372 0.4794385 0.7641609 -0.4315056 0.2368556 0.888207 -0.3936849 0.4584516 0.8174474 -0.3487148 0.4220972 0.8219967 -0.3823027 0.3791897 0.8335566 -0.4017446 0.3725823 0.7973878 -0.4747161 0.4731777 0.7243964 -0.5013509 0.5914621 0.7708597 -0.2365332 0.6724497 0.7052 -0.2247321 0.3330106 0.7608966 -0.5569027 0.6870257 0.7186052 -0.1077141 0.7188962 0.6373593 -0.277419 0.3976615 0.8238469 -0.403908 -0.03094321 0.8871715 -0.4604013 -0.2525359 0.8803044 -0.401609 0.5188291 0.7895668 -0.3277205 0.1628994 0.9639717 -0.2102913 0.3077318 0.9111993 -0.2738927 0.01498836 0.928901 -0.3700248 -0.1417235 0.8932659 -0.4266036 -0.1271165 0.9049156 -0.4061641 0.2785279 0.8848285 -0.3734979 0.596503 0.7360814 -0.3199507 0.7278346 0.5908724 -0.3480325 0.486494 0.8166046 -0.3106136 0.6119186 0.7411394 -0.2761665 0.5897756 0.777031 -0.2199721 0.695219 0.6663206 -0.2696061 0.7062262 0.695223 -0.1338269 0.5492231 0.777917 -0.3052856 0.5573542 0.8107116 -0.1791737 0.6948464 0.7191569 -0.001409709 0.8103958 0.5190316 -0.2717812 0.7912231 0.6056101 0.08486795 0.6573808 0.7521232 0.0464912 0.7066125 0.7035421 -0.07567894 0.6495977 0.6353168 -0.4176068 0.7275425 0.5693939 -0.3827175 0.377605 0.7843775 -0.4921042 0.6580427 0.7527477 -0.01873195 0.61557 0.7701531 0.1671463 0.7615309 0.6415758 -0.09193074 0.8333551 0.4820846 -0.2703955 0.7693627 0.637081 -0.0469982 0.7998223 0.5119202 0.3134039 0.9546882 0.2896999 0.06815099 0.9247248 0.3630452 -0.1143772 0.9121903 0.3867747 0.13533 0.9131792 0.3877373 -0.1255532 0.8869127 0.4599501 0.04280257 0.654919 0.7183203 -0.2347276 0.6905369 0.6530216 -0.3110011 0.8827119 0.3619851 0.299644 0.9218898 0.3834414 0.05560553 0.8292349 0.4876231 0.2731178 0.7051939 0.3984383 0.5864713 0.4568261 0.3954792 0.7968101 0.6080935 0.4315195 0.6663432 0.1249026 0.6941758 0.708886 0.7553928 0.5447492 0.3641844 0.3054057 0.8828782 0.3567262 0.7788168 0.6268908 0.02126646 0.4077117 0.8918073 -0.1960893 0.458118 0.805209 -0.3765189 0.1113113 0.8424433 -0.5271614 0.4306801 0.7748002 -0.4628168 0.7028178 0.6657275 -0.250707 0.8836592 0.4664227 -0.03995466 0.8859049 0.4580898 0.07298183 0.8498803 0.5255386 -0.03889513 0.5499275 0.8045979 -0.2240579 0.4755727 0.8428519 -0.2518559 0.5163787 0.7890298 -0.3328443 0.3202278 0.8513227 -0.4155765 0.2752176 0.8468958 -0.4549977 -0.001056194 0.8737816 -0.4863175 -0.1068578 0.8781734 -0.4662543 -0.1858446 0.8792652 -0.4385827 -0.2062627 0.846268 -0.491209 0.1650622 0.8420205 -0.5135717 -0.1751525 0.8091471 -0.5608944 -0.2339928 0.7973585 -0.5562976 -0.2203922 0.886109 -0.4077231 0.04372566 0.9224737 -0.3835758 -0.2156292 0.9724248 -0.08884978 -0.4952266 0.7832008 0.3759617 -0.06913715 0.5435755 0.8365082 -0.6227561 0.5329556 0.5728291 -0.02678132 0.866409 -0.4986165 -0.1267547 0.8396568 -0.5281191 -0.09467762 0.8824421 -0.4607951 0.2477581 0.8966674 -0.3668835 0.497767 0.8261424 -0.2640394 0.2435715 0.8994923 -0.3627484 -0.01622539 0.9071745 -0.4204416 -0.1916049 0.9143369 -0.3567571 -0.2372108 0.8729681 -0.4262131 -0.2811349 0.8771229 -0.3893825 0.1861425 0.909694 -0.3712246 -0.272966 0.8444602 -0.4608433 -0.06311136 0.8710922 -0.4870477 0.03022027 0.8952084 -0.4446222 0.09172409 0.8744085 -0.4764416 0.1335161 0.8511021 -0.507739 0.1627273 0.9052529 -0.3924757 -0.1124545 0.9158496 -0.3854523 0.05521738 0.9112239 -0.4081937 0.1917334 0.9284443 -0.318166 0.05709832 0.9337853 -0.3532491 0.08209246 0.8909353 -0.446649 0.02714037 0.872395 -0.4880476 -0.141219 0.8769668 -0.4593327 -0.07827186 0.9052422 -0.4176245 -0.1715917 0.8922152 -0.417742 0.2483822 0.9305986 -0.268873 0.1750106 0.9366716 -0.3033442 0.1274594 0.9505529 -0.2832019 -0.08366644 0.902296 -0.4229207 -0.2684288 0.8589116 -0.4361388 -0.5060933 0.7819855 -0.3638248 -0.5879982 0.7703263 -0.2466891 -0.5811483 0.7998204 -0.1501798 -0.6599847 0.7432678 -0.109422 -0.7251056 0.6724231 0.1485568 -0.462709 0.8486342 -0.2563601 -0.4314862 0.8016416 -0.4137519 -0.2631137 0.7920835 -0.550795 -0.8099839 0.4114164 0.4179267 -0.8362785 0.4400889 0.3270474 -0.8788532 0.4196998 0.226868 -0.937945 0.3402739 0.06688004 -0.847468 0.5063009 -0.1595537 -0.6347748 0.7225174 -0.2739154 -0.4190048 0.8421554 -0.3394249 -0.283551 0.9115071 -0.2979156 -0.1695947 0.92267 -0.3462916 0.01502579 0.942478 -0.3339307 -0.02756804 0.9324044 -0.360364 0.4521951 -0.8758546 -0.1685184 0.6807097 -0.7240141 -0.1115258 0.4956364 -0.8681229 0.02659457 0.7328487 -0.6727534 0.1016641 0.7444815 -0.6050248 0.2822982 7.68264e-4 -0.7761843 -0.6305058 0.05474138 -0.7735992 -0.6313065 0.09046685 -0.5778658 -0.8111023 0.1930724 -0.7406315 -0.6435744 0.2596358 -0.5001763 -0.826083 0.3831106 -0.5074087 -0.7718567 0.3009009 -0.7536876 -0.5843062 0.4367657 -0.7196894 -0.5397062 0.5593065 -0.5165669 -0.6483325 0.4906175 -0.7401745 -0.459822 0.6997501 -0.4717145 -0.5365029 0.8319249 -0.4506135 -0.3238035 0.5917915 -0.7309976 -0.339743 0.9066744 -0.420471 -0.03384894 0.8974431 -0.395633 0.1951164 0.8715649 -0.3298372 0.3627424 0.7186719 -0.5356062 0.4434375 0.8276656 -0.31903 0.4617248 0.8682637 -0.3072906 0.3894751 0.787648 -0.4844028 0.3807426 0.5272831 -0.7771936 0.343428 0.5098686 -0.8438298 0.1672878 0.3195407 -0.9472494 -0.02474641 0.28885 -0.9387241 -0.1880503 0.4011053 -0.8579159 -0.3210843 0.2834535 -0.1837543 -0.9412166 0.4121583 -0.1675683 -0.8955705 0.6505834 -0.1777231 -0.7383467 0.8379139 -0.1488986 -0.5250995 0.6134495 -0.7125436 0.3405311 0.3486245 -0.9107202 0.2214714 0.3211828 -0.9414762 0.1022955 0.1799879 -0.9810872 -0.07122123 0.2073827 -0.9655915 0.1569253 0.1190986 -0.9843234 0.1300886 0.09930783 -0.9948337 0.02107113 0.05223369 -0.9984834 -0.01739728 0.05193042 -0.9907157 -0.1256413 0.03829395 -0.9684386 -0.2462931 0.08545619 -0.9900687 -0.1116307 0.08682781 -0.9703738 -0.2254675 0.06617927 -0.939141 -0.3370974 0.1569845 -0.9645878 -0.2119588 0.2042043 -0.9763773 0.07062751 0.1492989 -0.9384427 -0.3115048 0.1376155 -0.9014105 -0.4105135 0.04630106 -0.9046583 -0.4236149 0.0498023 -0.8422694 -0.5367514 0.006454885 -0.8921185 -0.4517556 0.02189582 -0.9299376 -0.3670648 -0.01341503 -0.9308296 -0.3652073 -0.01374816 -0.8907595 -0.4542671 -0.023723 -0.841563 -0.5396379 -0.1177214 -0.8393692 -0.5306611 -0.1624194 -0.7553943 -0.6348224 -0.2378586 -0.8563211 -0.4584077 -0.2979483 -0.7947145 -0.5288249 -0.03700798 -0.7908154 -0.610935 -0.005246698 -0.8374941 -0.5464212 -0.3648234 -0.881432 -0.2999694 -0.3371799 -0.8408123 -0.423491 -0.1711997 -0.9045804 -0.3904165 -0.0761196 -0.8979199 -0.4335272 -0.05749326 -0.93851 -0.3404318 -0.1316175 -0.9444516 -0.3011446 -0.2292453 -0.934547 -0.2721556 -0.2480527 -0.8936122 -0.3740686 -0.104884 -0.9739127 -0.2012302 -0.01098597 -0.9648399 -0.262609 0.1476042 -0.8491708 -0.507072 0.2500787 -0.8446992 -0.4732273 0.3579792 -0.8144614 -0.456622 0.364741 -0.8353497 -0.4112846 0.2572748 -0.8832582 -0.3920008 0.2617431 -0.9133967 -0.3117645 0.9070298 -0.05809748 0.4170392 -0.9914391 0.1232647 -0.04306167 0.5667063 0.2398189 -0.7882454 0.3990839 0.49155 -0.7740225 0.9218917 0.2036334 -0.3296197 0.8158245 0.5591344 -0.1476454 -0.2252522 -0.1328653 0.9651986 0.1184924 -0.9730089 0.1980234 -0.4621679 0.8003931 -0.381801 -0.9504318 -0.09012436 0.2975853 -0.939695 -0.1356734 0.3139523 -0.9701883 0.019189 0.2415915 -0.8934512 -0.1032562 0.4371306 -0.842821 -0.2129325 0.49428 -0.8817306 -0.1781338 0.436829 0.6334608 0.5929537 -0.4971252 0.4760087 0.7693538 -0.4260408 0.3073897 0.1569846 0.9385454 0.3291482 0.8706102 -0.3656492 -0.06760156 0.9757359 0.2082539 -0.5094573 0.7012106 -0.4987555 -0.5576564 0.6227711 -0.5487948 -0.2133035 0.638872 -0.7391511 -0.2124542 0.9124407 -0.3497359 -0.201294 0.9386579 -0.2800042 -0.04219973 0.9597067 -0.2778173 -0.3120965 0.8602682 -0.4031557 -0.4335492 0.7481944 -0.5022352 -0.1269764 0.8845552 -0.4488198 -0.1250081 0.7591142 -0.6388418 -0.2357224 0.784509 -0.5735684 -0.3459225 0.7851409 -0.5137036 -0.5838547 0.607477 -0.5385959 -0.7193677 0.3368256 -0.6075019 -0.4574359 0.5103357 -0.7282238 -0.2470697 0.562052 -0.7893378 -0.1068889 0.5298876 -0.8413049 -6.00058e-4 0.5161992 -0.8564684 -1.13211e-4 0.7297956 -0.6836654 0.1093145 0.5280958 -0.8421195 0.110004 0.7580181 -0.64289 0.223308 0.5801793 -0.7832787 0.2114406 0.7836664 -0.5840889 0.3438032 0.6619973 -0.6660023 0.2988098 0.8285899 -0.4734466 0.3618217 0.8699819 -0.3349877 0.4834004 0.7110175 -0.5106647 0.3441252 0.9157652 -0.2072487 0.5596977 0.7809689 -0.2771756 0.001534819 0.8848499 -0.4658737 0.1053805 0.8955326 -0.4323384 0.1976565 0.9079792 -0.3694669 0.2579178 0.9276023 -0.2702451 0.2089812 0.9718035 -0.109201 0.1251716 0.990446 -0.05786913 -0.003578662 0.1895473 -0.9818651 0.1079283 0.2573159 -0.9602813 0.237795 0.3119379 -0.9198632 0.3940946 0.3811678 -0.8363018 0.5938145 0.4405217 -0.6732941 0.7863393 0.4705013 -0.4003739 0.869679 0.1129355 -0.4805248 0.6454378 0.1498834 -0.7489627 0.4162586 0.09519094 -0.9042497 0.2603501 0.06693643 -0.9631913 0.08878815 0.06036335 -0.9942198 0.001822292 -0.0297659 -0.9995553 -0.09349888 0.2408028 -0.9660601 -0.07791078 0.05048596 -0.9956813 -0.257698 0.2585192 -0.9309992 -0.2727043 0.0379458 -0.9613494 -0.4997369 -0.0364663 -0.8654094 -0.4981594 0.1658801 -0.8510707 -0.7768073 0.001920938 -0.6297355 -0.7299717 -0.4703012 0.4959418 -0.653158 -0.2524532 0.7138992 -0.9288771 -9.34799e-4 0.3703871 -0.948407 0.2992928 -0.1046335 -0.8031648 0.2799916 -0.5258622 -0.4853432 -0.1439704 0.8623889 -0.9006824 0.2016913 0.3848271 -0.8747434 0.3170392 0.3664836 -0.907235 0.09179162 0.4104862 0.08274769 -0.9259683 0.3684231 0.2002785 -0.8779038 0.4349406</float_array>
          <technique_common>
            <accessor source="#ems060_01_003_LOD_1_001-mesh-normals-array" count="2230" stride="3">
              <param name="X" type="float"/>
              <param name="Y" type="float"/>
              <param name="Z" type="float"/>
            </accessor>
          </technique_common>
        </source>
        <source id="ems060_01_003_LOD_1_001-mesh-map-0">
          <float_array id="ems060_01_003_LOD_1_001-mesh-map-0-array" count="26736">0.8256836 0.8604736 0.828125 0.8787842 0.8261719 0.8701172 0.8261719 0.8701172 0.828125 0.8787842 0.8222656 0.8775025 0.7109375 0.722168 0.7329102 0.7509766 0.7231445 0.7576904 0.7231445 0.7576904 0.7329102 0.7509766 0.7583008 0.7807617 0.7231445 0.7576904 0.7583008 0.7807617 0.7421875 0.7816162 0.7421875 0.7816162 0.7583008 0.7807617 0.7583008 0.8034668 0.7421875 0.7816162 0.7583008 0.8034668 0.7304688 0.7879639 0.7304688 0.7879639 0.7583008 0.8034668 0.7509766 0.8101807 0.7304688 0.7879639 0.7509766 0.8101807 0.7446289 0.8175049 0.7446289 0.8175049 0.7509766 0.8101807 0.7709961 0.8280029 0.7446289 0.8175049 0.7709961 0.8280029 0.769043 0.8365479 0.769043 0.8365479 0.7709961 0.8280029 0.7856445 0.84021 0.769043 0.8365479 0.7856445 0.84021 0.7856445 0.84729 0.7856445 0.84729 0.7856445 0.84021 0.8017578 0.8542481 0.7856445 0.84729 0.8017578 0.8542481 0.7998047 0.8648682 0.7998047 0.8648682 0.8017578 0.8542481 0.8134766 0.8724365 0.7998047 0.8648682 0.8134766 0.8724365 0.8076172 0.8806763 0.8076172 0.8806763 0.8134766 0.8724365 0.8222656 0.8775025 0.8222656 0.8775025 0.8134766 0.8724365 0.8261719 0.8701172 0.8261719 0.8701172 0.8134766 0.8724365 0.8183594 0.8649902 0.8261719 0.8701172 0.8183594 0.8649902 0.8256836 0.8604736 0.8256836 0.8604736 0.8183594 0.8649902 0.8178711 0.8571777 0.8256836 0.8604736 0.8178711 0.8571777 0.7983399 0.8422852 0.7983399 0.8422852 0.8178711 0.8571777 0.8017578 0.8542481 0.8017578 0.8542481 0.8178711 0.8571777 0.8183594 0.8649902 0.8017578 0.8542481 0.8183594 0.8649902 0.8134766 0.8724365 0.8017578 0.8542481 0.7856445 0.84021 0.7983399 0.8422852 0.7983399 0.8422852 0.7856445 0.84021 0.777832 0.8222656 0.777832 0.8222656 0.7856445 0.84021 0.7709961 0.8280029 0.777832 0.8222656 0.7709961 0.8280029 0.7509766 0.8101807 0.777832 0.8222656 0.7509766 0.8101807 0.7583008 0.8034668 0.777832 0.8222656 0.7583008 0.8034668 0.7661133 0.7991943 0.7661133 0.7991943 0.7583008 0.8034668 0.7583008 0.7807617 0.7661133 0.7991943 0.7583008 0.7807617 0.7861328 0.8037109 0.7861328 0.8037109 0.7583008 0.7807617 0.7924805 0.793335 0.7861328 0.8037109 0.7924805 0.793335 0.8164063 0.8181152 0.8164063 0.8181152 0.7924805 0.793335 0.7998047 0.7827149 0.7998047 0.7827149 0.7924805 0.793335 0.7724609 0.760376 0.7998047 0.7827149 0.7724609 0.760376 0.8110352 0.7746582 0.7998047 0.7827149 0.8110352 0.7746582 0.8237305 0.8088379 0.8237305 0.8088379 0.8110352 0.7746582 0.8330078 0.7998047 0.8237305 0.8088379 0.8330078 0.7998047 0.8422852 0.8377686 0.8237305 0.8088379 0.8422852 0.8377686 0.8164063 0.8181152 0.8237305 0.8088379 0.8164063 0.8181152 0.7998047 0.7827149 0.8764649 0.9052734 0.8603516 0.8956909 0.8657227 0.8900147 0.8657227 0.8900147 0.8603516 0.8956909 0.8447266 0.8850098 0.8657227 0.8900147 0.8447266 0.8850098 0.8496094 0.8710938 0.8496094 0.8710938 0.8447266 0.8850098 0.8388672 0.8671875 0.8496094 0.8710938 0.8388672 0.8671875 0.8354492 0.845459 0.8354492 0.845459 0.8388672 0.8671875 0.8300781 0.8526611 0.8354492 0.845459 0.8300781 0.8526611 0.8164063 0.8181152 0.8164063 0.8181152 0.8300781 0.8526611 0.8105469 0.8272705 0.8164063 0.8181152 0.8105469 0.8272705 0.7861328 0.8037109 0.7861328 0.8037109 0.8105469 0.8272705 0.7841797 0.8150635 0.7861328 0.8037109 0.7841797 0.8150635 0.7661133 0.7991943 0.7661133 0.7991943 0.7841797 0.8150635 0.777832 0.8222656 0.777832 0.8222656 0.7841797 0.8150635 0.7983399 0.8422852 0.7983399 0.8422852 0.7841797 0.8150635 0.8061524 0.8359375 0.7983399 0.8422852 0.8061524 0.8359375 0.8256836 0.8604736 0.8256836 0.8604736 0.8061524 0.8359375 0.8105469 0.8272705 0.8105469 0.8272705 0.8061524 0.8359375 0.7841797 0.8150635 0.8447266 0.8850098 0.828125 0.8787842 0.8388672 0.8671875 0.8388672 0.8671875 0.828125 0.8787842 0.8300781 0.8526611 0.8300781 0.8526611 0.828125 0.8787842 0.8256836 0.8604736 0.8300781 0.8526611 0.8256836 0.8604736 0.8105469 0.8272705 0.8164063 0.8181152 0.8422852 0.8377686 0.8354492 0.845459 0.8354492 0.845459 0.8422852 0.8377686 0.8496094 0.8710938 0.8496094 0.8710938 0.8422852 0.8377686 0.8579102 0.864502 0.8496094 0.8710938 0.8579102 0.864502 0.8657227 0.8900147 0.8657227 0.8900147 0.8579102 0.864502 0.8725586 0.8858032 0.8657227 0.8900147 0.8725586 0.8858032 0.8837891 0.8965454 0.8837891 0.8965454 0.8725586 0.8858032 0.8881836 0.8925171 0.8837891 0.8965454 0.8881836 0.8925171 0.8925781 0.9036255 0.8925781 0.9036255 0.8881836 0.8925171 0.8955078 0.9000244 0.8925781 0.9036255 0.8955078 0.9000244 0.902832 0.9058838 0.902832 0.9058838 0.8955078 0.9000244 0.9047852 0.9031372 0.902832 0.9058838 0.9047852 0.9031372 0.9091797 0.9099732 0.9091797 0.9099732 0.9047852 0.9031372 0.9106445 0.907898 0.9091797 0.9099732 0.9106445 0.907898 0.9155274 0.9117432 0.9155274 0.9117432 0.9106445 0.907898 0.9165039 0.9101563 0.9165039 0.9101563 0.9106445 0.907898 0.9121094 0.9058838 0.9165039 0.9101563 0.9121094 0.9058838 0.9145508 0.9043579 0.9145508 0.9043579 0.9121094 0.9058838 0.9077149 0.9007568 0.9077149 0.9007568 0.9121094 0.9058838 0.9047852 0.9031372 0.9047852 0.9031372 0.9121094 0.9058838 0.9106445 0.907898 0.8740234 0.8568115 0.8666992 0.8614502 0.8569336 0.826294 0.8569336 0.826294 0.8666992 0.8614502 0.8496094 0.831543 0.8569336 0.826294 0.8496094 0.831543 0.8330078 0.7998047 0.8330078 0.7998047 0.8496094 0.831543 0.8422852 0.8377686 0.8422852 0.8377686 0.8496094 0.831543 0.8666992 0.8614502 0.8422852 0.8377686 0.8666992 0.8614502 0.8579102 0.864502 0.8579102 0.864502 0.8666992 0.8614502 0.878418 0.8811646 0.8579102 0.864502 0.878418 0.8811646 0.8725586 0.8858032 0.8725586 0.8858032 0.878418 0.8811646 0.8881836 0.8925171 0.8881836 0.8925171 0.878418 0.8811646 0.8842774 0.8765869 0.8881836 0.8925171 0.8842774 0.8765869 0.8925781 0.8886108 0.8925781 0.8886108 0.8842774 0.8765869 0.8969727 0.8852539 0.8925781 0.8886108 0.8969727 0.8852539 0.9023438 0.894104 0.9023438 0.894104 0.8969727 0.8852539 0.90625 0.8919067 0.9023438 0.894104 0.90625 0.8919067 0.9077149 0.9007568 0.9077149 0.9007568 0.90625 0.8919067 0.9106445 0.8989868 0.9077149 0.9007568 0.9106445 0.8989868 0.9145508 0.9043579 0.9145508 0.9043579 0.9106445 0.8989868 0.9135742 0.8977051 0.9145508 0.9043579 0.9135742 0.8977051 0.9165039 0.9032593 0.9165039 0.9032593 0.9135742 0.8977051 0.9169922 0.8967896 0.9165039 0.9032593 0.9169922 0.8967896 0.9194336 0.9025269 0.9194336 0.9025269 0.9169922 0.8967896 0.9204102 0.8962402 0.9194336 0.9025269 0.9204102 0.8962402 0.921875 0.9022827 0.921875 0.9022827 0.9204102 0.8962402 0.9243164 0.9023438 0.921875 0.9022827 0.9243164 0.9023438 0.9223633 0.9071655 0.921875 0.9022827 0.9223633 0.9071655 0.9194336 0.9025269 0.9194336 0.9025269 0.9223633 0.9071655 0.9204102 0.9072266 0.9194336 0.9025269 0.9204102 0.9072266 0.9165039 0.9032593 0.9165039 0.9032593 0.9204102 0.9072266 0.9189453 0.9077759 0.9165039 0.9032593 0.9189453 0.9077759 0.9145508 0.9043579 0.9145508 0.9043579 0.9189453 0.9077759 0.9174805 0.9089356 0.9145508 0.9043579 0.9174805 0.9089356 0.9165039 0.9101563 0.9165039 0.9101563 0.9174805 0.9089356 0.9194336 0.9116211 0.9194336 0.9116211 0.9174805 0.9089356 0.9189453 0.9077759 0.9194336 0.9116211 0.9189453 0.9077759 0.9208984 0.9109497 0.9208984 0.9109497 0.9189453 0.9077759 0.921875 0.9104004 0.921875 0.9104004 0.9189453 0.9077759 0.9204102 0.9072266 0.921875 0.9104004 0.9204102 0.9072266 0.9228516 0.9099121 0.9228516 0.9099121 0.9204102 0.9072266 0.9223633 0.9071655 0.9228516 0.9099121 0.9223633 0.9071655 0.9243164 0.9072876 0.9243164 0.9072876 0.9223633 0.9071655 0.9243164 0.9023438 0.9243164 0.9072876 0.9243164 0.9023438 0.9267578 0.9030151 0.9267578 0.9030151 0.9243164 0.9023438 0.9238281 0.8961792 0.9238281 0.8961792 0.9243164 0.9023438 0.9204102 0.8962402 0.9238281 0.8961792 0.9204102 0.8962402 0.9233399 0.8880615 0.9233399 0.8880615 0.9204102 0.8962402 0.9189453 0.8884277 0.9233399 0.8880615 0.9189453 0.8884277 0.9223633 0.8773193 0.9223633 0.8773193 0.9189453 0.8884277 0.9169922 0.8775025 0.9223633 0.8773193 0.9169922 0.8775025 0.9150391 0.8619385 0.9150391 0.8619385 0.9169922 0.8775025 0.9125977 0.8783569 0.9150391 0.8619385 0.9125977 0.8783569 0.9086914 0.8636475 0.9086914 0.8636475 0.9125977 0.8783569 0.9072266 0.880127 0.9086914 0.8636475 0.9072266 0.880127 0.902832 0.8668213 0.902832 0.8668213 0.9072266 0.880127 0.9018555 0.8823242 0.902832 0.8668213 0.9018555 0.8823242 0.8964844 0.8695068 0.8964844 0.8695068 0.9018555 0.8823242 0.8969727 0.8852539 0.8969727 0.8852539 0.9018555 0.8823242 0.90625 0.8919067 0.90625 0.8919067 0.9018555 0.8823242 0.9101563 0.8901978 0.90625 0.8919067 0.9101563 0.8901978 0.9106445 0.8989868 0.9106445 0.8989868 0.9101563 0.8901978 0.9135742 0.8977051 0.9135742 0.8977051 0.9101563 0.8901978 0.9145508 0.8889771 0.9135742 0.8977051 0.9145508 0.8889771 0.9169922 0.8967896 0.9169922 0.8967896 0.9145508 0.8889771 0.9204102 0.8962402 0.9204102 0.8962402 0.9145508 0.8889771 0.9189453 0.8884277 0.9189453 0.8884277 0.9145508 0.8889771 0.9169922 0.8775025 0.9169922 0.8775025 0.9145508 0.8889771 0.9125977 0.8783569 0.9125977 0.8783569 0.9145508 0.8889771 0.9072266 0.880127 0.9072266 0.880127 0.9145508 0.8889771 0.9101563 0.8901978 0.9072266 0.880127 0.9101563 0.8901978 0.9018555 0.8823242 0.9287109 0.8057861 0.9345703 0.8363037 0.9262695 0.8365479 0.9262695 0.8365479 0.9345703 0.8363037 0.9355469 0.8656006 0.9262695 0.8365479 0.9355469 0.8656006 0.9282227 0.8607178 0.9282227 0.8607178 0.9355469 0.8656006 0.9277344 0.878479 0.9282227 0.8607178 0.9277344 0.878479 0.9223633 0.8773193 0.9223633 0.8773193 0.9277344 0.878479 0.9277344 0.8886719 0.9223633 0.8773193 0.9277344 0.8886719 0.9233399 0.8880615 0.9233399 0.8880615 0.9277344 0.8886719 0.9238281 0.8961792 0.9238281 0.8961792 0.9277344 0.8886719 0.9272461 0.8967896 0.9238281 0.8961792 0.9272461 0.8967896 0.9267578 0.9030151 0.9267578 0.9030151 0.9272461 0.8967896 0.9291992 0.9039307 0.9267578 0.9030151 0.9291992 0.9039307 0.9257813 0.9077149 0.9267578 0.9030151 0.9257813 0.9077149 0.9243164 0.9072876 0.9243164 0.9072876 0.9257813 0.9077149 0.9248047 0.9112549 0.9243164 0.9072876 0.9248047 0.9112549 0.9238281 0.9105835 0.9243164 0.9072876 0.9238281 0.9105835 0.9228516 0.9099121 0.9228516 0.9099121 0.9238281 0.9105835 0.9228516 0.9121704 0.9228516 0.9099121 0.9228516 0.9121704 0.921875 0.9104004 0.921875 0.9104004 0.9228516 0.9121704 0.921875 0.9128418 0.921875 0.9104004 0.921875 0.9128418 0.9208984 0.9109497 0.9208984 0.9109497 0.921875 0.9128418 0.9194336 0.9116211 0.9194336 0.9116211 0.921875 0.9128418 0.9213867 0.9132691 0.9194336 0.9116211 0.9213867 0.9132691 0.9208984 0.9141235 0.9208984 0.9141235 0.9213867 0.9132691 0.921875 0.9146118 0.9208984 0.9141235 0.921875 0.9146118 0.9204102 0.9150391 0.9204102 0.9150391 0.921875 0.9146118 0.921875 0.9154663 0.9204102 0.9150391 0.921875 0.9154663 0.921875 0.9163818 0.921875 0.9163818 0.921875 0.9154663 0.9228516 0.9164429 0.921875 0.9163818 0.9228516 0.9164429 0.9233399 0.9176025 0.9233399 0.9176025 0.9228516 0.9164429 0.9238281 0.9159546 0.9233399 0.9176025 0.9238281 0.9159546 0.9243164 0.9171143 0.9233399 0.9176025 0.9243164 0.9171143 0.9238281 0.9196777 0.9238281 0.9196777 0.9243164 0.9171143 0.925293 0.9188843 0.925293 0.9188843 0.9243164 0.9171143 0.9267578 0.9175415 0.9267578 0.9175415 0.9243164 0.9171143 0.925293 0.9161987 0.925293 0.9161987 0.9243164 0.9171143 0.9238281 0.9159546 0.925293 0.9161987 0.9238281 0.9159546 0.9248047 0.914978 0.9248047 0.914978 0.9238281 0.9159546 0.9243164 0.9141846 0.9248047 0.914978 0.9243164 0.9141846 0.9262695 0.9132691 0.9262695 0.9132691 0.9243164 0.9141846 0.9257813 0.9125977 0.9262695 0.9132691 0.9257813 0.9125977 0.9282227 0.9100342 0.9282227 0.9100342 0.9257813 0.9125977 0.9272461 0.9091187 0.9282227 0.9100342 0.9272461 0.9091187 0.9291992 0.9039307 0.9291992 0.9039307 0.9272461 0.9091187 0.9257813 0.9077149 0.9257813 0.9077149 0.9272461 0.9091187 0.9248047 0.9112549 0.9248047 0.9112549 0.9272461 0.9091187 0.9257813 0.9125977 0.9248047 0.9112549 0.9257813 0.9125977 0.9243164 0.9141846 0.9248047 0.9112549 0.9243164 0.9141846 0.9238281 0.9130249 0.9248047 0.9112549 0.9238281 0.9130249 0.9228516 0.9121704 0.9248047 0.9112549 0.9228516 0.9121704 0.9238281 0.9105835 0.9228516 0.9121704 0.9238281 0.9130249 0.921875 0.9128418 0.921875 0.9128418 0.9238281 0.9130249 0.9233399 0.9138794 0.9233399 0.9138794 0.9238281 0.9130249 0.9243164 0.9141846 0.9233399 0.9138794 0.9243164 0.9141846 0.9238281 0.914917 0.9238281 0.914917 0.9243164 0.9141846 0.9238281 0.9159546 0.9238281 0.914917 0.9238281 0.9159546 0.9228516 0.9154053 0.9228516 0.9154053 0.9238281 0.9159546 0.9228516 0.9164429 0.9228516 0.9154053 0.9228516 0.9164429 0.921875 0.9154663 0.9228516 0.9154053 0.921875 0.9154663 0.921875 0.9146118 0.9228516 0.9154053 0.921875 0.9146118 0.9223633 0.9143677 0.9223633 0.9143677 0.921875 0.9146118 0.9213867 0.9132691 0.9223633 0.9143677 0.9213867 0.9132691 0.921875 0.9128418 0.9223633 0.9143677 0.921875 0.9128418 0.9233399 0.9138794 0.9223633 0.9143677 0.9233399 0.9138794 0.9228516 0.9154053 0.9228516 0.9154053 0.9233399 0.9138794 0.9238281 0.914917 0.9384766 0.9025879 0.934082 0.9082642 0.9326172 0.9066162 0.9326172 0.9066162 0.934082 0.9082642 0.9301758 0.9128418 0.9326172 0.9066162 0.9301758 0.9128418 0.9291992 0.9115601 0.9291992 0.9115601 0.9301758 0.9128418 0.9272461 0.9146118 0.9272461 0.9146118 0.9301758 0.9128418 0.9282227 0.9156494 0.9272461 0.9146118 0.9282227 0.9156494 0.9267578 0.9175415 0.9272461 0.9146118 0.9267578 0.9175415 0.925293 0.9161987 0.9272461 0.9146118 0.925293 0.9161987 0.9248047 0.914978 0.9272461 0.9146118 0.9248047 0.914978 0.9262695 0.9132691 0.9272461 0.9146118 0.9262695 0.9132691 0.9282227 0.9100342 0.9272461 0.9146118 0.9282227 0.9100342 0.9291992 0.9115601 0.9291992 0.9115601 0.9282227 0.9100342 0.9326172 0.9066162 0.9326172 0.9066162 0.9282227 0.9100342 0.9311524 0.9050903 0.9326172 0.9066162 0.9311524 0.9050903 0.9335938 0.8994141 0.9335938 0.8994141 0.9311524 0.9050903 0.9291992 0.9039307 0.9291992 0.9039307 0.9311524 0.9050903 0.9282227 0.9100342 0.9506836 0.8829956 0.9443359 0.8939819 0.9443359 0.8840942 0.9443359 0.8840942 0.9443359 0.8939819 0.9399414 0.8935547 0.9399414 0.8935547 0.9443359 0.8939819 0.9360352 0.9008789 0.9399414 0.8935547 0.9360352 0.9008789 0.9335938 0.8994141 0.9335938 0.8994141 0.9360352 0.9008789 0.9326172 0.9066162 0.9326172 0.9066162 0.9360352 0.9008789 0.9384766 0.9025879 0.9384766 0.9025879 0.9360352 0.9008789 0.9443359 0.8939819 0.9506836 0.8829956 0.9443359 0.8840942 0.9545899 0.8681641 0.9545899 0.8681641 0.9443359 0.8840942 0.9482422 0.8691406 0.9545899 0.8681641 0.9482422 0.8691406 0.9501953 0.8481445 0.9545899 0.8681641 0.9501953 0.8481445 0.9570313 0.8502197 0.9570313 0.8502197 0.9501953 0.8481445 0.9516602 0.8277588 0.9570313 0.8502197 0.9516602 0.8277588 0.9575195 0.8319092 0.9575195 0.8319092 0.9516602 0.8277588 0.9589844 0.817627 0.9589844 0.817627 0.9516602 0.8277588 0.9541016 0.8104248 0.9589844 0.817627 0.9541016 0.8104248 0.9628906 0.8084717 0.9628906 0.8084717 0.9541016 0.8104248 0.9580078 0.7990723 0.9580078 0.7990723 0.9541016 0.8104248 0.9472656 0.7977295 0.9472656 0.7977295 0.9541016 0.8104248 0.9516602 0.8277588 0.9472656 0.7977295 0.9516602 0.8277588 0.9458009 0.8236084 0.9458009 0.8236084 0.9516602 0.8277588 0.9433594 0.8457031 0.9433594 0.8457031 0.9516602 0.8277588 0.9501953 0.8481445 0.9433594 0.8457031 0.9501953 0.8481445 0.9418945 0.8675537 0.9418945 0.8675537 0.9501953 0.8481445 0.9482422 0.8691406 0.9418945 0.8675537 0.9482422 0.8691406 0.9443359 0.8840942 0.9418945 0.8675537 0.9443359 0.8840942 0.9389649 0.8822022 0.9389649 0.8822022 0.9443359 0.8840942 0.9399414 0.8935547 0.9389649 0.8822022 0.9399414 0.8935547 0.9360352 0.8918457 0.9360352 0.8918457 0.9399414 0.8935547 0.9335938 0.8994141 0.9360352 0.8918457 0.9335938 0.8994141 0.9306641 0.8980103 0.9306641 0.8980103 0.9335938 0.8994141 0.9291992 0.9039307 0.9306641 0.8980103 0.9291992 0.9039307 0.9272461 0.8967896 0.9306641 0.8980103 0.9272461 0.8967896 0.9321289 0.8901978 0.9321289 0.8901978 0.9272461 0.8967896 0.9277344 0.8886719 0.9321289 0.8901978 0.9277344 0.8886719 0.9277344 0.878479 0.9321289 0.8901978 0.9277344 0.878479 0.9331055 0.8804932 0.9331055 0.8804932 0.9277344 0.878479 0.9355469 0.8656006 0.9331055 0.8804932 0.9355469 0.8656006 0.9418945 0.8675537 0.9418945 0.8675537 0.9355469 0.8656006 0.9345703 0.8363037 0.9418945 0.8675537 0.9389649 0.8822022 0.9331055 0.8804932 0.9331055 0.8804932 0.9389649 0.8822022 0.9360352 0.8918457 0.9331055 0.8804932 0.9360352 0.8918457 0.9321289 0.8901978 0.9321289 0.8901978 0.9360352 0.8918457 0.9306641 0.8980103 0.8920899 0.7287598 0.9023438 0.7243652 0.9189453 0.7705078 0.9189453 0.7705078 0.9023438 0.7243652 0.9150391 0.7282715 0.9189453 0.7705078 0.9150391 0.7282715 0.9296875 0.7680664 0.9296875 0.7680664 0.9150391 0.7282715 0.9394531 0.7655029 0.9296875 0.7680664 0.9394531 0.7655029 0.9472656 0.7977295 0.9296875 0.7680664 0.9472656 0.7977295 0.9379883 0.8006592 0.9379883 0.8006592 0.9472656 0.7977295 0.9458009 0.8236084 0.9379883 0.8006592 0.9458009 0.8236084 0.9394531 0.8221436 0.9394531 0.8221436 0.9458009 0.8236084 0.9433594 0.8457031 0.9394531 0.8221436 0.9433594 0.8457031 0.9345703 0.8363037 0.9394531 0.8221436 0.9345703 0.8363037 0.9379883 0.8006592 0.9379883 0.8006592 0.9345703 0.8363037 0.9287109 0.8057861 0.9379883 0.8006592 0.9287109 0.8057861 0.9296875 0.7680664 0.9296875 0.7680664 0.9287109 0.8057861 0.9189453 0.7705078 0.9189453 0.7705078 0.9287109 0.8057861 0.9194336 0.8081055 0.9194336 0.8081055 0.9287109 0.8057861 0.9262695 0.8365479 0.9194336 0.8081055 0.9262695 0.8365479 0.9101563 0.8100586 0.9101563 0.8100586 0.9262695 0.8365479 0.9204102 0.8376465 0.9101563 0.8100586 0.9204102 0.8376465 0.9111328 0.8395996 0.9111328 0.8395996 0.9204102 0.8376465 0.9150391 0.8619385 0.9111328 0.8395996 0.9150391 0.8619385 0.9023438 0.8422852 0.9023438 0.8422852 0.9150391 0.8619385 0.9086914 0.8636475 0.9023438 0.8422852 0.9086914 0.8636475 0.8945313 0.8455811 0.8945313 0.8455811 0.9086914 0.8636475 0.902832 0.8668213 0.8945313 0.8455811 0.902832 0.8668213 0.887207 0.8487549 0.887207 0.8487549 0.902832 0.8668213 0.8964844 0.8695068 0.887207 0.8487549 0.8964844 0.8695068 0.8901367 0.8728027 0.8901367 0.8728027 0.8964844 0.8695068 0.8969727 0.8852539 0.8901367 0.8728027 0.8969727 0.8852539 0.8842774 0.8765869 0.8901367 0.8728027 0.8842774 0.8765869 0.8740234 0.8568115 0.8740234 0.8568115 0.8842774 0.8765869 0.878418 0.8811646 0.8740234 0.8568115 0.878418 0.8811646 0.8666992 0.8614502 0.9101563 0.8100586 0.9111328 0.8395996 0.8999024 0.8145752 0.8999024 0.8145752 0.9111328 0.8395996 0.9023438 0.8422852 0.8999024 0.8145752 0.9023438 0.8422852 0.8891602 0.8153076 0.8891602 0.8153076 0.9023438 0.8422852 0.8945313 0.8455811 0.8891602 0.8153076 0.8945313 0.8455811 0.8808594 0.8179932 0.8808594 0.8179932 0.8945313 0.8455811 0.887207 0.8487549 0.8808594 0.8179932 0.887207 0.8487549 0.8725586 0.8208008 0.8808594 0.8179932 0.8725586 0.8208008 0.8632813 0.788208 0.8808594 0.8179932 0.8632813 0.788208 0.8891602 0.8153076 0.8891602 0.8153076 0.8632813 0.788208 0.8745117 0.7858887 0.8891602 0.8153076 0.8745117 0.7858887 0.8999024 0.8145752 0.8999024 0.8145752 0.8745117 0.7858887 0.8896484 0.7932129 0.8999024 0.8145752 0.8896484 0.7932129 0.9101563 0.8100586 0.8647461 0.8236084 0.8725586 0.8208008 0.887207 0.8487549 0.8647461 0.8236084 0.887207 0.8487549 0.8808594 0.852417 0.8808594 0.852417 0.887207 0.8487549 0.8901367 0.8728027 0.8808594 0.852417 0.8901367 0.8728027 0.8740234 0.8568115 0.8808594 0.852417 0.8740234 0.8568115 0.8647461 0.8236084 0.8647461 0.8236084 0.8740234 0.8568115 0.8569336 0.826294 0.8647461 0.8236084 0.8569336 0.826294 0.8398438 0.7961426 0.8398438 0.7961426 0.8569336 0.826294 0.8330078 0.7998047 0.8398438 0.7961426 0.8330078 0.7998047 0.8208008 0.7685547 0.8208008 0.7685547 0.8330078 0.7998047 0.8110352 0.7746582 0.8208008 0.7685547 0.8110352 0.7746582 0.7875977 0.751709 0.7875977 0.751709 0.8110352 0.7746582 0.7724609 0.760376 0.7875977 0.751709 0.7724609 0.760376 0.7695313 0.7299805 0.7695313 0.7299805 0.7724609 0.760376 0.7568359 0.7399902 0.7695313 0.7299805 0.7568359 0.7399902 0.7485352 0.723877 0.7485352 0.723877 0.7568359 0.7399902 0.7431641 0.7424317 0.7431641 0.7424317 0.7568359 0.7399902 0.7724609 0.760376 0.7431641 0.7424317 0.7724609 0.760376 0.7661133 0.769165 0.7661133 0.769165 0.7724609 0.760376 0.7924805 0.793335 0.7661133 0.769165 0.7924805 0.793335 0.7583008 0.7807617 0.7661133 0.769165 0.7583008 0.7807617 0.7431641 0.7424317 0.7431641 0.7424317 0.7583008 0.7807617 0.7329102 0.7509766 0.7431641 0.7424317 0.7329102 0.7509766 0.7255859 0.717041 0.7255859 0.717041 0.7329102 0.7509766 0.7109375 0.722168 0.7255859 0.717041 0.7109375 0.722168 0.7231445 0.6809082 0.7231445 0.6809082 0.7109375 0.722168 0.7050781 0.6794434 0.7231445 0.6809082 0.7050781 0.6794434 0.7207031 0.6435547 0.7207031 0.6435547 0.7050781 0.6794434 0.7001953 0.638916 0.7207031 0.6435547 0.7001953 0.638916 0.7202149 0.6115723 0.7202149 0.6115723 0.7001953 0.638916 0.7016602 0.6030274 0.7202149 0.6115723 0.7016602 0.6030274 0.6977539 0.5717774 0.7202149 0.6115723 0.6977539 0.5717774 0.7197266 0.5856934 0.7783203 0.6376953 0.7666016 0.6420899 0.7460938 0.6223145 0.7460938 0.6223145 0.7666016 0.6420899 0.7631836 0.6584473 0.7460938 0.6223145 0.7631836 0.6584473 0.7416992 0.6511231 0.7416992 0.6511231 0.7631836 0.6584473 0.7587891 0.6833496 0.7416992 0.6511231 0.7587891 0.6833496 0.7416992 0.6877442 0.7416992 0.6877442 0.7587891 0.6833496 0.7631836 0.7041016 0.7416992 0.6877442 0.7631836 0.7041016 0.7524414 0.7116699 0.7524414 0.7116699 0.7631836 0.7041016 0.7695313 0.7299805 0.7524414 0.7116699 0.7695313 0.7299805 0.7485352 0.723877 0.7524414 0.7116699 0.7485352 0.723877 0.7416992 0.6877442 0.7416992 0.6877442 0.7485352 0.723877 0.7382813 0.7180176 0.7382813 0.7180176 0.7485352 0.723877 0.7431641 0.7424317 0.7382813 0.7180176 0.7431641 0.7424317 0.7255859 0.717041 0.7382813 0.7180176 0.7255859 0.717041 0.7416992 0.6877442 0.7416992 0.6877442 0.7255859 0.717041 0.7231445 0.6809082 0.7416992 0.6877442 0.7231445 0.6809082 0.7416992 0.6511231 0.7416992 0.6511231 0.7231445 0.6809082 0.7207031 0.6435547 0.7416992 0.6511231 0.7207031 0.6435547 0.7460938 0.6223145 0.7460938 0.6223145 0.7207031 0.6435547 0.7202149 0.6115723 0.7460938 0.6223145 0.7202149 0.6115723 0.7197266 0.5856934 0.7460938 0.6223145 0.7197266 0.5856934 0.7421875 0.597168 0.7421875 0.597168 0.7197266 0.5856934 0.7202149 0.5678711 0.7421875 0.597168 0.7202149 0.5678711 0.7426758 0.5810547 0.7426758 0.5810547 0.7202149 0.5678711 0.7407227 0.5700684 0.7407227 0.5700684 0.7202149 0.5678711 0.7250977 0.5493164 0.7407227 0.5700684 0.7250977 0.5493164 0.7548828 0.5622559 0.7548828 0.5622559 0.7250977 0.5493164 0.7382813 0.5283203 0.7548828 0.5622559 0.7382813 0.5283203 0.7636719 0.5529785 0.7636719 0.5529785 0.7382813 0.5283203 0.7529297 0.4975586 0.7636719 0.5529785 0.7529297 0.4975586 0.7749024 0.496582 0.7749024 0.496582 0.7529297 0.4975586 0.7758789 0.4555664 0.7758789 0.4555664 0.7529297 0.4975586 0.7583008 0.4462891 0.7197266 0.5856934 0.6977539 0.5717774 0.7202149 0.5678711 0.7202149 0.5678711 0.6977539 0.5717774 0.6982422 0.5500488 0.7202149 0.5678711 0.6982422 0.5500488 0.7045899 0.5270996 0.7202149 0.5678711 0.7045899 0.5270996 0.7250977 0.5493164 0.7250977 0.5493164 0.7045899 0.5270996 0.7382813 0.5283203 0.7382813 0.5283203 0.7045899 0.5270996 0.7167969 0.5 0.7382813 0.5283203 0.7167969 0.5 0.7529297 0.4975586 0.7529297 0.4975586 0.7167969 0.5 0.7270508 0.4667969 0.7529297 0.4975586 0.7270508 0.4667969 0.7353516 0.4287109 0.7529297 0.4975586 0.7353516 0.4287109 0.7583008 0.4462891 0.7583008 0.4462891 0.7353516 0.4287109 0.7470703 0.3974609 0.7583008 0.4462891 0.7470703 0.3974609 0.7749024 0.4155274 0.7583008 0.4462891 0.7749024 0.4155274 0.7758789 0.4555664 0.7758789 0.4555664 0.7749024 0.4155274 0.8046875 0.4331055 0.7758789 0.4555664 0.8046875 0.4331055 0.7749024 0.496582 0.7749024 0.496582 0.8046875 0.4331055 0.7978516 0.4926758 0.7978516 0.4926758 0.8046875 0.4331055 0.831543 0.4550781 0.7978516 0.4926758 0.831543 0.4550781 0.8193359 0.4980469 0.8193359 0.4980469 0.831543 0.4550781 0.8525391 0.480957 0.8193359 0.4980469 0.8525391 0.480957 0.8339844 0.5012207 0.8339844 0.5012207 0.8525391 0.480957 0.8515625 0.5217285 0.8515625 0.5217285 0.8525391 0.480957 0.8632813 0.5004883 0.8515625 0.5217285 0.8632813 0.5004883 0.8720703 0.5153809 0.8515625 0.5217285 0.8720703 0.5153809 0.8647461 0.5341797 0.8647461 0.5341797 0.8720703 0.5153809 0.8779297 0.5397949 0.8779297 0.5397949 0.8720703 0.5153809 0.8881836 0.5131836 0.8779297 0.5397949 0.8881836 0.5131836 0.8930664 0.5419922 0.8930664 0.5419922 0.8881836 0.5131836 0.9057617 0.5126953 0.8930664 0.5419922 0.9057617 0.5126953 0.9150391 0.5112305 0.8930664 0.5419922 0.9150391 0.5112305 0.9077149 0.5415039 0.9077149 0.5415039 0.9150391 0.5112305 0.9228516 0.5375977 0.9228516 0.5375977 0.9150391 0.5112305 0.9238281 0.5039063 0.8339844 0.5012207 0.8515625 0.5217285 0.8432617 0.5541992 0.8432617 0.5541992 0.8515625 0.5217285 0.8647461 0.5341797 0.8432617 0.5541992 0.8647461 0.5341797 0.855957 0.564209 0.8432617 0.5541992 0.855957 0.564209 0.8520508 0.6032715 0.8520508 0.6032715 0.855957 0.564209 0.8696289 0.6142578 0.8696289 0.6142578 0.855957 0.564209 0.8701172 0.5729981 0.8696289 0.6142578 0.8701172 0.5729981 0.8876953 0.6220703 0.8876953 0.6220703 0.8701172 0.5729981 0.8862305 0.5791016 0.8876953 0.6220703 0.8862305 0.5791016 0.902832 0.5825195 0.902832 0.5825195 0.8862305 0.5791016 0.8930664 0.5419922 0.8930664 0.5419922 0.8862305 0.5791016 0.8701172 0.5729981 0.8930664 0.5419922 0.8701172 0.5729981 0.8779297 0.5397949 0.8779297 0.5397949 0.8701172 0.5729981 0.855957 0.564209 0.8779297 0.5397949 0.855957 0.564209 0.8647461 0.5341797 0.8930664 0.5419922 0.9077149 0.5415039 0.902832 0.5825195 0.902832 0.5825195 0.9077149 0.5415039 0.918457 0.5852051 0.918457 0.5852051 0.9077149 0.5415039 0.9228516 0.5375977 0.918457 0.5852051 0.9228516 0.5375977 0.9379883 0.5554199 0.918457 0.5852051 0.9379883 0.5554199 0.9326172 0.5942383 0.9326172 0.5942383 0.9379883 0.5554199 0.9453125 0.6042481 0.9453125 0.6042481 0.9379883 0.5554199 0.9506836 0.5693359 0.9453125 0.6042481 0.9506836 0.5693359 0.9624024 0.5800781 0.9453125 0.6042481 0.9624024 0.5800781 0.9589844 0.6130371 0.9589844 0.6130371 0.9624024 0.5800781 0.9755859 0.5910645 0.9589844 0.6130371 0.9755859 0.5910645 0.9707031 0.6242676 0.9589844 0.6130371 0.9707031 0.6242676 0.9667969 0.6564942 0.9589844 0.6130371 0.9667969 0.6564942 0.9560547 0.6489258 0.9589844 0.6130371 0.9560547 0.6489258 0.9453125 0.6042481 0.9453125 0.6042481 0.9560547 0.6489258 0.9423828 0.642334 0.9453125 0.6042481 0.9423828 0.642334 0.9316406 0.6362305 0.9453125 0.6042481 0.9316406 0.6362305 0.9326172 0.5942383 0.9326172 0.5942383 0.9316406 0.6362305 0.918457 0.5852051 0.918457 0.5852051 0.9316406 0.6362305 0.9194336 0.6303711 0.9194336 0.6303711 0.9316406 0.6362305 0.9267578 0.6765137 0.9194336 0.6303711 0.9267578 0.6765137 0.9130859 0.675293 0.9194336 0.6303711 0.9130859 0.675293 0.9042969 0.626709 0.9042969 0.626709 0.9130859 0.675293 0.8876953 0.6220703 0.9042969 0.626709 0.8876953 0.6220703 0.902832 0.5825195 0.9042969 0.626709 0.902832 0.5825195 0.918457 0.5852051 0.9042969 0.626709 0.918457 0.5852051 0.9194336 0.6303711 0.8339844 0.5012207 0.8432617 0.5541992 0.831543 0.5473633 0.8339844 0.5012207 0.831543 0.5473633 0.8168945 0.5422363 0.8168945 0.5422363 0.831543 0.5473633 0.8188477 0.5732422 0.8188477 0.5732422 0.831543 0.5473633 0.828125 0.5817871 0.828125 0.5817871 0.831543 0.5473633 0.8432617 0.5541992 0.828125 0.5817871 0.8432617 0.5541992 0.8388672 0.5891113 0.8388672 0.5891113 0.8432617 0.5541992 0.8520508 0.6032715 0.8388672 0.5891113 0.8520508 0.6032715 0.859375 0.6535645 0.859375 0.6535645 0.8520508 0.6032715 0.8696289 0.6142578 0.859375 0.6535645 0.8696289 0.6142578 0.8803711 0.6652832 0.8803711 0.6652832 0.8696289 0.6142578 0.8876953 0.6220703 0.8803711 0.6652832 0.8876953 0.6220703 0.8984375 0.6721192 0.8984375 0.6721192 0.8876953 0.6220703 0.9130859 0.675293 0.8984375 0.6721192 0.9130859 0.675293 0.925293 0.7277832 0.925293 0.7277832 0.9130859 0.675293 0.9267578 0.6765137 0.925293 0.7277832 0.9267578 0.6765137 0.9370117 0.7216797 0.925293 0.7277832 0.9370117 0.7216797 0.9462891 0.7583008 0.9462891 0.7583008 0.9370117 0.7216797 0.9541016 0.7546387 0.9462891 0.7583008 0.9541016 0.7546387 0.9526367 0.7845459 0.9526367 0.7845459 0.9541016 0.7546387 0.9580078 0.7788086 0.9580078 0.7788086 0.9541016 0.7546387 0.9633789 0.7758789 0.9580078 0.7788086 0.9633789 0.7758789 0.965332 0.789917 0.9580078 0.7788086 0.965332 0.789917 0.9619141 0.7935791 0.9619141 0.7935791 0.965332 0.789917 0.9707031 0.7963867 0.9619141 0.7935791 0.9707031 0.7963867 0.9667969 0.8029785 0.9619141 0.7935791 0.9667969 0.8029785 0.9628906 0.8084717 0.9619141 0.7935791 0.9628906 0.8084717 0.9580078 0.7990723 0.9619141 0.7935791 0.9580078 0.7990723 0.9580078 0.7788086 0.9580078 0.7788086 0.9580078 0.7990723 0.9526367 0.7845459 0.9526367 0.7845459 0.9580078 0.7990723 0.9472656 0.7977295 0.9526367 0.7845459 0.9472656 0.7977295 0.9462891 0.7583008 0.9462891 0.7583008 0.9472656 0.7977295 0.9394531 0.7655029 0.9267578 0.6765137 0.9379883 0.6789551 0.9370117 0.7216797 0.9370117 0.7216797 0.9379883 0.6789551 0.9467774 0.720459 0.9370117 0.7216797 0.9467774 0.720459 0.9541016 0.7546387 0.9541016 0.7546387 0.9467774 0.720459 0.956543 0.7229004 0.9541016 0.7546387 0.956543 0.7229004 0.9614259 0.7536621 0.9541016 0.7546387 0.9614259 0.7536621 0.9633789 0.7758789 0.9633789 0.7758789 0.9614259 0.7536621 0.9692384 0.7567139 0.9633789 0.7758789 0.9692384 0.7567139 0.9682617 0.7750244 0.9682617 0.7750244 0.9692384 0.7567139 0.9755859 0.7561035 0.9682617 0.7750244 0.9755859 0.7561035 0.9731445 0.7753906 0.9682617 0.7750244 0.9731445 0.7753906 0.9682617 0.7861328 0.9682617 0.7861328 0.9731445 0.7753906 0.972168 0.788208 0.9682617 0.7861328 0.972168 0.788208 0.9707031 0.7963867 0.9682617 0.7861328 0.9707031 0.7963867 0.965332 0.789917 0.9682617 0.7861328 0.965332 0.789917 0.9633789 0.7758789 0.9682617 0.7861328 0.9633789 0.7758789 0.9682617 0.7750244 0.9267578 0.6765137 0.9316406 0.6362305 0.9379883 0.6789551 0.9379883 0.6789551 0.9316406 0.6362305 0.9487305 0.6821289 0.9379883 0.6789551 0.9487305 0.6821289 0.9467774 0.720459 0.9467774 0.720459 0.9487305 0.6821289 0.956543 0.7229004 0.956543 0.7229004 0.9487305 0.6821289 0.9648438 0.722168 0.956543 0.7229004 0.9648438 0.722168 0.9614259 0.7536621 0.9614259 0.7536621 0.9648438 0.722168 0.9692384 0.7567139 0.9692384 0.7567139 0.9648438 0.722168 0.9755859 0.7561035 0.9755859 0.7561035 0.9648438 0.722168 0.9741211 0.7236328 0.9741211 0.7236328 0.9648438 0.722168 0.9697266 0.6894531 0.9697266 0.6894531 0.9648438 0.722168 0.9589844 0.6855469 0.9697266 0.6894531 0.9589844 0.6855469 0.9667969 0.6564942 0.9667969 0.6564942 0.9589844 0.6855469 0.9560547 0.6489258 0.9560547 0.6489258 0.9589844 0.6855469 0.9487305 0.6821289 0.9487305 0.6821289 0.9589844 0.6855469 0.9648438 0.722168 0.9560547 0.6489258 0.9487305 0.6821289 0.9423828 0.642334 0.9423828 0.642334 0.9487305 0.6821289 0.9316406 0.6362305 0.9462891 0.7583008 0.9394531 0.7655029 0.925293 0.7277832 0.925293 0.7277832 0.9394531 0.7655029 0.9150391 0.7282715 0.925293 0.7277832 0.9150391 0.7282715 0.8984375 0.6721192 0.8984375 0.6721192 0.9150391 0.7282715 0.9023438 0.7243652 0.8984375 0.6721192 0.9023438 0.7243652 0.8803711 0.6652832 0.8803711 0.6652832 0.9023438 0.7243652 0.8920899 0.7287598 0.8803711 0.6652832 0.8920899 0.7287598 0.859375 0.6535645 0.859375 0.6535645 0.8920899 0.7287598 0.8549805 0.6689453 0.859375 0.6535645 0.8549805 0.6689453 0.8291016 0.6276856 0.8291016 0.6276856 0.8549805 0.6689453 0.8452149 0.6757813 0.8291016 0.6276856 0.8452149 0.6757813 0.8217774 0.6367188 0.8217774 0.6367188 0.8452149 0.6757813 0.8110352 0.6416016 0.8217774 0.6367188 0.8110352 0.6416016 0.8017578 0.6120606 0.8017578 0.6120606 0.8110352 0.6416016 0.7939453 0.6225586 0.8017578 0.6120606 0.7939453 0.6225586 0.7792969 0.5895996 0.7792969 0.5895996 0.7939453 0.6225586 0.7768555 0.6071777 0.7792969 0.5895996 0.7768555 0.6071777 0.7607422 0.6010742 0.7607422 0.6010742 0.7768555 0.6071777 0.7753906 0.6181641 0.7753906 0.6181641 0.7768555 0.6071777 0.7939453 0.6225586 0.7753906 0.6181641 0.7939453 0.6225586 0.7871094 0.6325684 0.7871094 0.6325684 0.7939453 0.6225586 0.8110352 0.6416016 0.7871094 0.6325684 0.8110352 0.6416016 0.8041992 0.6552734 0.8041992 0.6552734 0.8110352 0.6416016 0.8237305 0.6872559 0.8041992 0.6552734 0.8237305 0.6872559 0.8139649 0.6921387 0.8139649 0.6921387 0.8237305 0.6872559 0.840332 0.723877 0.8139649 0.6921387 0.840332 0.723877 0.8305664 0.7250977 0.8305664 0.7250977 0.840332 0.723877 0.8476563 0.7572022 0.8305664 0.7250977 0.8476563 0.7572022 0.8393555 0.7590332 0.8393555 0.7590332 0.8476563 0.7572022 0.8632813 0.788208 0.8393555 0.7590332 0.8632813 0.788208 0.8554688 0.7904053 0.8554688 0.7904053 0.8632813 0.788208 0.8725586 0.8208008 0.8554688 0.7904053 0.8725586 0.8208008 0.8647461 0.8236084 0.8217774 0.6367188 0.8120117 0.6044922 0.8291016 0.6276856 0.8291016 0.6276856 0.8120117 0.6044922 0.8330078 0.6125488 0.8291016 0.6276856 0.8330078 0.6125488 0.859375 0.6535645 0.859375 0.6535645 0.8330078 0.6125488 0.8388672 0.5891113 0.8388672 0.5891113 0.8330078 0.6125488 0.8178711 0.598877 0.8388672 0.5891113 0.8178711 0.598877 0.828125 0.5817871 0.828125 0.5817871 0.8178711 0.598877 0.8188477 0.5732422 0.8188477 0.5732422 0.8178711 0.598877 0.8066406 0.5778809 0.8188477 0.5732422 0.8066406 0.5778809 0.8168945 0.5422363 0.8168945 0.5422363 0.8066406 0.5778809 0.7988281 0.5427246 0.7988281 0.5427246 0.8066406 0.5778809 0.7944336 0.5820313 0.7988281 0.5427246 0.7944336 0.5820313 0.7822266 0.5458984 0.7822266 0.5458984 0.7944336 0.5820313 0.7792969 0.5895996 0.7792969 0.5895996 0.7944336 0.5820313 0.8120117 0.6044922 0.7792969 0.5895996 0.8120117 0.6044922 0.8017578 0.6120606 0.8017578 0.6120606 0.8120117 0.6044922 0.8217774 0.6367188 0.7944336 0.5820313 0.8066406 0.5778809 0.8120117 0.6044922 0.8120117 0.6044922 0.8066406 0.5778809 0.8178711 0.598877 0.8120117 0.6044922 0.8178711 0.598877 0.8330078 0.6125488 0.7792969 0.5895996 0.7607422 0.6010742 0.7617188 0.5844727 0.7617188 0.5844727 0.7607422 0.6010742 0.7426758 0.5810547 0.7617188 0.5844727 0.7426758 0.5810547 0.7407227 0.5700684 0.7617188 0.5844727 0.7407227 0.5700684 0.7548828 0.5622559 0.7617188 0.5844727 0.7548828 0.5622559 0.7792969 0.5895996 0.7792969 0.5895996 0.7548828 0.5622559 0.7636719 0.5529785 0.7792969 0.5895996 0.7636719 0.5529785 0.7822266 0.5458984 0.7822266 0.5458984 0.7636719 0.5529785 0.7749024 0.496582 0.7822266 0.5458984 0.7749024 0.496582 0.7988281 0.5427246 0.7988281 0.5427246 0.7749024 0.496582 0.7978516 0.4926758 0.7988281 0.5427246 0.7978516 0.4926758 0.8168945 0.5422363 0.8168945 0.5422363 0.7978516 0.4926758 0.8193359 0.4980469 0.8168945 0.5422363 0.8193359 0.4980469 0.8339844 0.5012207 0.8041992 0.6552734 0.8139649 0.6921387 0.7958984 0.6623535 0.7958984 0.6623535 0.8139649 0.6921387 0.8056641 0.6972656 0.8056641 0.6972656 0.8139649 0.6921387 0.8305664 0.7250977 0.8056641 0.6972656 0.8305664 0.7250977 0.8212891 0.7282715 0.8212891 0.7282715 0.8305664 0.7250977 0.8393555 0.7590332 0.8212891 0.7282715 0.8393555 0.7590332 0.8095703 0.7331543 0.8212891 0.7282715 0.8095703 0.7331543 0.8056641 0.6972656 0.8056641 0.6972656 0.8095703 0.7331543 0.7958984 0.704834 0.8056641 0.6972656 0.7958984 0.704834 0.7807617 0.6787109 0.7807617 0.6787109 0.7958984 0.704834 0.7861328 0.7158203 0.7861328 0.7158203 0.7958984 0.704834 0.8095703 0.7331543 0.7861328 0.7158203 0.8095703 0.7331543 0.8017578 0.7416992 0.8017578 0.7416992 0.8095703 0.7331543 0.8208008 0.7685547 0.8017578 0.7416992 0.8208008 0.7685547 0.7875977 0.751709 0.8017578 0.7416992 0.7875977 0.751709 0.7861328 0.7158203 0.7861328 0.7158203 0.7875977 0.751709 0.7695313 0.7299805 0.7861328 0.7158203 0.7695313 0.7299805 0.7695313 0.7172852 0.7695313 0.7172852 0.7695313 0.7299805 0.7631836 0.7041016 0.7695313 0.7172852 0.7631836 0.7041016 0.7763672 0.7131348 0.7695313 0.7172852 0.7763672 0.7131348 0.7861328 0.7158203 0.7861328 0.7158203 0.7763672 0.7131348 0.7744141 0.6938477 0.7861328 0.7158203 0.7744141 0.6938477 0.7807617 0.6787109 0.7807617 0.6787109 0.7744141 0.6938477 0.7587891 0.6833496 0.7807617 0.6787109 0.7587891 0.6833496 0.7631836 0.6584473 0.7807617 0.6787109 0.7631836 0.6584473 0.7666016 0.6420899 0.7807617 0.6787109 0.7666016 0.6420899 0.7871094 0.6691895 0.7871094 0.6691895 0.7666016 0.6420899 0.7958984 0.6623535 0.7871094 0.6691895 0.7958984 0.6623535 0.8056641 0.6972656 0.7871094 0.6691895 0.8056641 0.6972656 0.7807617 0.6787109 0.7763672 0.7131348 0.7631836 0.7041016 0.7719727 0.7038574 0.7719727 0.7038574 0.7631836 0.7041016 0.7587891 0.6833496 0.7719727 0.7038574 0.7587891 0.6833496 0.7744141 0.6938477 0.7719727 0.7038574 0.7744141 0.6938477 0.7763672 0.7131348 0.8647461 0.8236084 0.8398438 0.7961426 0.8476563 0.7927246 0.8476563 0.7927246 0.8398438 0.7961426 0.8208008 0.7685547 0.8476563 0.7927246 0.8208008 0.7685547 0.8295899 0.7634277 0.8295899 0.7634277 0.8208008 0.7685547 0.8095703 0.7331543 0.8295899 0.7634277 0.8095703 0.7331543 0.8393555 0.7590332 0.8295899 0.7634277 0.8393555 0.7590332 0.8476563 0.7927246 0.8476563 0.7927246 0.8393555 0.7590332 0.8554688 0.7904053 0.8476563 0.7927246 0.8554688 0.7904053 0.8647461 0.8236084 0.7666016 0.6420899 0.7783203 0.6376953 0.7958984 0.6623535 0.7958984 0.6623535 0.7783203 0.6376953 0.8041992 0.6552734 0.8041992 0.6552734 0.7783203 0.6376953 0.7871094 0.6325684 0.7871094 0.6325684 0.7783203 0.6376953 0.7753906 0.6181641 0.7753906 0.6181641 0.7783203 0.6376953 0.7646484 0.6179199 0.7753906 0.6181641 0.7646484 0.6179199 0.7607422 0.6010742 0.7607422 0.6010742 0.7646484 0.6179199 0.7460938 0.6223145 0.7460938 0.6223145 0.7646484 0.6179199 0.7783203 0.6376953 0.7460938 0.6223145 0.7421875 0.597168 0.7607422 0.6010742 0.7607422 0.6010742 0.7421875 0.597168 0.7426758 0.5810547 0.9179688 0.9181519 0.9179688 0.916626 0.9199219 0.9192505 0.9204102 0.9160767 0.9179688 0.9151611 0.918457 0.9138794 0.918457 0.9138794 0.9179688 0.9151611 0.9145508 0.913208 0.9145508 0.913208 0.9179688 0.9151611 0.9145508 0.914978 0.9145508 0.914978 0.9179688 0.9151611 0.9179688 0.916626 0.9145508 0.914978 0.9179688 0.916626 0.9179688 0.9181519 0.9145508 0.914978 0.9179688 0.9181519 0.9145508 0.9164429 0.902832 0.9058838 0.9091797 0.9099732 0.9008789 0.9086304 0.9008789 0.9086304 0.9091797 0.9099732 0.9086914 0.9123535 0.9008789 0.9086304 0.9086914 0.9123535 0.8999024 0.9118042 0.8999024 0.9118042 0.9086914 0.9123535 0.9082031 0.9145508 0.8999024 0.9118042 0.9082031 0.9145508 0.8994141 0.9150391 0.8994141 0.9150391 0.9082031 0.9145508 0.9077149 0.916687 0.9077149 0.916687 0.9082031 0.9145508 0.9130859 0.9174805 0.9130859 0.9174805 0.9082031 0.9145508 0.9145508 0.9164429 0.9145508 0.9164429 0.9082031 0.9145508 0.9086914 0.9123535 0.9145508 0.9164429 0.9086914 0.9123535 0.9145508 0.914978 0.9145508 0.914978 0.9086914 0.9123535 0.9091797 0.9099732 0.9145508 0.914978 0.9091797 0.9099732 0.9145508 0.913208 0.9145508 0.913208 0.9091797 0.9099732 0.9155274 0.9117432 0.9145508 0.913208 0.9155274 0.9117432 0.918457 0.9138794 0.918457 0.9138794 0.9155274 0.9117432 0.9165039 0.9101563 0.918457 0.9138794 0.9165039 0.9101563 0.9189453 0.9127197 0.9189453 0.9127197 0.9165039 0.9101563 0.9194336 0.9116211 0.9189453 0.9127197 0.9194336 0.9116211 0.9208984 0.9141235 0.9189453 0.9127197 0.9208984 0.9141235 0.918457 0.9138794 0.918457 0.9138794 0.9208984 0.9141235 0.9204102 0.9150391 0.918457 0.9138794 0.9204102 0.9150391 0.9204102 0.9160767 0.9204102 0.9160767 0.9204102 0.9150391 0.921875 0.9163818 0.9204102 0.9160767 0.921875 0.9163818 0.9204102 0.9174194 0.9204102 0.9174194 0.921875 0.9163818 0.921875 0.9177246 0.921875 0.9177246 0.921875 0.9163818 0.9233399 0.9176025 0.921875 0.9177246 0.9233399 0.9176025 0.9238281 0.9196777 0.921875 0.9177246 0.9238281 0.9196777 0.921875 0.9196777 0.921875 0.9177246 0.921875 0.9196777 0.9199219 0.9192505 0.921875 0.9177246 0.9199219 0.9192505 0.9204102 0.9174194 0.9204102 0.9174194 0.9199219 0.9192505 0.9179688 0.916626 0.9204102 0.9174194 0.9179688 0.916626 0.9204102 0.9160767 0.9204102 0.9160767 0.9179688 0.916626 0.9179688 0.9151611 0.902832 0.9058838 0.9008789 0.9086304 0.8925781 0.9036255 0.8925781 0.9036255 0.9008789 0.9086304 0.8999024 0.9118042 0.8925781 0.9036255 0.8999024 0.9118042 0.890625 0.9073486 0.890625 0.9073486 0.8999024 0.9118042 0.8994141 0.9150391 0.890625 0.9073486 0.8994141 0.9150391 0.8896484 0.911499 0.890625 0.9073486 0.8896484 0.911499 0.8764649 0.9052734 0.890625 0.9073486 0.8764649 0.9052734 0.8798828 0.9004517 0.8798828 0.9004517 0.8764649 0.9052734 0.8657227 0.8900147 0.8798828 0.9004517 0.8657227 0.8900147 0.8837891 0.8965454 0.8798828 0.9004517 0.8837891 0.8965454 0.8925781 0.9036255 0.8798828 0.9004517 0.8925781 0.9036255 0.890625 0.9073486 0.1170043 0.1245117 0.1017456 0.1308593 0.1151733 0.1118164 0.1381835 0.1225585 0.1170043 0.1245117 0.1151733 0.1118164 0.1381835 0.1225585 0.1151733 0.1118164 0.135498 0.1030273 0.135498 0.1030273 0.1151733 0.1118164 0.1315917 0.08935546 0.1315917 0.08935546 0.1151733 0.1118164 0.1056518 0.1049804 0.1315917 0.08935546 0.1056518 0.1049804 0.1248779 0.07421875 0.1248779 0.07421875 0.1056518 0.1049804 0.09362792 0.09375 0.1248779 0.07421875 0.09362792 0.09375 0.1174316 0.0625 0.1174316 0.0625 0.09362792 0.09375 0.08996582 0.07519531 0.08996582 0.07519531 0.09362792 0.09375 0.06622314 0.1069335 0.08996582 0.07519531 0.06622314 0.1069335 0.06530761 0.08691406 0.08996582 0.07519531 0.06530761 0.08691406 0.06188958 0.07080078 0.08996582 0.07519531 0.06188958 0.07080078 0.07971191 0.05761712 0.08996582 0.07519531 0.07971191 0.05761712 0.1051025 0.04785156 0.08996582 0.07519531 0.1051025 0.04785156 0.1174316 0.0625 0.1174316 0.0625 0.1051025 0.04785156 0.1488037 0.05566406 0.1488037 0.05566406 0.1051025 0.04785156 0.1392822 0.03759759 0.1488037 0.05566406 0.1392822 0.03759759 0.186035 0.05664062 0.186035 0.05664062 0.1392822 0.03759759 0.177124 0.03515625 0.186035 0.05664062 0.177124 0.03515625 0.2143554 0.03271484 0.186035 0.05664062 0.2143554 0.03271484 0.2194824 0.05664062 0.2194824 0.05664062 0.2143554 0.03271484 0.2521973 0.0268554 0.2194824 0.05664062 0.2521973 0.0268554 0.2504883 0.05078125 0.2504883 0.05078125 0.2521973 0.0268554 0.2978516 0.05322259 0.2978516 0.05322259 0.2521973 0.0268554 0.3010254 0.03369134 0.2978516 0.05322259 0.3010254 0.03369134 0.3408203 0.07177734 0.3408203 0.07177734 0.3010254 0.03369134 0.3449707 0.05175781 0.3408203 0.07177734 0.3449707 0.05175781 0.364502 0.09326171 0.364502 0.09326171 0.3449707 0.05175781 0.3793945 0.0727539 0.364502 0.09326171 0.3793945 0.0727539 0.3979492 0.09277343 0.364502 0.09326171 0.3979492 0.09277343 0.3769531 0.1083984 0.3769531 0.1083984 0.3979492 0.09277343 0.390625 0.1230468 0.390625 0.1230468 0.3979492 0.09277343 0.4152832 0.1103515 0.1174316 0.0625 0.1488037 0.05566406 0.1513671 0.06933593 0.1174316 0.0625 0.1513671 0.06933593 0.1248779 0.07421875 0.1248779 0.07421875 0.1513671 0.06933593 0.1525878 0.08398437 0.1248779 0.07421875 0.1525878 0.08398437 0.1315917 0.08935546 0.1315917 0.08935546 0.1525878 0.08398437 0.135498 0.1030273 0.135498 0.1030273 0.1525878 0.08398437 0.151123 0.09667968 0.135498 0.1030273 0.151123 0.09667968 0.1381835 0.1225585 0.1381835 0.1225585 0.151123 0.09667968 0.1582031 0.1044921 0.1381835 0.1225585 0.1582031 0.1044921 0.1500244 0.130371 0.1500244 0.130371 0.1582031 0.1044921 0.1678466 0.1123046 0.1678466 0.1123046 0.1582031 0.1044921 0.1844482 0.09375 0.1844482 0.09375 0.1582031 0.1044921 0.1691894 0.08740234 0.1844482 0.09375 0.1691894 0.08740234 0.1770019 0.07177734 0.1770019 0.07177734 0.1691894 0.08740234 0.1513671 0.06933593 0.1770019 0.07177734 0.1513671 0.06933593 0.186035 0.05664062 0.186035 0.05664062 0.1513671 0.06933593 0.1488037 0.05566406 0.1513671 0.06933593 0.1691894 0.08740234 0.1525878 0.08398437 0.1525878 0.08398437 0.1691894 0.08740234 0.1582031 0.1044921 0.1525878 0.08398437 0.1582031 0.1044921 0.151123 0.09667968 0.2504883 0.05078125 0.2233886 0.08496093 0.2194824 0.05664062 0.2194824 0.05664062 0.2233886 0.08496093 0.2037353 0.07324218 0.2194824 0.05664062 0.2037353 0.07324218 0.186035 0.05664062 0.186035 0.05664062 0.2037353 0.07324218 0.1949462 0.08349609 0.186035 0.05664062 0.1949462 0.08349609 0.1770019 0.07177734 0.1770019 0.07177734 0.1949462 0.08349609 0.1844482 0.09375 0.1844482 0.09375 0.1949462 0.08349609 0.2062988 0.1035156 0.2062988 0.1035156 0.1949462 0.08349609 0.2037353 0.07324218 0.2062988 0.1035156 0.2037353 0.07324218 0.2233886 0.08496093 0.08270263 0.1552734 0.1017456 0.1308593 0.09368896 0.1518554 0.09368896 0.1518554 0.1017456 0.1308593 0.1170043 0.1245117 0.09368896 0.1518554 0.1170043 0.1245117 0.107727 0.1499023 0.107727 0.1499023 0.1170043 0.1245117 0.1218872 0.1518554 0.1218872 0.1518554 0.1170043 0.1245117 0.1381835 0.1225585 0.1218872 0.1518554 0.1381835 0.1225585 0.1329345 0.1567382 0.1329345 0.1567382 0.1381835 0.1225585 0.1500244 0.130371 0.1329345 0.1567382 0.1500244 0.130371 0.1580809 0.1381835 0.1580809 0.1381835 0.1500244 0.130371 0.1678466 0.1123046 0.1580809 0.1381835 0.1678466 0.1123046 0.1748046 0.125 0.1748046 0.125 0.1678466 0.1123046 0.1844482 0.09375 0.1748046 0.125 0.1844482 0.09375 0.1903076 0.114746 0.1903076 0.114746 0.1844482 0.09375 0.2062988 0.1035156 0.1903076 0.114746 0.2062988 0.1035156 0.2047119 0.1396484 0.2047119 0.1396484 0.2062988 0.1035156 0.2233886 0.08496093 0.2047119 0.1396484 0.2233886 0.08496093 0.2285156 0.1162109 0.2285156 0.1162109 0.2233886 0.08496093 0.2502442 0.08154296 0.2285156 0.1162109 0.2502442 0.08154296 0.2543945 0.1054687 0.2543945 0.1054687 0.2502442 0.08154296 0.2817383 0.1040039 0.2543945 0.1054687 0.2817383 0.1040039 0.2783203 0.118164 0.2783203 0.118164 0.2817383 0.1040039 0.3066406 0.1108398 0.2783203 0.118164 0.3066406 0.1108398 0.2990723 0.1210937 0.2990723 0.1210937 0.3066406 0.1108398 0.3161621 0.1308593 0.2990723 0.1210937 0.3161621 0.1308593 0.2937012 0.1289062 0.2937012 0.1289062 0.3161621 0.1308593 0.3083496 0.1396484 0.2937012 0.1289062 0.3083496 0.1396484 0.3027344 0.145996 0.3027344 0.145996 0.3083496 0.1396484 0.3120117 0.1606445 0.3027344 0.145996 0.3120117 0.1606445 0.2988281 0.1523437 0.2988281 0.1523437 0.3120117 0.1606445 0.3051758 0.1635742 0.2988281 0.1523437 0.3051758 0.1635742 0.2963867 0.1669921 0.2963867 0.1669921 0.3051758 0.1635742 0.3032227 0.1777343 0.2963867 0.1669921 0.3032227 0.1777343 0.2858887 0.1748046 0.2783203 0.118164 0.2990723 0.1210937 0.2770996 0.1269531 0.2770996 0.1269531 0.2990723 0.1210937 0.2937012 0.1289062 0.2770996 0.1269531 0.2937012 0.1289062 0.2912598 0.1386718 0.2912598 0.1386718 0.2937012 0.1289062 0.3027344 0.145996 0.2912598 0.1386718 0.3027344 0.145996 0.2988281 0.1523437 0.2912598 0.1386718 0.2988281 0.1523437 0.2878418 0.1508789 0.2878418 0.1508789 0.2988281 0.1523437 0.2963867 0.1669921 0.2878418 0.1508789 0.2963867 0.1669921 0.2858887 0.1748046 0.2878418 0.1508789 0.2858887 0.1748046 0.2756348 0.161621 0.2878418 0.1508789 0.2756348 0.161621 0.2773438 0.1450195 0.2878418 0.1508789 0.2773438 0.1450195 0.2912598 0.1386718 0.2912598 0.1386718 0.2773438 0.1450195 0.2770996 0.1357421 0.2912598 0.1386718 0.2770996 0.1357421 0.2770996 0.1269531 0.2817383 0.1040039 0.3205567 0.09667968 0.3066406 0.1108398 0.3066406 0.1108398 0.3205567 0.09667968 0.3415527 0.1108398 0.3415527 0.1108398 0.3205567 0.09667968 0.3408203 0.07177734 0.3415527 0.1108398 0.3408203 0.07177734 0.364502 0.09326171 0.3415527 0.1108398 0.364502 0.09326171 0.3769531 0.1083984 0.3415527 0.1108398 0.3769531 0.1083984 0.3542481 0.1210937 0.3542481 0.1210937 0.3769531 0.1083984 0.390625 0.1230468 0.3542481 0.1210937 0.390625 0.1230468 0.3635254 0.130371 0.3542481 0.1210937 0.3635254 0.130371 0.3376465 0.1367187 0.3376465 0.1367187 0.3635254 0.130371 0.3486328 0.1440429 0.3376465 0.1367187 0.3486328 0.1440429 0.3391113 0.1601562 0.3376465 0.1367187 0.3391113 0.1601562 0.3286133 0.145996 0.3286133 0.145996 0.3391113 0.1601562 0.3271484 0.1816406 0.3286133 0.145996 0.3271484 0.1816406 0.3200684 0.1557617 0.3200684 0.1557617 0.3271484 0.1816406 0.3120117 0.1606445 0.3200684 0.1557617 0.3120117 0.1606445 0.3083496 0.1396484 0.3200684 0.1557617 0.3083496 0.1396484 0.3286133 0.145996 0.3286133 0.145996 0.3083496 0.1396484 0.3161621 0.1308593 0.3286133 0.145996 0.3161621 0.1308593 0.3376465 0.1367187 0.3376465 0.1367187 0.3161621 0.1308593 0.3249512 0.1235351 0.3249512 0.1235351 0.3161621 0.1308593 0.3066406 0.1108398 0.3249512 0.1235351 0.3066406 0.1108398 0.3415527 0.1108398 0.3249512 0.1235351 0.3415527 0.1108398 0.3376465 0.1367187 0.3376465 0.1367187 0.3415527 0.1108398 0.3542481 0.1210937 0.3032227 0.1777343 0.2976074 0.1875 0.2858887 0.1748046 0.2858887 0.1748046 0.2976074 0.1875 0.2849121 0.1982421 0.2849121 0.1982421 0.2976074 0.1875 0.3044434 0.1943359 0.3044434 0.1943359 0.2976074 0.1875 0.3032227 0.1777343 0.3044434 0.1943359 0.3032227 0.1777343 0.3093262 0.1787109 0.3093262 0.1787109 0.3032227 0.1777343 0.3051758 0.1635742 0.3093262 0.1787109 0.3051758 0.1635742 0.3166504 0.1801757 0.3166504 0.1801757 0.3051758 0.1635742 0.3120117 0.1606445 0.3166504 0.1801757 0.3120117 0.1606445 0.3271484 0.1816406 0.3166504 0.1801757 0.3271484 0.1816406 0.3122559 0.2026367 0.3122559 0.2026367 0.3271484 0.1816406 0.3242188 0.217285 0.3122559 0.2026367 0.3242188 0.217285 0.3027344 0.2192382 0.3027344 0.2192382 0.3242188 0.217285 0.3115234 0.2363281 0.3027344 0.2192382 0.3115234 0.2363281 0.2929688 0.2368164 0.2929688 0.2368164 0.3115234 0.2363281 0.3005371 0.243164 0.2929688 0.2368164 0.3005371 0.243164 0.2949219 0.265625 0.2949219 0.265625 0.3005371 0.243164 0.3024902 0.2641602 0.3024902 0.2641602 0.3005371 0.243164 0.3115234 0.2363281 0.3024902 0.2641602 0.3115234 0.2363281 0.3105469 0.2597656 0.3105469 0.2597656 0.3115234 0.2363281 0.3186035 0.2592774 0.3105469 0.2597656 0.3186035 0.2592774 0.3188477 0.2797852 0.3105469 0.2597656 0.3188477 0.2797852 0.3024902 0.2641602 0.3024902 0.2641602 0.3188477 0.2797852 0.3098145 0.2919922 0.3024902 0.2641602 0.3098145 0.2919922 0.2995606 0.2949219 0.3024902 0.2641602 0.2995606 0.2949219 0.2949219 0.265625 0.2949219 0.265625 0.2995606 0.2949219 0.2849121 0.2724609 0.2949219 0.265625 0.2849121 0.2724609 0.2929688 0.2368164 0.2929688 0.2368164 0.2849121 0.2724609 0.277832 0.2480468 0.2929688 0.2368164 0.277832 0.2480468 0.2819824 0.2197265 0.2819824 0.2197265 0.277832 0.2480468 0.2651367 0.2299804 0.2819824 0.2197265 0.2651367 0.2299804 0.269043 0.2089843 0.269043 0.2089843 0.2651367 0.2299804 0.2504883 0.2207031 0.3093262 0.1787109 0.3166504 0.1801757 0.3044434 0.1943359 0.3044434 0.1943359 0.3166504 0.1801757 0.3122559 0.2026367 0.3044434 0.1943359 0.3122559 0.2026367 0.2939453 0.2080078 0.2939453 0.2080078 0.3122559 0.2026367 0.3027344 0.2192382 0.2939453 0.2080078 0.3027344 0.2192382 0.2929688 0.2368164 0.2939453 0.2080078 0.2929688 0.2368164 0.2819824 0.2197265 0.2939453 0.2080078 0.2819824 0.2197265 0.269043 0.2089843 0.2939453 0.2080078 0.269043 0.2089843 0.2849121 0.1982421 0.2939453 0.2080078 0.2849121 0.1982421 0.3044434 0.1943359 0.3269043 0.2685547 0.3188477 0.2797852 0.3186035 0.2592774 0.3269043 0.2685547 0.3186035 0.2592774 0.3310547 0.2587891 0.3310547 0.2587891 0.3186035 0.2592774 0.3239746 0.2495117 0.3239746 0.2495117 0.3186035 0.2592774 0.3115234 0.2363281 0.3239746 0.2495117 0.3115234 0.2363281 0.3242188 0.217285 0.3239746 0.2495117 0.3242188 0.217285 0.3366699 0.2436523 0.3239746 0.2495117 0.3366699 0.2436523 0.3310547 0.2587891 0.3310547 0.2587891 0.3366699 0.2436523 0.3383789 0.2573242 0.3310547 0.2587891 0.3383789 0.2573242 0.3383789 0.2724609 0.3310547 0.2587891 0.3383789 0.2724609 0.3269043 0.2685547 0.3269043 0.2685547 0.3383789 0.2724609 0.3327637 0.2929688 0.3269043 0.2685547 0.3327637 0.2929688 0.3188477 0.2797852 0.3188477 0.2797852 0.3327637 0.2929688 0.3208008 0.3017578 0.3188477 0.2797852 0.3208008 0.3017578 0.3098145 0.2919922 0.3098145 0.2919922 0.3208008 0.3017578 0.3125 0.3212891 0.3125 0.3212891 0.3208008 0.3017578 0.3217774 0.3227539 0.3125 0.3212891 0.3217774 0.3227539 0.3249512 0.3515625 0.3125 0.3212891 0.3249512 0.3515625 0.3166504 0.3515625 0.3166504 0.3515625 0.3249512 0.3515625 0.3229981 0.3896484 0.3229981 0.3896484 0.3249512 0.3515625 0.3305664 0.387207 0.3229981 0.3896484 0.3305664 0.387207 0.3391113 0.4160156 0.3229981 0.3896484 0.3391113 0.4160156 0.331543 0.418457 0.3056641 0.4003906 0.2983399 0.3535156 0.3088379 0.3544922 0.3088379 0.3544922 0.2983399 0.3535156 0.2958984 0.3242188 0.3088379 0.3544922 0.2958984 0.3242188 0.3037109 0.3222656 0.3037109 0.3222656 0.2958984 0.3242188 0.2995606 0.2949219 0.3037109 0.3222656 0.2995606 0.2949219 0.3098145 0.2919922 0.3037109 0.3222656 0.3098145 0.2919922 0.3125 0.3212891 0.3037109 0.3222656 0.3125 0.3212891 0.3166504 0.3515625 0.3037109 0.3222656 0.3166504 0.3515625 0.3088379 0.3544922 0.3088379 0.3544922 0.3166504 0.3515625 0.3151856 0.3916016 0.3151856 0.3916016 0.3166504 0.3515625 0.3229981 0.3896484 0.3151856 0.3916016 0.3229981 0.3896484 0.3242188 0.4194336 0.3242188 0.4194336 0.3229981 0.3896484 0.331543 0.418457 0.3242188 0.4194336 0.331543 0.418457 0.3322754 0.4389649 0.3322754 0.4389649 0.331543 0.418457 0.3405762 0.4370117 0.3322754 0.4389649 0.3405762 0.4370117 0.3474121 0.4550781 0.3322754 0.4389649 0.3474121 0.4550781 0.3369141 0.4575195 0.3322754 0.4389649 0.3369141 0.4575195 0.3261719 0.4594727 0.3322754 0.4389649 0.3261719 0.4594727 0.3210449 0.4433594 0.3210449 0.4433594 0.3261719 0.4594727 0.3154297 0.465332 0.3154297 0.465332 0.3261719 0.4594727 0.3183594 0.4785156 0.3154297 0.465332 0.3183594 0.4785156 0.3100586 0.4824219 0.3154297 0.465332 0.3100586 0.4824219 0.3056641 0.4755859 0.3056641 0.4755859 0.3100586 0.4824219 0.2998047 0.4936524 0.2998047 0.4936524 0.3100586 0.4824219 0.3076172 0.496582 0.2998047 0.4936524 0.3076172 0.496582 0.2973633 0.5175781 0.2973633 0.5175781 0.3076172 0.496582 0.3068848 0.5175781 0.2973633 0.5175781 0.3068848 0.5175781 0.3051758 0.5456543 0.2973633 0.5175781 0.3051758 0.5456543 0.2961426 0.5437012 0.2961426 0.5437012 0.3051758 0.5456543 0.2946777 0.5644531 0.2946777 0.5644531 0.3051758 0.5456543 0.3037109 0.5710449 0.2946777 0.5644531 0.3037109 0.5710449 0.2915039 0.5754395 0.2915039 0.5754395 0.3037109 0.5710449 0.2944336 0.5825195 0.331543 0.418457 0.3391113 0.4160156 0.348877 0.4331055 0.331543 0.418457 0.348877 0.4331055 0.3405762 0.4370117 0.3405762 0.4370117 0.348877 0.4331055 0.3474121 0.4550781 0.3474121 0.4550781 0.348877 0.4331055 0.3579102 0.4526367 0.3474121 0.4550781 0.3579102 0.4526367 0.3623047 0.4726563 0.3474121 0.4550781 0.3623047 0.4726563 0.3515625 0.4746094 0.3474121 0.4550781 0.3515625 0.4746094 0.3369141 0.4575195 0.3369141 0.4575195 0.3515625 0.4746094 0.3408203 0.4765625 0.3369141 0.4575195 0.3408203 0.4765625 0.3261719 0.4594727 0.3261719 0.4594727 0.3408203 0.4765625 0.3305664 0.4736328 0.3261719 0.4594727 0.3305664 0.4736328 0.3183594 0.4785156 0.3183594 0.4785156 0.3305664 0.4736328 0.3181152 0.4970703 0.3183594 0.4785156 0.3181152 0.4970703 0.3100586 0.4824219 0.3100586 0.4824219 0.3181152 0.4970703 0.3076172 0.496582 0.3076172 0.496582 0.3181152 0.4970703 0.3173828 0.5185547 0.3076172 0.496582 0.3173828 0.5185547 0.3068848 0.5175781 0.3068848 0.5175781 0.3173828 0.5185547 0.3051758 0.5456543 0.3051758 0.5456543 0.3173828 0.5185547 0.3156738 0.5463867 0.3051758 0.5456543 0.3156738 0.5463867 0.3144531 0.5693359 0.3051758 0.5456543 0.3144531 0.5693359 0.3037109 0.5710449 0.3037109 0.5710449 0.3144531 0.5693359 0.3134766 0.5839844 0.3037109 0.5710449 0.3134766 0.5839844 0.3049317 0.5861817 0.3037109 0.5710449 0.3049317 0.5861817 0.2961426 0.5913086 0.3037109 0.5710449 0.2961426 0.5913086 0.2944336 0.5825195 0.2944336 0.5825195 0.2961426 0.5913086 0.2861328 0.5952149 0.2944336 0.5825195 0.2861328 0.5952149 0.2841797 0.5886231 0.2944336 0.5825195 0.2841797 0.5886231 0.2915039 0.5754395 0.2915039 0.5754395 0.2841797 0.5886231 0.2841797 0.5766602 0.2915039 0.5754395 0.2841797 0.5766602 0.2856445 0.5615234 0.2856445 0.5615234 0.2841797 0.5766602 0.2758789 0.5600586 0.2856445 0.5615234 0.2758789 0.5600586 0.2773438 0.5351563 0.2773438 0.5351563 0.2758789 0.5600586 0.2661133 0.5546875 0.3225098 0.5917969 0.3127442 0.5930176 0.3225098 0.5842285 0.3225098 0.5842285 0.3127442 0.5930176 0.3134766 0.5839844 0.3225098 0.5842285 0.3134766 0.5839844 0.3227539 0.5720215 0.3227539 0.5720215 0.3134766 0.5839844 0.3144531 0.5693359 0.3227539 0.5720215 0.3144531 0.5693359 0.3156738 0.5463867 0.3227539 0.5720215 0.3156738 0.5463867 0.3242188 0.5478516 0.3242188 0.5478516 0.3156738 0.5463867 0.328125 0.5202637 0.328125 0.5202637 0.3156738 0.5463867 0.3173828 0.5185547 0.328125 0.5202637 0.3173828 0.5185547 0.3300781 0.4985352 0.3300781 0.4985352 0.3173828 0.5185547 0.3181152 0.4970703 0.3300781 0.4985352 0.3181152 0.4970703 0.3305664 0.4736328 0.3300781 0.4985352 0.3305664 0.4736328 0.3432617 0.5026856 0.3432617 0.5026856 0.3305664 0.4736328 0.3408203 0.4765625 0.3432617 0.5026856 0.3408203 0.4765625 0.3515625 0.4746094 0.3432617 0.5026856 0.3515625 0.4746094 0.3544922 0.4946289 0.3544922 0.4946289 0.3515625 0.4746094 0.3623047 0.4726563 0.3544922 0.4946289 0.3623047 0.4726563 0.3630371 0.4931641 0.2871094 0.6022949 0.2861328 0.5952149 0.2971192 0.598877 0.2971192 0.598877 0.2861328 0.5952149 0.2961426 0.5913086 0.2971192 0.598877 0.2961426 0.5913086 0.3051758 0.595459 0.3051758 0.595459 0.2961426 0.5913086 0.3049317 0.5861817 0.3051758 0.595459 0.3049317 0.5861817 0.3134766 0.5839844 0.3051758 0.595459 0.3134766 0.5839844 0.3127442 0.5930176 0.2407225 0.5541992 0.2546387 0.5483399 0.2524414 0.5617676 0.2524414 0.5617676 0.2546387 0.5483399 0.263916 0.5705567 0.2524414 0.5617676 0.263916 0.5705567 0.2600098 0.5849609 0.2600098 0.5849609 0.263916 0.5705567 0.2741699 0.578125 0.2600098 0.5849609 0.2741699 0.578125 0.2734375 0.5881348 0.2600098 0.5849609 0.2734375 0.5881348 0.2607422 0.6035156 0.2607422 0.6035156 0.2734375 0.5881348 0.2741699 0.5969238 0.2741699 0.5969238 0.2734375 0.5881348 0.2861328 0.5952149 0.2861328 0.5952149 0.2734375 0.5881348 0.2841797 0.5886231 0.2841797 0.5886231 0.2734375 0.5881348 0.2741699 0.578125 0.2841797 0.5886231 0.2741699 0.578125 0.2841797 0.5766602 0.2841797 0.5766602 0.2741699 0.578125 0.2758789 0.5600586 0.2758789 0.5600586 0.2741699 0.578125 0.2661133 0.5546875 0.2661133 0.5546875 0.2741699 0.578125 0.263916 0.5705567 0.2661133 0.5546875 0.263916 0.5705567 0.2546387 0.5483399 0.2407225 0.5541992 0.2407225 0.543457 0.2546387 0.5483399 0.2546387 0.5483399 0.2407225 0.543457 0.2539063 0.5310059 0.2546387 0.5483399 0.2539063 0.5310059 0.2661133 0.5546875 0.2661133 0.5546875 0.2539063 0.5310059 0.2670899 0.5375977 0.2661133 0.5546875 0.2670899 0.5375977 0.2773438 0.5351563 0.2773438 0.5351563 0.2670899 0.5375977 0.2761231 0.5200195 0.2773438 0.5351563 0.2761231 0.5200195 0.2805176 0.5087891 0.2805176 0.5087891 0.2761231 0.5200195 0.2758789 0.5007324 0.2805176 0.5087891 0.2758789 0.5007324 0.2807617 0.4775391 0.2807617 0.4775391 0.2758789 0.5007324 0.2683106 0.4946289 0.2683106 0.4946289 0.2758789 0.5007324 0.2761231 0.5200195 0.2683106 0.4946289 0.2761231 0.5200195 0.265625 0.5166016 0.265625 0.5166016 0.2761231 0.5200195 0.2670899 0.5375977 0.265625 0.5166016 0.2670899 0.5375977 0.2541504 0.5100098 0.2541504 0.5100098 0.2670899 0.5375977 0.2539063 0.5310059 0.2541504 0.5100098 0.2539063 0.5310059 0.2388916 0.5268555 0.2388916 0.5268555 0.2539063 0.5310059 0.2407225 0.543457 0.2388916 0.5268555 0.2407225 0.543457 0.2207031 0.5290527 0.2388916 0.5268555 0.2207031 0.5290527 0.241333 0.5041504 0.2388916 0.5268555 0.241333 0.5041504 0.2541504 0.5100098 0.2541504 0.5100098 0.241333 0.5041504 0.2474365 0.4804688 0.2541504 0.5100098 0.2474365 0.4804688 0.2587891 0.4873047 0.2587891 0.4873047 0.2474365 0.4804688 0.2668457 0.4648438 0.2587891 0.4873047 0.2668457 0.4648438 0.2683106 0.4946289 0.2587891 0.4873047 0.2683106 0.4946289 0.2541504 0.5100098 0.2541504 0.5100098 0.2683106 0.4946289 0.265625 0.5166016 0.2113037 0.4311524 0.2208251 0.4389649 0.2142333 0.4599609 0.2142333 0.4599609 0.2208251 0.4389649 0.2244873 0.4663086 0.2244873 0.4663086 0.2208251 0.4389649 0.2319335 0.4438477 0.2244873 0.4663086 0.2319335 0.4438477 0.2432861 0.4506836 0.2244873 0.4663086 0.2432861 0.4506836 0.2342529 0.4726563 0.2342529 0.4726563 0.2432861 0.4506836 0.2570801 0.4580078 0.2570801 0.4580078 0.2432861 0.4506836 0.2680664 0.4418945 0.2570801 0.4580078 0.2680664 0.4418945 0.2668457 0.4648438 0.2570801 0.4580078 0.2668457 0.4648438 0.2474365 0.4804688 0.2570801 0.4580078 0.2474365 0.4804688 0.2342529 0.4726563 0.2342529 0.4726563 0.2474365 0.4804688 0.241333 0.5041504 0.2342529 0.4726563 0.241333 0.5041504 0.2266845 0.5 0.2266845 0.5 0.241333 0.5041504 0.2207031 0.5290527 0.2266845 0.5 0.2207031 0.5290527 0.2154541 0.4941406 0.2154541 0.4941406 0.2207031 0.5290527 0.2077636 0.5219727 0.2154541 0.4941406 0.2077636 0.5219727 0.1972656 0.5161133 0.1972656 0.5161133 0.2077636 0.5219727 0.1898193 0.5424805 0.1972656 0.5161133 0.1898193 0.5424805 0.1877441 0.5114746 0.1972656 0.5161133 0.1877441 0.5114746 0.2037353 0.4892578 0.1972656 0.5161133 0.2037353 0.4892578 0.2154541 0.4941406 0.2154541 0.4941406 0.2037353 0.4892578 0.2244873 0.4663086 0.2244873 0.4663086 0.2037353 0.4892578 0.2142333 0.4599609 0.1877441 0.5114746 0.1934814 0.4848633 0.2037353 0.4892578 0.2037353 0.4892578 0.1934814 0.4848633 0.2021484 0.4550781 0.2037353 0.4892578 0.2021484 0.4550781 0.2142333 0.4599609 0.2142333 0.4599609 0.2021484 0.4550781 0.2113037 0.4311524 0.2113037 0.4311524 0.2021484 0.4550781 0.2025146 0.421875 0.2113037 0.4311524 0.2025146 0.421875 0.2209472 0.4111328 0.2113037 0.4311524 0.2209472 0.4111328 0.2269287 0.421875 0.2113037 0.4311524 0.2269287 0.421875 0.2208251 0.4389649 0.2208251 0.4389649 0.2269287 0.421875 0.234497 0.4311524 0.2208251 0.4389649 0.234497 0.4311524 0.2319335 0.4438477 0.2319335 0.4438477 0.234497 0.4311524 0.2480468 0.4384766 0.2319335 0.4438477 0.2480468 0.4384766 0.2432861 0.4506836 0.2432861 0.4506836 0.2480468 0.4384766 0.2680664 0.4418945 0.2680664 0.4418945 0.2480468 0.4384766 0.2526856 0.4267578 0.2680664 0.4418945 0.2526856 0.4267578 0.2675781 0.4238281 0.2897949 0.4257813 0.282959 0.4506836 0.2802734 0.4228516 0.2802734 0.4228516 0.282959 0.4506836 0.2763672 0.4467774 0.2763672 0.4467774 0.282959 0.4506836 0.2668457 0.4648438 0.2763672 0.4467774 0.2668457 0.4648438 0.2680664 0.4418945 0.2763672 0.4467774 0.2680664 0.4418945 0.2802734 0.4228516 0.2802734 0.4228516 0.2680664 0.4418945 0.2675781 0.4238281 0.2802734 0.4228516 0.2675781 0.4238281 0.2631836 0.4033203 0.2631836 0.4033203 0.2675781 0.4238281 0.2524414 0.4160156 0.2524414 0.4160156 0.2675781 0.4238281 0.2526856 0.4267578 0.2524414 0.4160156 0.2526856 0.4267578 0.2403564 0.4213867 0.2403564 0.4213867 0.2526856 0.4267578 0.2480468 0.4384766 0.2403564 0.4213867 0.2480468 0.4384766 0.234497 0.4311524 0.2403564 0.4213867 0.234497 0.4311524 0.2354736 0.4101563 0.2354736 0.4101563 0.234497 0.4311524 0.2269287 0.421875 0.2354736 0.4101563 0.2269287 0.421875 0.2332763 0.3964844 0.2332763 0.3964844 0.2269287 0.421875 0.2209472 0.4111328 0.2332763 0.3964844 0.2209472 0.4111328 0.2126464 0.3989258 0.2126464 0.3989258 0.2209472 0.4111328 0.2025146 0.421875 0.2126464 0.3989258 0.2025146 0.421875 0.1987304 0.3837891 0.1987304 0.3837891 0.2025146 0.421875 0.1837158 0.4086914 0.1987304 0.3837891 0.1837158 0.4086914 0.1660156 0.3950195 0.1660156 0.3950195 0.1837158 0.4086914 0.151123 0.4248047 0.1660156 0.3950195 0.151123 0.4248047 0.1297607 0.4121094 0.1297607 0.4121094 0.151123 0.4248047 0.1425781 0.456543 0.1425781 0.456543 0.151123 0.4248047 0.1716307 0.4379883 0.1716307 0.4379883 0.151123 0.4248047 0.1837158 0.4086914 0.1716307 0.4379883 0.1837158 0.4086914 0.2025146 0.421875 0.1716307 0.4379883 0.2025146 0.421875 0.1900634 0.4487305 0.1900634 0.4487305 0.2025146 0.421875 0.2021484 0.4550781 0.1900634 0.4487305 0.2021484 0.4550781 0.1815184 0.4790039 0.1815184 0.4790039 0.2021484 0.4550781 0.1934814 0.4848633 0.1815184 0.4790039 0.1934814 0.4848633 0.1877441 0.5114746 0.2489013 0.3852539 0.2631836 0.4033203 0.2474365 0.4042969 0.2474365 0.4042969 0.2631836 0.4033203 0.2524414 0.4160156 0.2474365 0.4042969 0.2524414 0.4160156 0.2442626 0.4150391 0.2442626 0.4150391 0.2524414 0.4160156 0.2403564 0.4213867 0.2442626 0.4150391 0.2403564 0.4213867 0.2354736 0.4101563 0.2442626 0.4150391 0.2354736 0.4101563 0.2474365 0.4042969 0.2474365 0.4042969 0.2354736 0.4101563 0.2332763 0.3964844 0.2474365 0.4042969 0.2332763 0.3964844 0.2489013 0.3852539 0.2489013 0.3852539 0.2332763 0.3964844 0.243164 0.3652344 0.2489013 0.3852539 0.243164 0.3652344 0.2651367 0.3740234 0.2651367 0.3740234 0.243164 0.3652344 0.2602539 0.3500977 0.2651367 0.3740234 0.2602539 0.3500977 0.2741699 0.3383789 0.2741699 0.3383789 0.2602539 0.3500977 0.2514649 0.3271484 0.2514649 0.3271484 0.2602539 0.3500977 0.243164 0.3652344 0.2514649 0.3271484 0.243164 0.3652344 0.2341307 0.34375 0.2341307 0.34375 0.243164 0.3652344 0.2159423 0.362793 0.2341307 0.34375 0.2159423 0.362793 0.2001953 0.34375 0.2001953 0.34375 0.2159423 0.362793 0.1987304 0.3837891 0.2001953 0.34375 0.1987304 0.3837891 0.1827391 0.3686524 0.1827391 0.3686524 0.1987304 0.3837891 0.1660156 0.3950195 0.1827391 0.3686524 0.1660156 0.3950195 0.1450195 0.3813477 0.1450195 0.3813477 0.1660156 0.3950195 0.1297607 0.4121094 0.1450195 0.3813477 0.1297607 0.4121094 0.1281738 0.3701172 0.1281738 0.3701172 0.1297607 0.4121094 0.1109619 0.4038086 0.1281738 0.3701172 0.1109619 0.4038086 0.1065063 0.3979492 0.1281738 0.3701172 0.1065063 0.3979492 0.1188354 0.362793 0.1281738 0.3701172 0.1188354 0.362793 0.1364746 0.3305664 0.1364746 0.3305664 0.1188354 0.362793 0.12854 0.3242188 0.1364746 0.3305664 0.12854 0.3242188 0.1479492 0.2958984 0.1479492 0.2958984 0.12854 0.3242188 0.1207275 0.3173828 0.1479492 0.2958984 0.1207275 0.3173828 0.1395263 0.2890625 0.1395263 0.2890625 0.1207275 0.3173828 0.130371 0.2807617 0.1425781 0.456543 0.1253662 0.4472656 0.1297607 0.4121094 0.1297607 0.4121094 0.1253662 0.4472656 0.1098632 0.4394531 0.1297607 0.4121094 0.1098632 0.4394531 0.1109619 0.4038086 0.1109619 0.4038086 0.1098632 0.4394531 0.09918212 0.4331055 0.1109619 0.4038086 0.09918212 0.4331055 0.1065063 0.3979492 0.1065063 0.3979492 0.09918212 0.4331055 0.09973144 0.3911133 0.1065063 0.3979492 0.09973144 0.3911133 0.1188354 0.362793 0.1188354 0.362793 0.09973144 0.3911133 0.1125488 0.3574219 0.1188354 0.362793 0.1125488 0.3574219 0.12854 0.3242188 0.12854 0.3242188 0.1125488 0.3574219 0.1050415 0.3510742 0.12854 0.3242188 0.1050415 0.3510742 0.1207275 0.3173828 0.1207275 0.3173828 0.1050415 0.3510742 0.1116333 0.3105469 0.1207275 0.3173828 0.1116333 0.3105469 0.130371 0.2807617 0.130371 0.2807617 0.1116333 0.3105469 0.1033935 0.3056641 0.130371 0.2807617 0.1033935 0.3056641 0.1221923 0.2734375 0.1221923 0.2734375 0.1033935 0.3056641 0.1131591 0.2636719 0.1221923 0.2734375 0.1131591 0.2636719 0.1461181 0.2495117 0.1461181 0.2495117 0.1131591 0.2636719 0.1437988 0.2402343 0.1461181 0.2495117 0.1437988 0.2402343 0.1867675 0.2197265 0.1867675 0.2197265 0.1437988 0.2402343 0.1796875 0.2138671 0.1867675 0.2197265 0.1796875 0.2138671 0.2156982 0.1816406 0.2156982 0.1816406 0.1796875 0.2138671 0.1700439 0.2070312 0.1700439 0.2070312 0.1796875 0.2138671 0.1437988 0.2402343 0.1700439 0.2070312 0.1437988 0.2402343 0.1398925 0.2324218 0.1398925 0.2324218 0.1437988 0.2402343 0.1131591 0.2636719 0.1398925 0.2324218 0.1131591 0.2636719 0.1173706 0.2446289 0.1173706 0.2446289 0.1131591 0.2636719 0.1046141 0.2470703 0.1173706 0.2446289 0.1046141 0.2470703 0.1071777 0.23291 0.1071777 0.23291 0.1046141 0.2470703 0.0961914 0.2426757 0.1071777 0.23291 0.0961914 0.2426757 0.09875488 0.227539 0.09875488 0.227539 0.0961914 0.2426757 0.08996582 0.2387695 0.09875488 0.227539 0.08996582 0.2387695 0.09094238 0.2246093 0.08996582 0.2387695 0.0961914 0.2426757 0.08154296 0.253418 0.08154296 0.253418 0.0961914 0.2426757 0.08801269 0.2626953 0.08801269 0.2626953 0.0961914 0.2426757 0.1046141 0.2470703 0.08801269 0.2626953 0.1046141 0.2470703 0.09729003 0.2661133 0.09729003 0.2661133 0.1046141 0.2470703 0.1131591 0.2636719 0.09729003 0.2661133 0.1131591 0.2636719 0.08410644 0.2963867 0.08410644 0.2963867 0.1131591 0.2636719 0.09313964 0.2998047 0.09313964 0.2998047 0.1131591 0.2636719 0.1033935 0.3056641 0.09313964 0.2998047 0.1033935 0.3056641 0.0883789 0.3417969 0.0883789 0.3417969 0.1033935 0.3056641 0.1116333 0.3105469 0.0883789 0.3417969 0.1116333 0.3105469 0.09704589 0.3457031 0.09704589 0.3457031 0.1116333 0.3105469 0.1050415 0.3510742 0.09704589 0.3457031 0.1050415 0.3510742 0.09051513 0.3842774 0.09051513 0.3842774 0.1050415 0.3510742 0.1125488 0.3574219 0.09051513 0.3842774 0.1125488 0.3574219 0.09973144 0.3911133 0.09051513 0.3842774 0.09973144 0.3911133 0.08972167 0.4257813 0.08972167 0.4257813 0.09973144 0.3911133 0.09918212 0.4331055 0.08972167 0.4257813 0.09918212 0.4331055 0.08514404 0.4594727 0.08514404 0.4594727 0.09918212 0.4331055 0.09588623 0.4672852 0.08514404 0.4594727 0.09588623 0.4672852 0.08422851 0.4916992 0.08422851 0.4916992 0.09588623 0.4672852 0.09594726 0.4985352 0.08422851 0.4916992 0.09594726 0.4985352 0.09466552 0.5261231 0.09466552 0.5261231 0.09594726 0.4985352 0.107666 0.5043945 0.09466552 0.5261231 0.107666 0.5043945 0.105957 0.5317383 0.105957 0.5317383 0.107666 0.5043945 0.1204833 0.5100098 0.105957 0.5317383 0.1204833 0.5100098 0.1179199 0.5366211 0.1179199 0.5366211 0.1204833 0.5100098 0.130249 0.5432129 0.1179199 0.5366211 0.130249 0.5432129 0.119873 0.5793457 0.1179199 0.5366211 0.119873 0.5793457 0.1065673 0.5617676 0.1065673 0.5617676 0.119873 0.5793457 0.08801269 0.5886231 0.1065673 0.5617676 0.08801269 0.5886231 0.08020019 0.5830078 0.08020019 0.5830078 0.08801269 0.5886231 0.069458 0.6074219 0.06057739 0.5710449 0.0649414 0.5419922 0.06744384 0.5732422 0.06744384 0.5732422 0.0649414 0.5419922 0.07781982 0.546875 0.06744384 0.5732422 0.07781982 0.546875 0.08874511 0.5505371 0.08874511 0.5505371 0.07781982 0.546875 0.09466552 0.5261231 0.08874511 0.5505371 0.09466552 0.5261231 0.09698486 0.5556641 0.09698486 0.5556641 0.09466552 0.5261231 0.105957 0.5317383 0.09698486 0.5556641 0.105957 0.5317383 0.1179199 0.5366211 0.09698486 0.5556641 0.1179199 0.5366211 0.1065673 0.5617676 0.09698486 0.5556641 0.1065673 0.5617676 0.08020019 0.5830078 0.09698486 0.5556641 0.08020019 0.5830078 0.08874511 0.5505371 0.08874511 0.5505371 0.08020019 0.5830078 0.07403564 0.5776367 0.08874511 0.5505371 0.07403564 0.5776367 0.06744384 0.5732422 0.06744384 0.5732422 0.07403564 0.5776367 0.06524658 0.6032715 0.06524658 0.6032715 0.07403564 0.5776367 0.08020019 0.5830078 0.08020019 0.5830078 0.069458 0.6074219 0.06524658 0.6032715 0.06524658 0.6032715 0.069458 0.6074219 0.06176751 0.6237793 0.06524658 0.6032715 0.06176751 0.6237793 0.05996704 0.6188965 0.05996704 0.6188965 0.06176751 0.6237793 0.05520623 0.630127 0.05996704 0.6188965 0.05520623 0.630127 0.05541992 0.6203613 0.05996704 0.6188965 0.05541992 0.6203613 0.06524658 0.6032715 0.06524658 0.6032715 0.05541992 0.6203613 0.05984497 0.6010742 0.06524658 0.6032715 0.05984497 0.6010742 0.06744384 0.5732422 0.06744384 0.5732422 0.05984497 0.6010742 0.05227661 0.6015625 0.06744384 0.5732422 0.05227661 0.6015625 0.06057739 0.5710449 0.06057739 0.5710449 0.05227661 0.6015625 0.04721069 0.6005859 0.06057739 0.5710449 0.04721069 0.6005859 0.05276489 0.5703125 0.06057739 0.5710449 0.05276489 0.5703125 0.0649414 0.5419922 0.0649414 0.5419922 0.05276489 0.5703125 0.05541992 0.5375977 0.0649414 0.5419922 0.05541992 0.5375977 0.05844116 0.5056152 0.0649414 0.5419922 0.05844116 0.5056152 0.06811523 0.5124512 0.06811523 0.5124512 0.05844116 0.5056152 0.07147216 0.4829102 0.07147216 0.4829102 0.05844116 0.5056152 0.06155395 0.4746094 0.07147216 0.4829102 0.06155395 0.4746094 0.07336425 0.4511719 0.07336425 0.4511719 0.06155395 0.4746094 0.06274414 0.4423828 0.07336425 0.4511719 0.06274414 0.4423828 0.06982421 0.409668 0.06982421 0.409668 0.06274414 0.4423828 0.04943841 0.4311524 0.06982421 0.409668 0.04943841 0.4311524 0.0614013 0.4008789 0.0614013 0.4008789 0.04943841 0.4311524 0.04010003 0.4189453 0.0614013 0.4008789 0.04010003 0.4189453 0.05184936 0.390625 0.05184936 0.390625 0.04010003 0.4189453 0.03088372 0.4042969 0.05184936 0.390625 0.03088372 0.4042969 0.0429992 0.3759766 0.0429992 0.3759766 0.03088372 0.4042969 0.02180474 0.3847656 0.0429992 0.3759766 0.02180474 0.3847656 0.03637695 0.359375 0.03637695 0.359375 0.02180474 0.3847656 0.03378289 0.340332 0.03378289 0.340332 0.02180474 0.3847656 0.02473443 0.3515625 0.03378289 0.340332 0.04406738 0.3276367 0.03637695 0.359375 0.03637695 0.359375 0.04406738 0.3276367 0.04937744 0.340332 0.03637695 0.359375 0.04937744 0.340332 0.0429992 0.3759766 0.0429992 0.3759766 0.04937744 0.340332 0.05624383 0.3535156 0.0429992 0.3759766 0.05624383 0.3535156 0.05184936 0.390625 0.05184936 0.390625 0.05624383 0.3535156 0.06500244 0.3662109 0.05184936 0.390625 0.06500244 0.3662109 0.0614013 0.4008789 0.0614013 0.4008789 0.06500244 0.3662109 0.0748291 0.3720703 0.0614013 0.4008789 0.0748291 0.3720703 0.06982421 0.409668 0.06982421 0.409668 0.0748291 0.3720703 0.08422851 0.378418 0.06982421 0.409668 0.08422851 0.378418 0.09051513 0.3842774 0.09051513 0.3842774 0.08422851 0.378418 0.09704589 0.3457031 0.09704589 0.3457031 0.08422851 0.378418 0.0883789 0.3417969 0.0883789 0.3417969 0.08422851 0.378418 0.0748291 0.3720703 0.0883789 0.3417969 0.0748291 0.3720703 0.06500244 0.3662109 0.0883789 0.3417969 0.06500244 0.3662109 0.07818603 0.3378906 0.0883789 0.3417969 0.07818603 0.3378906 0.09313964 0.2998047 0.09313964 0.2998047 0.07818603 0.3378906 0.08410644 0.2963867 0.08410644 0.2963867 0.07818603 0.3378906 0.06958007 0.3271484 0.06958007 0.3271484 0.07818603 0.3378906 0.05624383 0.3535156 0.05624383 0.3535156 0.07818603 0.3378906 0.06500244 0.3662109 0.05624383 0.3535156 0.04937744 0.340332 0.06958007 0.3271484 0.06958007 0.3271484 0.04937744 0.340332 0.06246948 0.3183594 0.06246948 0.3183594 0.04937744 0.340332 0.04406738 0.3276367 0.06246948 0.3183594 0.04406738 0.3276367 0.05664062 0.3115234 0.06246948 0.3183594 0.05664062 0.3115234 0.07586669 0.2905274 0.07586669 0.2905274 0.05664062 0.3115234 0.06970214 0.2856445 0.07586669 0.2905274 0.06970214 0.2856445 0.08154296 0.253418 0.07586669 0.2905274 0.08154296 0.253418 0.08801269 0.2626953 0.07586669 0.2905274 0.08801269 0.2626953 0.09729003 0.2661133 0.07586669 0.2905274 0.09729003 0.2661133 0.08410644 0.2963867 0.07586669 0.2905274 0.08410644 0.2963867 0.06958007 0.3271484 0.07586669 0.2905274 0.06958007 0.3271484 0.06246948 0.3183594 0.07336425 0.4511719 0.06982421 0.409668 0.07757568 0.4174805 0.07757568 0.4174805 0.06982421 0.409668 0.09051513 0.3842774 0.07757568 0.4174805 0.09051513 0.3842774 0.08972167 0.4257813 0.07757568 0.4174805 0.08972167 0.4257813 0.07336425 0.4511719 0.07336425 0.4511719 0.08972167 0.4257813 0.08514404 0.4594727 0.08514404 0.4594727 0.08422851 0.4916992 0.07336425 0.4511719 0.07336425 0.4511719 0.08422851 0.4916992 0.07147216 0.4829102 0.07147216 0.4829102 0.08422851 0.4916992 0.06811523 0.5124512 0.06811523 0.5124512 0.08422851 0.4916992 0.08276367 0.5197754 0.06811523 0.5124512 0.08276367 0.5197754 0.0649414 0.5419922 0.0649414 0.5419922 0.08276367 0.5197754 0.07781982 0.546875 0.07781982 0.546875 0.08276367 0.5197754 0.09466552 0.5261231 0.09466552 0.5261231 0.08276367 0.5197754 0.08422851 0.4916992 0.08996582 0.2387695 0.08154296 0.253418 0.09094238 0.2246093 0.09094238 0.2246093 0.08154296 0.253418 0.08404541 0.227539 0.09094238 0.2246093 0.08404541 0.227539 0.08233642 0.2041015 0.09094238 0.2246093 0.08233642 0.2041015 0.09344482 0.2075195 0.09094238 0.2246093 0.09344482 0.2075195 0.09875488 0.227539 0.09875488 0.227539 0.09344482 0.2075195 0.1029663 0.2099609 0.09875488 0.227539 0.1029663 0.2099609 0.1071777 0.23291 0.1071777 0.23291 0.1029663 0.2099609 0.1108398 0.2128906 0.1071777 0.23291 0.1108398 0.2128906 0.1177978 0.2163085 0.1177978 0.2163085 0.1108398 0.2128906 0.1190185 0.1850585 0.1190185 0.1850585 0.1108398 0.2128906 0.1029663 0.2099609 0.1190185 0.1850585 0.1029663 0.2099609 0.1088256 0.1821289 0.1088256 0.1821289 0.1029663 0.2099609 0.09344482 0.2075195 0.1088256 0.1821289 0.09344482 0.2075195 0.09906005 0.1791992 0.09906005 0.1791992 0.09344482 0.2075195 0.08233642 0.2041015 0.09906005 0.1791992 0.08233642 0.2041015 0.08728027 0.1782225 0.08728027 0.1782225 0.08233642 0.2041015 0.07714843 0.2021484 0.08728027 0.1782225 0.07714843 0.2021484 0.07946777 0.1791992 0.07946777 0.1791992 0.07714843 0.2021484 0.07208251 0.1982421 0.07946777 0.1791992 0.07208251 0.1982421 0.07159423 0.1796875 0.07946777 0.1791992 0.07159423 0.1796875 0.07537841 0.1601562 0.07946777 0.1791992 0.07537841 0.1601562 0.08270263 0.1552734 0.08270263 0.1552734 0.07537841 0.1601562 0.07788085 0.1347656 0.08270263 0.1552734 0.07788085 0.1347656 0.09472656 0.1313475 0.08270263 0.1552734 0.09472656 0.1313475 0.1017456 0.1308593 0.1017456 0.1308593 0.09472656 0.1313475 0.1151733 0.1118164 0.1151733 0.1118164 0.09472656 0.1313475 0.07788085 0.1347656 0.1151733 0.1118164 0.07788085 0.1347656 0.1056518 0.1049804 0.1056518 0.1049804 0.07788085 0.1347656 0.07965087 0.1157226 0.1056518 0.1049804 0.07965087 0.1157226 0.09362792 0.09375 0.09362792 0.09375 0.07965087 0.1157226 0.06622314 0.1069335 0.06622314 0.1069335 0.07965087 0.1157226 0.07000732 0.1186523 0.133789 0.2109375 0.1341552 0.224121 0.1151123 0.2338867 0.133789 0.2109375 0.1151123 0.2338867 0.1177978 0.2163085 0.1177978 0.2163085 0.1151123 0.2338867 0.1071777 0.23291 0.1071777 0.23291 0.1151123 0.2338867 0.1173706 0.2446289 0.1173706 0.2446289 0.1151123 0.2338867 0.1398925 0.2324218 0.1398925 0.2324218 0.1151123 0.2338867 0.1341552 0.224121 0.1398925 0.2324218 0.1341552 0.224121 0.1700439 0.2070312 0.1700439 0.2070312 0.1341552 0.224121 0.151123 0.211914 0.151123 0.211914 0.1341552 0.224121 0.1450195 0.2065429 0.1450195 0.2065429 0.1341552 0.224121 0.133789 0.2109375 0.1450195 0.2065429 0.133789 0.2109375 0.1419677 0.1918945 0.1419677 0.1918945 0.133789 0.2109375 0.1177978 0.2163085 0.1419677 0.1918945 0.1177978 0.2163085 0.1276855 0.1899414 0.1276855 0.1899414 0.1177978 0.2163085 0.1190185 0.1850585 0.1276855 0.1899414 0.1190185 0.1850585 0.1329345 0.1567382 0.1329345 0.1567382 0.1190185 0.1850585 0.1218872 0.1518554 0.1218872 0.1518554 0.1190185 0.1850585 0.1088256 0.1821289 0.1218872 0.1518554 0.1088256 0.1821289 0.107727 0.1499023 0.107727 0.1499023 0.1088256 0.1821289 0.09906005 0.1791992 0.107727 0.1499023 0.09906005 0.1791992 0.09368896 0.1518554 0.09368896 0.1518554 0.09906005 0.1791992 0.08728027 0.1782225 0.09368896 0.1518554 0.08728027 0.1782225 0.08270263 0.1552734 0.08270263 0.1552734 0.08728027 0.1782225 0.07946777 0.1791992 0.2783203 0.118164 0.2563477 0.121582 0.2543945 0.1054687 0.2543945 0.1054687 0.2563477 0.121582 0.2321777 0.1342773 0.2543945 0.1054687 0.2321777 0.1342773 0.2285156 0.1162109 0.2285156 0.1162109 0.2321777 0.1342773 0.2047119 0.1396484 0.2047119 0.1396484 0.2321777 0.1342773 0.2077636 0.1596679 0.2047119 0.1396484 0.2077636 0.1596679 0.1881103 0.1708984 0.1881103 0.1708984 0.2077636 0.1596679 0.182373 0.1889648 0.1881103 0.1708984 0.182373 0.1889648 0.1663818 0.1953125 0.1663818 0.1953125 0.182373 0.1889648 0.1700439 0.2070312 0.1663818 0.1953125 0.1700439 0.2070312 0.151123 0.211914 0.1663818 0.1953125 0.151123 0.211914 0.1450195 0.2065429 0.1663818 0.1953125 0.1450195 0.2065429 0.154663 0.1933593 0.154663 0.1933593 0.1450195 0.2065429 0.1419677 0.1918945 0.154663 0.1933593 0.1419677 0.1918945 0.1536865 0.1689453 0.1536865 0.1689453 0.1419677 0.1918945 0.1276855 0.1899414 0.1536865 0.1689453 0.1276855 0.1899414 0.1429443 0.161621 0.1429443 0.161621 0.1276855 0.1899414 0.1329345 0.1567382 0.1429443 0.161621 0.1329345 0.1567382 0.1580809 0.1381835 0.1429443 0.161621 0.1580809 0.1381835 0.1635742 0.149414 0.1635742 0.149414 0.1580809 0.1381835 0.1748046 0.125 0.1635742 0.149414 0.1748046 0.125 0.1749266 0.1469725 0.1749266 0.1469725 0.1748046 0.125 0.1903076 0.114746 0.1749266 0.1469725 0.1903076 0.114746 0.1888427 0.1445312 0.1888427 0.1445312 0.1903076 0.114746 0.2047119 0.1396484 0.1888427 0.1445312 0.2047119 0.1396484 0.1881103 0.1708984 0.1888427 0.1445312 0.1881103 0.1708984 0.1776123 0.1743164 0.1776123 0.1743164 0.1881103 0.1708984 0.1663818 0.1953125 0.1776123 0.1743164 0.1663818 0.1953125 0.154663 0.1933593 0.1776123 0.1743164 0.154663 0.1933593 0.1660156 0.1723632 0.1776123 0.1743164 0.1660156 0.1723632 0.1888427 0.1445312 0.1888427 0.1445312 0.1660156 0.1723632 0.1749266 0.1469725 0.1749266 0.1469725 0.1660156 0.1723632 0.1635742 0.149414 0.1635742 0.149414 0.1660156 0.1723632 0.1536865 0.1689453 0.1536865 0.1689453 0.1660156 0.1723632 0.154663 0.1933593 0.2634277 0.1376953 0.2384033 0.140625 0.2592774 0.1289062 0.2592774 0.1289062 0.2384033 0.140625 0.2563477 0.121582 0.2563477 0.121582 0.2384033 0.140625 0.2321777 0.1342773 0.2321777 0.1342773 0.2384033 0.140625 0.2077636 0.1596679 0.2077636 0.1596679 0.2384033 0.140625 0.2117919 0.1748046 0.2077636 0.1596679 0.2117919 0.1748046 0.182373 0.1889648 0.182373 0.1889648 0.2117919 0.1748046 0.1700439 0.2070312 0.1700439 0.2070312 0.2117919 0.1748046 0.2156982 0.1816406 0.2156982 0.1816406 0.2117919 0.1748046 0.2384033 0.140625 0.2563477 0.121582 0.2783203 0.118164 0.2770996 0.1269531 0.2563477 0.121582 0.2770996 0.1269531 0.2592774 0.1289062 0.2592774 0.1289062 0.2770996 0.1269531 0.2770996 0.1357421 0.2592774 0.1289062 0.2770996 0.1357421 0.2634277 0.1376953 0.2634277 0.1376953 0.2770996 0.1357421 0.2773438 0.1450195 0.2634277 0.1376953 0.2773438 0.1450195 0.2666016 0.1518554 0.2666016 0.1518554 0.2773438 0.1450195 0.2756348 0.161621 0.2666016 0.1518554 0.2756348 0.161621 0.2490234 0.1660156 0.2490234 0.1660156 0.2756348 0.161621 0.2602539 0.1767578 0.2490234 0.1660156 0.2602539 0.1767578 0.2373046 0.1982421 0.2373046 0.1982421 0.2602539 0.1767578 0.2722168 0.1865234 0.2373046 0.1982421 0.2722168 0.1865234 0.2570801 0.2006835 0.2570801 0.2006835 0.2722168 0.1865234 0.269043 0.2089843 0.2570801 0.2006835 0.269043 0.2089843 0.2475585 0.2114257 0.2570801 0.2006835 0.2475585 0.2114257 0.2373046 0.1982421 0.2373046 0.1982421 0.2475585 0.2114257 0.229248 0.2167968 0.2373046 0.1982421 0.229248 0.2167968 0.1984863 0.2353515 0.2373046 0.1982421 0.1984863 0.2353515 0.1956787 0.2250975 0.1956787 0.2250975 0.1984863 0.2353515 0.1557617 0.2553711 0.1956787 0.2250975 0.1557617 0.2553711 0.1867675 0.2197265 0.1867675 0.2197265 0.1557617 0.2553711 0.1461181 0.2495117 0.1461181 0.2495117 0.1557617 0.2553711 0.1221923 0.2734375 0.1221923 0.2734375 0.1557617 0.2553711 0.130371 0.2807617 0.130371 0.2807617 0.1557617 0.2553711 0.1395263 0.2890625 0.1395263 0.2890625 0.1557617 0.2553711 0.1644287 0.2617188 0.1644287 0.2617188 0.1557617 0.2553711 0.1984863 0.2353515 0.1644287 0.2617188 0.1984863 0.2353515 0.203125 0.2441406 0.203125 0.2441406 0.1984863 0.2353515 0.229248 0.2167968 0.203125 0.2441406 0.229248 0.2167968 0.2298583 0.2285156 0.2298583 0.2285156 0.229248 0.2167968 0.2475585 0.2114257 0.2298583 0.2285156 0.2475585 0.2114257 0.2504883 0.2207031 0.2504883 0.2207031 0.2475585 0.2114257 0.269043 0.2089843 0.1956787 0.2250975 0.1867675 0.2197265 0.2373046 0.1982421 0.2373046 0.1982421 0.1867675 0.2197265 0.2230224 0.1904296 0.2373046 0.1982421 0.2230224 0.1904296 0.2490234 0.1660156 0.2490234 0.1660156 0.2230224 0.1904296 0.2156982 0.1816406 0.2156982 0.1816406 0.2230224 0.1904296 0.1867675 0.2197265 0.269043 0.2089843 0.2722168 0.1865234 0.2849121 0.1982421 0.2849121 0.1982421 0.2722168 0.1865234 0.2858887 0.1748046 0.2858887 0.1748046 0.2722168 0.1865234 0.2602539 0.1767578 0.2858887 0.1748046 0.2602539 0.1767578 0.2756348 0.161621 0.2490234 0.1660156 0.2156982 0.1816406 0.2445068 0.1484375 0.2445068 0.1484375 0.2156982 0.1816406 0.2384033 0.140625 0.2445068 0.1484375 0.2384033 0.140625 0.2634277 0.1376953 0.2445068 0.1484375 0.2634277 0.1376953 0.2666016 0.1518554 0.2445068 0.1484375 0.2666016 0.1518554 0.2490234 0.1660156 0.203125 0.2441406 0.1721191 0.2685547 0.1644287 0.2617188 0.1644287 0.2617188 0.1721191 0.2685547 0.1395263 0.2890625 0.1395263 0.2890625 0.1721191 0.2685547 0.1479492 0.2958984 0.1479492 0.2958984 0.1721191 0.2685547 0.1566162 0.3032227 0.1479492 0.2958984 0.1566162 0.3032227 0.1364746 0.3305664 0.1364746 0.3305664 0.1566162 0.3032227 0.170288 0.3154297 0.1364746 0.3305664 0.170288 0.3154297 0.147705 0.3398438 0.1364746 0.3305664 0.147705 0.3398438 0.1281738 0.3701172 0.1281738 0.3701172 0.147705 0.3398438 0.170166 0.3579102 0.1281738 0.3701172 0.170166 0.3579102 0.1450195 0.3813477 0.1450195 0.3813477 0.170166 0.3579102 0.1827391 0.3686524 0.1827391 0.3686524 0.170166 0.3579102 0.2001953 0.34375 0.2001953 0.34375 0.170166 0.3579102 0.1921386 0.3354492 0.1921386 0.3354492 0.170166 0.3579102 0.147705 0.3398438 0.1921386 0.3354492 0.147705 0.3398438 0.170288 0.3154297 0.1921386 0.3354492 0.170288 0.3154297 0.1992187 0.2949219 0.1992187 0.2949219 0.170288 0.3154297 0.1809082 0.2768555 0.1809082 0.2768555 0.170288 0.3154297 0.1566162 0.3032227 0.1809082 0.2768555 0.1566162 0.3032227 0.1721191 0.2685547 0.1809082 0.2768555 0.1721191 0.2685547 0.211914 0.2509766 0.1809082 0.2768555 0.211914 0.2509766 0.2252197 0.2729492 0.2252197 0.2729492 0.211914 0.2509766 0.2332763 0.2407225 0.2252197 0.2729492 0.2332763 0.2407225 0.2430419 0.2529297 0.2430419 0.2529297 0.2332763 0.2407225 0.2467041 0.2333984 0.2430419 0.2529297 0.2467041 0.2333984 0.2539063 0.2407225 0.2430419 0.2529297 0.2539063 0.2407225 0.265625 0.2573242 0.2430419 0.2529297 0.265625 0.2573242 0.2541504 0.2651367 0.2430419 0.2529297 0.2541504 0.2651367 0.2252197 0.2729492 0.2252197 0.2729492 0.2541504 0.2651367 0.2331542 0.2875977 0.2252197 0.2729492 0.2331542 0.2875977 0.2116699 0.3100586 0.2252197 0.2729492 0.2116699 0.3100586 0.1992187 0.2949219 0.2252197 0.2729492 0.1992187 0.2949219 0.1809082 0.2768555 0.2729492 0.2792969 0.2595215 0.2890625 0.265625 0.2573242 0.265625 0.2573242 0.2595215 0.2890625 0.2541504 0.2651367 0.2541504 0.2651367 0.2595215 0.2890625 0.2331542 0.2875977 0.2331542 0.2875977 0.2595215 0.2890625 0.241455 0.3051758 0.2331542 0.2875977 0.241455 0.3051758 0.2116699 0.3100586 0.2116699 0.3100586 0.241455 0.3051758 0.2198486 0.3212891 0.2116699 0.3100586 0.2198486 0.3212891 0.2001953 0.34375 0.2116699 0.3100586 0.2001953 0.34375 0.1921386 0.3354492 0.2116699 0.3100586 0.1921386 0.3354492 0.1992187 0.2949219 0.1721191 0.2685547 0.203125 0.2441406 0.211914 0.2509766 0.211914 0.2509766 0.203125 0.2441406 0.2298583 0.2285156 0.211914 0.2509766 0.2298583 0.2285156 0.2332763 0.2407225 0.2332763 0.2407225 0.2298583 0.2285156 0.2467041 0.2333984 0.2467041 0.2333984 0.2298583 0.2285156 0.2504883 0.2207031 0.2467041 0.2333984 0.2504883 0.2207031 0.2651367 0.2299804 0.2467041 0.2333984 0.2651367 0.2299804 0.2539063 0.2407225 0.2539063 0.2407225 0.2651367 0.2299804 0.265625 0.2573242 0.265625 0.2573242 0.2651367 0.2299804 0.277832 0.2480468 0.265625 0.2573242 0.277832 0.2480468 0.2849121 0.2724609 0.265625 0.2573242 0.2849121 0.2724609 0.2729492 0.2792969 0.2729492 0.2792969 0.2849121 0.2724609 0.2788086 0.3056641 0.2729492 0.2792969 0.2788086 0.3056641 0.2595215 0.2890625 0.2595215 0.2890625 0.2788086 0.3056641 0.2668457 0.3129883 0.2595215 0.2890625 0.2668457 0.3129883 0.2514649 0.3271484 0.2514649 0.3271484 0.2668457 0.3129883 0.2741699 0.3383789 0.2741699 0.3383789 0.2668457 0.3129883 0.2788086 0.3056641 0.2741699 0.3383789 0.2788086 0.3056641 0.2839356 0.3325195 0.2839356 0.3325195 0.2788086 0.3056641 0.2905274 0.3291016 0.2905274 0.3291016 0.2788086 0.3056641 0.2905274 0.3027344 0.2905274 0.3027344 0.2788086 0.3056641 0.2849121 0.2724609 0.2905274 0.3027344 0.2849121 0.2724609 0.2995606 0.2949219 0.2905274 0.3027344 0.2995606 0.2949219 0.2958984 0.3242188 0.2905274 0.3027344 0.2958984 0.3242188 0.2905274 0.3291016 0.2905274 0.3291016 0.2958984 0.3242188 0.2983399 0.3535156 0.2905274 0.3291016 0.2983399 0.3535156 0.2839356 0.3325195 0.2839356 0.3325195 0.2983399 0.3535156 0.2902832 0.359375 0.2839356 0.3325195 0.2902832 0.359375 0.2741699 0.3383789 0.2741699 0.3383789 0.2902832 0.359375 0.2805176 0.3642578 0.2741699 0.3383789 0.2805176 0.3642578 0.2651367 0.3740234 0.2651367 0.3740234 0.2805176 0.3642578 0.2631836 0.4033203 0.2651367 0.3740234 0.2631836 0.4033203 0.2489013 0.3852539 0.2595215 0.2890625 0.2514649 0.3271484 0.241455 0.3051758 0.241455 0.3051758 0.2514649 0.3271484 0.2198486 0.3212891 0.2198486 0.3212891 0.2514649 0.3271484 0.2341307 0.34375 0.2198486 0.3212891 0.2341307 0.34375 0.2001953 0.34375 0.2983399 0.3535156 0.3056641 0.4003906 0.2902832 0.359375 0.2902832 0.359375 0.3056641 0.4003906 0.2937012 0.3955078 0.2902832 0.359375 0.2937012 0.3955078 0.2805176 0.3642578 0.2805176 0.3642578 0.2937012 0.3955078 0.28125 0.3955078 0.2805176 0.3642578 0.28125 0.3955078 0.2631836 0.4033203 0.2631836 0.4033203 0.28125 0.3955078 0.2802734 0.4228516 0.2802734 0.4228516 0.28125 0.3955078 0.2937012 0.3955078 0.2802734 0.4228516 0.2937012 0.3955078 0.2897949 0.4257813 0.2897949 0.4257813 0.2937012 0.3955078 0.3056641 0.4003906 0.3088379 0.3544922 0.3151856 0.3916016 0.3056641 0.4003906 0.3056641 0.4003906 0.3151856 0.3916016 0.3242188 0.4194336 0.3056641 0.4003906 0.3242188 0.4194336 0.3151856 0.4267578 0.3151856 0.4267578 0.3242188 0.4194336 0.3322754 0.4389649 0.3151856 0.4267578 0.3322754 0.4389649 0.3210449 0.4433594 0.3151856 0.4267578 0.3210449 0.4433594 0.3056641 0.4423828 0.3151856 0.4267578 0.3056641 0.4423828 0.3056641 0.4003906 0.3056641 0.4003906 0.3056641 0.4423828 0.2980957 0.4316406 0.3056641 0.4003906 0.2980957 0.4316406 0.2897949 0.4257813 0.2897949 0.4257813 0.2980957 0.4316406 0.2890625 0.4555664 0.2897949 0.4257813 0.2890625 0.4555664 0.282959 0.4506836 0.282959 0.4506836 0.2890625 0.4555664 0.2744141 0.4716797 0.282959 0.4506836 0.2744141 0.4716797 0.2668457 0.4648438 0.2668457 0.4648438 0.2744141 0.4716797 0.2683106 0.4946289 0.2683106 0.4946289 0.2744141 0.4716797 0.2807617 0.4775391 0.2807617 0.4775391 0.2744141 0.4716797 0.2890625 0.4555664 0.2807617 0.4775391 0.2890625 0.4555664 0.295166 0.4619141 0.295166 0.4619141 0.2890625 0.4555664 0.2980957 0.4316406 0.295166 0.4619141 0.2980957 0.4316406 0.3056641 0.4423828 0.295166 0.4619141 0.3056641 0.4423828 0.310791 0.4536133 0.310791 0.4536133 0.3056641 0.4423828 0.3210449 0.4433594 0.310791 0.4536133 0.3210449 0.4433594 0.3154297 0.465332 0.310791 0.4536133 0.3154297 0.465332 0.3056641 0.4755859 0.310791 0.4536133 0.3056641 0.4755859 0.3010254 0.46875 0.310791 0.4536133 0.3010254 0.46875 0.295166 0.4619141 0.295166 0.4619141 0.3010254 0.46875 0.2937012 0.4892578 0.2937012 0.4892578 0.3010254 0.46875 0.3056641 0.4755859 0.2937012 0.4892578 0.3056641 0.4755859 0.2998047 0.4936524 0.2937012 0.4892578 0.2998047 0.4936524 0.2973633 0.5175781 0.2937012 0.4892578 0.2973633 0.5175781 0.2890625 0.5148926 0.2890625 0.5148926 0.2973633 0.5175781 0.2868652 0.5407715 0.2868652 0.5407715 0.2973633 0.5175781 0.2961426 0.5437012 0.2856445 0.5615234 0.2773438 0.5351563 0.2868652 0.5407715 0.2868652 0.5407715 0.2773438 0.5351563 0.2890625 0.5148926 0.2890625 0.5148926 0.2773438 0.5351563 0.2805176 0.5087891 0.2890625 0.5148926 0.2805176 0.5087891 0.2866211 0.4833984 0.2866211 0.4833984 0.2805176 0.5087891 0.2807617 0.4775391 0.2866211 0.4833984 0.2807617 0.4775391 0.295166 0.4619141 0.2866211 0.4833984 0.295166 0.4619141 0.2937012 0.4892578 0.2866211 0.4833984 0.2937012 0.4892578 0.2890625 0.5148926 0.2868652 0.5407715 0.2961426 0.5437012 0.2856445 0.5615234 0.2856445 0.5615234 0.2961426 0.5437012 0.2946777 0.5644531 0.2856445 0.5615234 0.2946777 0.5644531 0.2915039 0.5754395 0.6640625 0.3994141 0.6660156 0.4067383 0.6420899 0.4033203 0.5224609 0.5842285 0.527832 0.5405274 0.5375977 0.5524902 0.5375977 0.5524902 0.527832 0.5405274 0.5507813 0.5241699 0.5375977 0.5524902 0.5507813 0.5241699 0.5473633 0.5620117 0.5473633 0.5620117 0.5507813 0.5241699 0.5595703 0.5344238 0.5595703 0.5344238 0.5507813 0.5241699 0.5673828 0.4975586 0.5595703 0.5344238 0.5673828 0.4975586 0.5766602 0.5095215 0.5766602 0.5095215 0.5673828 0.4975586 0.6015625 0.4785156 0.6015625 0.4785156 0.5673828 0.4975586 0.5922852 0.4682617 0.6015625 0.4785156 0.5922852 0.4682617 0.621582 0.4418945 0.6015625 0.4785156 0.621582 0.4418945 0.6289063 0.4506836 0.6289063 0.4506836 0.621582 0.4418945 0.6494141 0.4223633 0.6289063 0.4506836 0.6494141 0.4223633 0.6547852 0.4296875 0.6547852 0.4296875 0.6494141 0.4223633 0.6689453 0.421875 0.6689453 0.421875 0.6494141 0.4223633 0.6660156 0.4160156 0.6689453 0.421875 0.6660156 0.4160156 0.6777344 0.4165039 0.6777344 0.4165039 0.6660156 0.4160156 0.6782227 0.4121094 0.6782227 0.4121094 0.6660156 0.4160156 0.6660156 0.4067383 0.6782227 0.4121094 0.6660156 0.4067383 0.6787109 0.4047852 0.6787109 0.4047852 0.6660156 0.4067383 0.6762695 0.3979492 0.6762695 0.3979492 0.6660156 0.4067383 0.6640625 0.3994141 0.6762695 0.3979492 0.6640625 0.3994141 0.6738281 0.3920899 0.6738281 0.3920899 0.6640625 0.3994141 0.6625977 0.3901367 0.6625977 0.3901367 0.6640625 0.3994141 0.6420899 0.3891602 0.6420899 0.3891602 0.6640625 0.3994141 0.6420899 0.4033203 0.6420899 0.3891602 0.6420899 0.4033203 0.6069336 0.4208984 0.6069336 0.4208984 0.6420899 0.4033203 0.6157227 0.4301758 0.6069336 0.4208984 0.6157227 0.4301758 0.5834961 0.4575195 0.5834961 0.4575195 0.6157227 0.4301758 0.621582 0.4418945 0.621582 0.4418945 0.6157227 0.4301758 0.6494141 0.4223633 0.6494141 0.4223633 0.6157227 0.4301758 0.6450195 0.4135742 0.6450195 0.4135742 0.6157227 0.4301758 0.6420899 0.4033203 0.6450195 0.4135742 0.6420899 0.4033203 0.6660156 0.4067383 0.5766602 0.5095215 0.6015625 0.4785156 0.5859375 0.5183106 0.5859375 0.5183106 0.6015625 0.4785156 0.6108399 0.487793 0.6108399 0.487793 0.6015625 0.4785156 0.6376953 0.4584961 0.6376953 0.4584961 0.6015625 0.4785156 0.6289063 0.4506836 0.6376953 0.4584961 0.6289063 0.4506836 0.6547852 0.4296875 0.6376953 0.4584961 0.6547852 0.4296875 0.6591797 0.4389649 0.6591797 0.4389649 0.6547852 0.4296875 0.6689453 0.421875 0.6591797 0.4389649 0.6689453 0.421875 0.6743164 0.4257813 0.6743164 0.4257813 0.6689453 0.421875 0.6777344 0.4165039 0.6743164 0.4257813 0.6777344 0.4165039 0.6831055 0.4174805 0.6831055 0.4174805 0.6777344 0.4165039 0.6870117 0.4106445 0.6870117 0.4106445 0.6777344 0.4165039 0.6782227 0.4121094 0.6870117 0.4106445 0.6782227 0.4121094 0.6787109 0.4047852 0.6870117 0.4106445 0.6787109 0.4047852 0.6894531 0.4038086 0.6894531 0.4038086 0.6787109 0.4047852 0.6879883 0.3969727 0.6879883 0.3969727 0.6787109 0.4047852 0.6762695 0.3979492 0.6879883 0.3969727 0.6762695 0.3979492 0.6738281 0.3920899 0.6879883 0.3969727 0.6738281 0.3920899 0.6811524 0.3886719 0.6811524 0.3886719 0.6738281 0.3920899 0.6704102 0.3818359 0.6704102 0.3818359 0.6738281 0.3920899 0.6625977 0.3901367 0.6704102 0.3818359 0.6625977 0.3901367 0.6420899 0.3891602 0.6704102 0.3818359 0.6420899 0.3891602 0.6572266 0.375 0.6572266 0.375 0.6420899 0.3891602 0.6489258 0.3666992 0.6489258 0.3666992 0.6420899 0.3891602 0.6308594 0.3793945 0.6489258 0.3666992 0.6308594 0.3793945 0.6445313 0.355957 0.6445313 0.355957 0.6308594 0.3793945 0.6254883 0.3652344 0.6254883 0.3652344 0.6308594 0.3793945 0.6040039 0.3789063 0.6040039 0.3789063 0.6308594 0.3793945 0.6098633 0.3955078 0.6098633 0.3955078 0.6308594 0.3793945 0.6420899 0.3891602 0.6098633 0.3955078 0.6420899 0.3891602 0.6181641 0.4013672 0.6181641 0.4013672 0.6420899 0.3891602 0.6069336 0.4208984 0.6181641 0.4013672 0.6069336 0.4208984 0.5869141 0.4179688 0.5532227 0.6081543 0.5424805 0.6015625 0.5551758 0.5700684 0.5532227 0.6081543 0.5551758 0.5700684 0.5644531 0.5778809 0.5644531 0.5778809 0.5551758 0.5700684 0.5703125 0.5419922 0.5644531 0.5778809 0.5703125 0.5419922 0.5786133 0.5490723 0.5786133 0.5490723 0.5703125 0.5419922 0.5947266 0.5236817 0.5947266 0.5236817 0.5703125 0.5419922 0.5859375 0.5183106 0.5947266 0.5236817 0.5859375 0.5183106 0.6181641 0.4951172 0.6181641 0.4951172 0.5859375 0.5183106 0.6108399 0.487793 0.6181641 0.4951172 0.6108399 0.487793 0.6376953 0.4584961 0.6181641 0.4951172 0.6376953 0.4584961 0.6459961 0.4643555 0.6459961 0.4643555 0.6376953 0.4584961 0.6665039 0.4433594 0.6665039 0.4433594 0.6376953 0.4584961 0.6591797 0.4389649 0.6665039 0.4433594 0.6591797 0.4389649 0.6806641 0.4287109 0.6806641 0.4287109 0.6591797 0.4389649 0.6743164 0.4257813 0.6806641 0.4287109 0.6743164 0.4257813 0.6899414 0.4189453 0.6899414 0.4189453 0.6743164 0.4257813 0.6831055 0.4174805 0.6899414 0.4189453 0.6831055 0.4174805 0.6958008 0.409668 0.6958008 0.409668 0.6831055 0.4174805 0.6870117 0.4106445 0.6958008 0.409668 0.6870117 0.4106445 0.6894531 0.4038086 0.6958008 0.409668 0.6894531 0.4038086 0.6972656 0.402832 0.6972656 0.402832 0.6894531 0.4038086 0.6958008 0.3950195 0.6958008 0.3950195 0.6894531 0.4038086 0.6879883 0.3969727 0.6958008 0.3950195 0.6879883 0.3969727 0.6904297 0.3857422 0.6904297 0.3857422 0.6879883 0.3969727 0.6811524 0.3886719 0.6904297 0.3857422 0.6811524 0.3886719 0.6704102 0.3818359 0.6904297 0.3857422 0.6704102 0.3818359 0.6806641 0.375 0.6806641 0.375 0.6704102 0.3818359 0.6572266 0.375 0.6806641 0.375 0.6572266 0.375 0.6669922 0.3657227 0.6669922 0.3657227 0.6572266 0.375 0.6489258 0.3666992 0.6669922 0.3657227 0.6489258 0.3666992 0.6591797 0.3598633 0.6591797 0.3598633 0.6489258 0.3666992 0.6445313 0.355957 0.6591797 0.3598633 0.6445313 0.355957 0.6577149 0.3530274 0.6181641 0.4013672 0.5869141 0.4179688 0.6098633 0.3955078 0.6098633 0.3955078 0.5869141 0.4179688 0.6040039 0.3789063 0.6040039 0.3789063 0.5869141 0.4179688 0.581543 0.3930664 0.581543 0.3930664 0.5869141 0.4179688 0.5581055 0.4047852 0.5581055 0.4047852 0.5869141 0.4179688 0.5668945 0.421875 0.5581055 0.4047852 0.5668945 0.421875 0.5385742 0.4262695 0.5581055 0.4047852 0.5385742 0.4262695 0.546875 0.3857422 0.546875 0.3857422 0.5385742 0.4262695 0.5263672 0.4086914 0.5263672 0.4086914 0.5385742 0.4262695 0.5073242 0.4423828 0.5073242 0.4423828 0.5385742 0.4262695 0.5170899 0.4570313 0.5073242 0.4423828 0.5170899 0.4570313 0.4956055 0.4731445 0.4956055 0.4731445 0.5170899 0.4570313 0.5058594 0.4819336 0.5058594 0.4819336 0.5170899 0.4570313 0.5288086 0.465332 0.5058594 0.4819336 0.5288086 0.465332 0.515625 0.4897461 0.515625 0.4897461 0.5288086 0.465332 0.5385742 0.4707031 0.515625 0.4897461 0.5385742 0.4707031 0.5229492 0.4960938 0.515625 0.4897461 0.5229492 0.4960938 0.5112305 0.520752 0.5112305 0.520752 0.5229492 0.4960938 0.519043 0.5300293 0.519043 0.5300293 0.5229492 0.4960938 0.53125 0.5031738 0.519043 0.5300293 0.53125 0.5031738 0.527832 0.5405274 0.519043 0.5300293 0.527832 0.5405274 0.5043945 0.5603027 0.5043945 0.5603027 0.527832 0.5405274 0.5126953 0.5717774 0.5126953 0.5717774 0.527832 0.5405274 0.5224609 0.5842285 0.5126953 0.5717774 0.5224609 0.5842285 0.5083008 0.6210938 0.5126953 0.5717774 0.5083008 0.6210938 0.4980469 0.6113281 0.4980469 0.6113281 0.5083008 0.6210938 0.4865723 0.6535645 0.4865723 0.6535645 0.5083008 0.6210938 0.4980469 0.6618652 0.4980469 0.6618652 0.5083008 0.6210938 0.519043 0.6289063 0.519043 0.6289063 0.5083008 0.6210938 0.5224609 0.5842285 0.519043 0.6289063 0.5224609 0.5842285 0.5327149 0.59375 0.5327149 0.59375 0.5224609 0.5842285 0.5473633 0.5620117 0.5473633 0.5620117 0.5224609 0.5842285 0.5375977 0.5524902 0.4912109 0.5012207 0.4956055 0.4731445 0.5 0.5012207 0.5 0.5012207 0.4956055 0.4731445 0.5058594 0.4819336 0.5 0.5012207 0.5058594 0.4819336 0.5048828 0.5109863 0.5048828 0.5109863 0.5058594 0.4819336 0.515625 0.4897461 0.5048828 0.5109863 0.515625 0.4897461 0.5112305 0.520752 0.5048828 0.5109863 0.5112305 0.520752 0.4953613 0.5476074 0.4953613 0.5476074 0.5112305 0.520752 0.519043 0.5300293 0.4953613 0.5476074 0.519043 0.5300293 0.5043945 0.5603027 0.4953613 0.5476074 0.5043945 0.5603027 0.4873047 0.6010742 0.4873047 0.6010742 0.5043945 0.5603027 0.5126953 0.5717774 0.4873047 0.6010742 0.5126953 0.5717774 0.4980469 0.6113281 0.4873047 0.6010742 0.4980469 0.6113281 0.4748535 0.6459961 0.4748535 0.6459961 0.4980469 0.6113281 0.4865723 0.6535645 0.4748535 0.6459961 0.4865723 0.6535645 0.480957 0.6933594 0.480957 0.6933594 0.4865723 0.6535645 0.4904785 0.7011719 0.4904785 0.7011719 0.4865723 0.6535645 0.4980469 0.6618652 0.4904785 0.7011719 0.4980469 0.6618652 0.5019531 0.7026367 0.4904785 0.7011719 0.5019531 0.7026367 0.5014649 0.7302246 0.5014649 0.7302246 0.5019531 0.7026367 0.5097656 0.7263184 0.5097656 0.7263184 0.5019531 0.7026367 0.5126953 0.7089844 0.5126953 0.7089844 0.5019531 0.7026367 0.5097656 0.6682129 0.5126953 0.7089844 0.5097656 0.6682129 0.5224609 0.6748047 0.5224609 0.6748047 0.5097656 0.6682129 0.5307617 0.6374512 0.5307617 0.6374512 0.5097656 0.6682129 0.519043 0.6289063 0.5307617 0.6374512 0.519043 0.6289063 0.5327149 0.59375 0.5307617 0.6374512 0.5327149 0.59375 0.5424805 0.6015625 0.5424805 0.6015625 0.5327149 0.59375 0.5473633 0.5620117 0.5424805 0.6015625 0.5473633 0.5620117 0.5551758 0.5700684 0.5551758 0.5700684 0.5473633 0.5620117 0.5703125 0.5419922 0.5703125 0.5419922 0.5473633 0.5620117 0.5595703 0.5344238 0.5703125 0.5419922 0.5595703 0.5344238 0.5766602 0.5095215 0.5703125 0.5419922 0.5766602 0.5095215 0.5859375 0.5183106 0.5424805 0.6015625 0.5532227 0.6081543 0.5307617 0.6374512 0.5307617 0.6374512 0.5532227 0.6081543 0.543457 0.6437988 0.5307617 0.6374512 0.543457 0.6437988 0.5385742 0.6813965 0.5307617 0.6374512 0.5385742 0.6813965 0.5224609 0.6748047 0.5224609 0.6748047 0.5385742 0.6813965 0.5126953 0.7089844 0.5126953 0.7089844 0.5385742 0.6813965 0.527832 0.7165527 0.5126953 0.7089844 0.527832 0.7165527 0.5097656 0.7263184 0.5097656 0.7263184 0.527832 0.7165527 0.5166016 0.7363281 0.5097656 0.7263184 0.5166016 0.7363281 0.5068359 0.7563477 0.5097656 0.7263184 0.5068359 0.7563477 0.5014649 0.7302246 0.5014649 0.7302246 0.5068359 0.7563477 0.4892578 0.7287598 0.5014649 0.7302246 0.4892578 0.7287598 0.4904785 0.7011719 0.4904785 0.7011719 0.4892578 0.7287598 0.4797363 0.7211914 0.4904785 0.7011719 0.4797363 0.7211914 0.480957 0.6933594 0.480957 0.6933594 0.4797363 0.7211914 0.4677734 0.732666 0.4677734 0.732666 0.4797363 0.7211914 0.4892578 0.7287598 0.4677734 0.732666 0.4892578 0.7287598 0.4838867 0.7528076 0.4838867 0.7528076 0.4892578 0.7287598 0.5068359 0.7563477 0.4838867 0.7528076 0.5068359 0.7563477 0.4790039 0.7801514 0.4790039 0.7801514 0.5068359 0.7563477 0.503418 0.7901611 0.4838867 0.7528076 0.4790039 0.7801514 0.4677734 0.732666 0.4677734 0.732666 0.4790039 0.7801514 0.4567871 0.7653809 0.4677734 0.732666 0.4567871 0.7653809 0.4343262 0.7575684 0.4677734 0.732666 0.4343262 0.7575684 0.4455567 0.722168 0.4455567 0.722168 0.4343262 0.7575684 0.4074707 0.7463379 0.4455567 0.722168 0.4074707 0.7463379 0.4243164 0.7128906 0.4243164 0.7128906 0.4074707 0.7463379 0.3977051 0.7033692 0.3977051 0.7033692 0.4074707 0.7463379 0.3833008 0.7426758 0.3977051 0.7033692 0.3833008 0.7426758 0.3583984 0.7390137 0.3977051 0.7033692 0.3583984 0.7390137 0.3681641 0.6940918 0.3681641 0.6940918 0.3583984 0.7390137 0.3449707 0.6879883 0.3449707 0.6879883 0.3583984 0.7390137 0.3398438 0.7368164 0.4182129 0.545166 0.4416504 0.5563965 0.4094238 0.5825195 0.4094238 0.5825195 0.4416504 0.5563965 0.4348145 0.5895996 0.4094238 0.5825195 0.4348145 0.5895996 0.425293 0.6298828 0.4094238 0.5825195 0.425293 0.6298828 0.3952637 0.6191406 0.3952637 0.6191406 0.425293 0.6298828 0.3808594 0.6557617 0.3808594 0.6557617 0.425293 0.6298828 0.411377 0.6672363 0.3808594 0.6557617 0.411377 0.6672363 0.3681641 0.6940918 0.3681641 0.6940918 0.411377 0.6672363 0.3977051 0.7033692 0.3977051 0.7033692 0.411377 0.6672363 0.4243164 0.7128906 0.4243164 0.7128906 0.411377 0.6672363 0.4370117 0.6779785 0.4370117 0.6779785 0.411377 0.6672363 0.425293 0.6298828 0.4370117 0.6779785 0.425293 0.6298828 0.4445801 0.6350098 0.4445801 0.6350098 0.425293 0.6298828 0.4541016 0.5952149 0.4541016 0.5952149 0.425293 0.6298828 0.4348145 0.5895996 0.4541016 0.5952149 0.4348145 0.5895996 0.4624024 0.5637207 0.4624024 0.5637207 0.4348145 0.5895996 0.4416504 0.5563965 0.4624024 0.5637207 0.4416504 0.5563965 0.4750977 0.53125 0.4750977 0.53125 0.4416504 0.5563965 0.4506836 0.520752 0.4750977 0.53125 0.4506836 0.520752 0.4555664 0.4848633 0.4750977 0.53125 0.4555664 0.4848633 0.4765625 0.4975586 0.4765625 0.4975586 0.4555664 0.4848633 0.4619141 0.4482422 0.4765625 0.4975586 0.4619141 0.4482422 0.4807129 0.4619141 0.4807129 0.4619141 0.4619141 0.4482422 0.4912109 0.4287109 0.4912109 0.4287109 0.4619141 0.4482422 0.4719238 0.4125977 0.4912109 0.4287109 0.4719238 0.4125977 0.4897461 0.3779297 0.4912109 0.4287109 0.4897461 0.3779297 0.5078125 0.3959961 0.5078125 0.3959961 0.4897461 0.3779297 0.515625 0.3569336 0.5078125 0.3959961 0.515625 0.3569336 0.5322266 0.3740234 0.5078125 0.3959961 0.5322266 0.3740234 0.546875 0.3857422 0.5078125 0.3959961 0.546875 0.3857422 0.5263672 0.4086914 0.5078125 0.3959961 0.5263672 0.4086914 0.4912109 0.4287109 0.4912109 0.4287109 0.5263672 0.4086914 0.5073242 0.4423828 0.3449707 0.6879883 0.3522949 0.6464844 0.3681641 0.6940918 0.3681641 0.6940918 0.3522949 0.6464844 0.3808594 0.6557617 0.3808594 0.6557617 0.3522949 0.6464844 0.3637695 0.6088867 0.3808594 0.6557617 0.3637695 0.6088867 0.3952637 0.6191406 0.3952637 0.6191406 0.3637695 0.6088867 0.4094238 0.5825195 0.4094238 0.5825195 0.3637695 0.6088867 0.3796387 0.5712891 0.4094238 0.5825195 0.3796387 0.5712891 0.3913574 0.5334473 0.4094238 0.5825195 0.3913574 0.5334473 0.4182129 0.545166 0.4182129 0.545166 0.3913574 0.5334473 0.3994141 0.496582 0.4182129 0.545166 0.3994141 0.496582 0.4255371 0.5087891 0.4255371 0.5087891 0.3994141 0.496582 0.4072266 0.4594727 0.4255371 0.5087891 0.4072266 0.4594727 0.4321289 0.4716797 0.4321289 0.4716797 0.4072266 0.4594727 0.4172363 0.4204102 0.4321289 0.4716797 0.4172363 0.4204102 0.4404297 0.434082 0.4404297 0.434082 0.4172363 0.4204102 0.4516602 0.3969727 0.4516602 0.3969727 0.4172363 0.4204102 0.4282227 0.3818359 0.4516602 0.3969727 0.4282227 0.3818359 0.4458008 0.3476563 0.4516602 0.3969727 0.4458008 0.3476563 0.4677734 0.3598633 0.4677734 0.3598633 0.4458008 0.3476563 0.4787598 0.3154297 0.4677734 0.3598633 0.4787598 0.3154297 0.498291 0.3369141 0.4677734 0.3598633 0.498291 0.3369141 0.515625 0.3569336 0.4677734 0.3598633 0.515625 0.3569336 0.4897461 0.3779297 0.4677734 0.3598633 0.4897461 0.3779297 0.4516602 0.3969727 0.4516602 0.3969727 0.4897461 0.3779297 0.4719238 0.4125977 0.4516602 0.3969727 0.4719238 0.4125977 0.4619141 0.4482422 0.4516602 0.3969727 0.4619141 0.4482422 0.4404297 0.434082 0.4404297 0.434082 0.4619141 0.4482422 0.4321289 0.4716797 0.4321289 0.4716797 0.4619141 0.4482422 0.4555664 0.4848633 0.4321289 0.4716797 0.4555664 0.4848633 0.4255371 0.5087891 0.4255371 0.5087891 0.4555664 0.4848633 0.4506836 0.520752 0.4255371 0.5087891 0.4506836 0.520752 0.4182129 0.545166 0.4182129 0.545166 0.4506836 0.520752 0.4416504 0.5563965 0.4912109 0.4287109 0.5073242 0.4423828 0.4807129 0.4619141 0.4807129 0.4619141 0.5073242 0.4423828 0.4956055 0.4731445 0.4807129 0.4619141 0.4956055 0.4731445 0.4912109 0.5012207 0.4807129 0.4619141 0.4912109 0.5012207 0.4765625 0.4975586 0.4765625 0.4975586 0.4912109 0.5012207 0.4750977 0.53125 0.4750977 0.53125 0.4912109 0.5012207 0.4926758 0.5244141 0.4750977 0.53125 0.4926758 0.5244141 0.4841309 0.5495606 0.4750977 0.53125 0.4841309 0.5495606 0.4624024 0.5637207 0.4624024 0.5637207 0.4841309 0.5495606 0.4743652 0.5678711 0.4624024 0.5637207 0.4743652 0.5678711 0.4748535 0.5898438 0.4624024 0.5637207 0.4748535 0.5898438 0.4541016 0.5952149 0.4541016 0.5952149 0.4748535 0.5898438 0.4606934 0.6391602 0.4541016 0.5952149 0.4606934 0.6391602 0.4445801 0.6350098 0.4445801 0.6350098 0.4606934 0.6391602 0.4541016 0.6828613 0.4445801 0.6350098 0.4541016 0.6828613 0.4370117 0.6779785 0.4370117 0.6779785 0.4541016 0.6828613 0.4243164 0.7128906 0.4243164 0.7128906 0.4541016 0.6828613 0.4455567 0.722168 0.4455567 0.722168 0.4541016 0.6828613 0.4677734 0.732666 0.4677734 0.732666 0.4541016 0.6828613 0.4694824 0.6899414 0.4677734 0.732666 0.4694824 0.6899414 0.480957 0.6933594 0.480957 0.6933594 0.4694824 0.6899414 0.4748535 0.6459961 0.4748535 0.6459961 0.4694824 0.6899414 0.4541016 0.6828613 0.4748535 0.6459961 0.4541016 0.6828613 0.4606934 0.6391602 0.4748535 0.6459961 0.4606934 0.6391602 0.4748535 0.5898438 0.4748535 0.6459961 0.4748535 0.5898438 0.4873047 0.6010742 0.4873047 0.6010742 0.4748535 0.5898438 0.4953613 0.5476074 0.4953613 0.5476074 0.4748535 0.5898438 0.4743652 0.5678711 0.4953613 0.5476074 0.4743652 0.5678711 0.4841309 0.5495606 0.4953613 0.5476074 0.4841309 0.5495606 0.4926758 0.5244141 0.4953613 0.5476074 0.4926758 0.5244141 0.5048828 0.5109863 0.5048828 0.5109863 0.4926758 0.5244141 0.5 0.5012207 0.5 0.5012207 0.4926758 0.5244141 0.4912109 0.5012207 0.6972656 0.899292 0.6899414 0.9041138 0.6928711 0.8924561 0.6367188 0.8712158 0.6650391 0.8832398 0.6499024 0.8861084 0.6499024 0.8861084 0.6650391 0.8832398 0.6616211 0.9025879 0.6499024 0.8861084 0.6616211 0.9025879 0.6489258 0.9053345 0.6489258 0.9053345 0.6616211 0.9025879 0.6704102 0.914917 0.6704102 0.914917 0.6616211 0.9025879 0.675293 0.9013062 0.675293 0.9013062 0.6616211 0.9025879 0.6650391 0.8832398 0.675293 0.9013062 0.6650391 0.8832398 0.6787109 0.8873901 0.6787109 0.8873901 0.6650391 0.8832398 0.6723633 0.8713379 0.6723633 0.8713379 0.6650391 0.8832398 0.6552734 0.864624 0.6723633 0.8713379 0.6552734 0.864624 0.6645508 0.8620606 0.6723633 0.8713379 0.6645508 0.8620606 0.6879883 0.8671875 0.6723633 0.8713379 0.6879883 0.8671875 0.6962891 0.878418 0.6723633 0.8713379 0.6962891 0.878418 0.6850586 0.8812256 0.6723633 0.8713379 0.6850586 0.8812256 0.6787109 0.8873901 0.6787109 0.8873901 0.6850586 0.8812256 0.6928711 0.8924561 0.6928711 0.8924561 0.6850586 0.8812256 0.6962891 0.878418 0.6928711 0.8924561 0.6962891 0.878418 0.7006836 0.8883667 0.6928711 0.8924561 0.7006836 0.8883667 0.6972656 0.899292 0.6972656 0.899292 0.7006836 0.8883667 0.7041016 0.895874 0.6972656 0.899292 0.7041016 0.895874 0.7055664 0.90094 0.6972656 0.899292 0.7055664 0.90094 0.7011719 0.9043579 0.6972656 0.899292 0.7011719 0.9043579 0.6938477 0.9094849 0.6972656 0.899292 0.6938477 0.9094849 0.6899414 0.9041138 0.6899414 0.9041138 0.6938477 0.9094849 0.684082 0.9147949 0.6899414 0.9041138 0.684082 0.9147949 0.6801758 0.9088745 0.6801758 0.9088745 0.684082 0.9147949 0.6704102 0.914917 0.6801758 0.9088745 0.6704102 0.914917 0.675293 0.9013062 0.6801758 0.9088745 0.675293 0.9013062 0.6899414 0.9041138 0.6899414 0.9041138 0.675293 0.9013062 0.684082 0.8965454 0.684082 0.8965454 0.675293 0.9013062 0.6787109 0.8873901 0.684082 0.8965454 0.6787109 0.8873901 0.6928711 0.8924561 0.684082 0.8965454 0.6928711 0.8924561 0.6899414 0.9041138 0.7041016 0.895874 0.7006836 0.8883667 0.7104492 0.8954468 0.7041016 0.895874 0.7104492 0.8954468 0.7055664 0.90094 0.7055664 0.90094 0.7104492 0.8954468 0.7099609 0.9026489 0.7055664 0.90094 0.7099609 0.9026489 0.7050781 0.9075928 0.7055664 0.90094 0.7050781 0.9075928 0.7011719 0.9043579 0.7011719 0.9043579 0.7050781 0.9075928 0.6982422 0.9144287 0.7011719 0.9043579 0.6982422 0.9144287 0.6938477 0.9094849 0.6938477 0.9094849 0.6982422 0.9144287 0.684082 0.9147949 0.684082 0.9147949 0.6982422 0.9144287 0.6875 0.9198608 0.684082 0.9147949 0.6875 0.9198608 0.6762695 0.9263916 0.684082 0.9147949 0.6762695 0.9263916 0.6733399 0.9210205 0.684082 0.9147949 0.6733399 0.9210205 0.6704102 0.914917 0.6704102 0.914917 0.6733399 0.9210205 0.6640625 0.9281616 0.6640625 0.9281616 0.6733399 0.9210205 0.6762695 0.9263916 0.6640625 0.9281616 0.6762695 0.9263916 0.6669922 0.934082 0.6640625 0.9281616 0.6669922 0.934082 0.6586914 0.9442444 0.6640625 0.9281616 0.6586914 0.9442444 0.6538086 0.9370117 0.6538086 0.9370117 0.6586914 0.9442444 0.6464844 0.9442749 0.6464844 0.9442749 0.6586914 0.9442444 0.6508789 0.9525147 0.6464844 0.9442749 0.6508789 0.9525147 0.6450195 0.9582825 0.6464844 0.9442749 0.6450195 0.9582825 0.6396484 0.9498596 0.6396484 0.9498596 0.6450195 0.9582825 0.6337891 0.95401 0.6337891 0.95401 0.6450195 0.9582825 0.6401367 0.964386 0.6337891 0.95401 0.6401367 0.964386 0.6337891 0.9683838 0.6337891 0.95401 0.6337891 0.9683838 0.628418 0.9592285 0.6337891 0.95401 0.628418 0.9592285 0.6201172 0.9482727 0.6337891 0.95401 0.6201172 0.9482727 0.6264649 0.9437561 0.6264649 0.9437561 0.6201172 0.9482727 0.6088867 0.9334107 0.6088867 0.9334107 0.6201172 0.9482727 0.6142578 0.9535217 0.6142578 0.9535217 0.6201172 0.9482727 0.628418 0.9592285 0.6142578 0.9535217 0.628418 0.9592285 0.6225586 0.9640808 0.6225586 0.9640808 0.628418 0.9592285 0.6303711 0.9735718 0.6303711 0.9735718 0.628418 0.9592285 0.6337891 0.9683838 0.6303711 0.9735718 0.6337891 0.9683838 0.6420899 0.9748688 0.6420899 0.9748688 0.6337891 0.9683838 0.6401367 0.964386 0.6420899 0.9748688 0.6401367 0.964386 0.6450195 0.9582825 0.6420899 0.9748688 0.6450195 0.9582825 0.6499024 0.9683228 0.6499024 0.9683228 0.6450195 0.9582825 0.6557617 0.9596558 0.6557617 0.9596558 0.6450195 0.9582825 0.6508789 0.9525147 0.6557617 0.9596558 0.6508789 0.9525147 0.6586914 0.9442444 0.6557617 0.9596558 0.6586914 0.9442444 0.6635742 0.9503174 0.6635742 0.9503174 0.6586914 0.9442444 0.6699219 0.9394837 0.6699219 0.9394837 0.6586914 0.9442444 0.6669922 0.934082 0.6699219 0.9394837 0.6669922 0.934082 0.6762695 0.9263916 0.6699219 0.9394837 0.6762695 0.9263916 0.6787109 0.930603 0.6787109 0.930603 0.6762695 0.9263916 0.6875 0.9198608 0.6787109 0.930603 0.6875 0.9198608 0.6904297 0.9240112 0.6904297 0.9240112 0.6875 0.9198608 0.7036133 0.9177246 0.7036133 0.9177246 0.6875 0.9198608 0.6982422 0.9144287 0.7036133 0.9177246 0.6982422 0.9144287 0.7050781 0.9075928 0.7036133 0.9177246 0.7050781 0.9075928 0.7119141 0.9118042 0.7119141 0.9118042 0.7050781 0.9075928 0.7099609 0.9026489 0.7119141 0.9118042 0.7099609 0.9026489 0.7163086 0.9041748 0.7163086 0.9041748 0.7099609 0.9026489 0.7172852 0.895874 0.7172852 0.895874 0.7099609 0.9026489 0.7104492 0.8954468 0.7172852 0.895874 0.7104492 0.8954468 0.7094727 0.8877564 0.7172852 0.895874 0.7094727 0.8877564 0.7167969 0.8889771 0.7167969 0.8889771 0.7094727 0.8877564 0.7177734 0.8818359 0.7177734 0.8818359 0.7094727 0.8877564 0.7084961 0.8793335 0.7177734 0.8818359 0.7084961 0.8793335 0.7099609 0.8718262 0.7177734 0.8818359 0.7099609 0.8718262 0.7250977 0.8776245 0.7250977 0.8776245 0.7099609 0.8718262 0.7402344 0.8768921 0.7402344 0.8768921 0.7099609 0.8718262 0.715332 0.8662109 0.7402344 0.8768921 0.715332 0.8662109 0.7216797 0.8598633 0.7104492 0.8954468 0.7006836 0.8883667 0.7094727 0.8877564 0.7094727 0.8877564 0.7006836 0.8883667 0.7084961 0.8793335 0.7084961 0.8793335 0.7006836 0.8883667 0.6962891 0.878418 0.7084961 0.8793335 0.6962891 0.878418 0.6879883 0.8671875 0.7084961 0.8793335 0.6879883 0.8671875 0.7099609 0.8718262 0.7099609 0.8718262 0.6879883 0.8671875 0.715332 0.8662109 0.5952149 0.9414368 0.6142578 0.9535217 0.6083984 0.9587097 0.6083984 0.9587097 0.6142578 0.9535217 0.6176758 0.9693604 0.6176758 0.9693604 0.6142578 0.9535217 0.6225586 0.9640808 0.6176758 0.9693604 0.6225586 0.9640808 0.6303711 0.9735718 0.6176758 0.9693604 0.6303711 0.9735718 0.6225586 0.9773254 0.6176758 0.9693604 0.6225586 0.9773254 0.609375 0.9810486 0.6176758 0.9693604 0.609375 0.9810486 0.6054688 0.9729157 0.6054688 0.9729157 0.609375 0.9810486 0.5825195 0.9732056 0.5825195 0.9732056 0.609375 0.9810486 0.5834961 0.9815521 0.5825195 0.9732056 0.5834961 0.9815521 0.5537109 0.9771118 0.5825195 0.9732056 0.5537109 0.9771118 0.5566406 0.9671631 0.5825195 0.9732056 0.5566406 0.9671631 0.5600586 0.9571228 0.5825195 0.9732056 0.5600586 0.9571228 0.5786133 0.9605103 0.5825195 0.9732056 0.5786133 0.9605103 0.5947266 0.9600525 0.5947266 0.9600525 0.5786133 0.9605103 0.5849609 0.9447937 0.5947266 0.9600525 0.5849609 0.9447937 0.6083984 0.9587097 0.5947266 0.9600525 0.6083984 0.9587097 0.6176758 0.9693604 0.5947266 0.9600525 0.6176758 0.9693604 0.6054688 0.9729157 0.5947266 0.9600525 0.6054688 0.9729157 0.5825195 0.9732056 0.6083984 0.9587097 0.5849609 0.9447937 0.5952149 0.9414368 0.5952149 0.9414368 0.5849609 0.9447937 0.5786133 0.9197998 0.5952149 0.9414368 0.5786133 0.9197998 0.5874024 0.911377 0.5952149 0.9414368 0.5874024 0.911377 0.6020508 0.9372559 0.5952149 0.9414368 0.6020508 0.9372559 0.6142578 0.9535217 0.6142578 0.9535217 0.6020508 0.9372559 0.6088867 0.9334107 0.6088867 0.9334107 0.6020508 0.9372559 0.5874024 0.911377 0.6088867 0.9334107 0.5874024 0.911377 0.5957031 0.9059448 0.5957031 0.9059448 0.5874024 0.911377 0.5756836 0.883728 0.5957031 0.9059448 0.5756836 0.883728 0.5869141 0.8769531 0.5869141 0.8769531 0.5756836 0.883728 0.5839844 0.8594971 0.5869141 0.8769531 0.5839844 0.8594971 0.5932617 0.8594971 0.5932617 0.8594971 0.5839844 0.8594971 0.5717774 0.8544922 0.5717774 0.8544922 0.5839844 0.8594971 0.5756836 0.883728 0.5717774 0.8544922 0.5756836 0.883728 0.5620117 0.8982544 0.5620117 0.8982544 0.5756836 0.883728 0.5874024 0.911377 0.5620117 0.8982544 0.5874024 0.911377 0.5786133 0.9197998 0.5620117 0.8982544 0.5786133 0.9197998 0.5717774 0.9282227 0.5717774 0.9282227 0.5786133 0.9197998 0.5849609 0.9447937 0.5717774 0.9282227 0.5849609 0.9447937 0.5654297 0.9345703 0.5654297 0.9345703 0.5849609 0.9447937 0.5737305 0.9476318 0.5737305 0.9476318 0.5849609 0.9447937 0.5786133 0.9605103 0.5737305 0.9476318 0.5786133 0.9605103 0.5620117 0.9486389 0.5620117 0.9486389 0.5786133 0.9605103 0.5600586 0.9571228 0.5620117 0.9486389 0.5600586 0.9571228 0.5512695 0.9412232 0.5620117 0.9486389 0.5512695 0.9412232 0.5737305 0.9476318 0.5737305 0.9476318 0.5512695 0.9412232 0.5654297 0.9345703 0.5654297 0.9345703 0.5512695 0.9412232 0.5571289 0.9251099 0.5654297 0.9345703 0.5571289 0.9251099 0.5717774 0.9282227 0.5717774 0.9282227 0.5571289 0.9251099 0.5532227 0.914856 0.5717774 0.9282227 0.5532227 0.914856 0.5620117 0.8982544 0.5620117 0.8982544 0.5532227 0.914856 0.5327149 0.90094 0.5224609 0.9498901 0.5200195 0.9362183 0.5307617 0.9504089 0.5307617 0.9504089 0.5200195 0.9362183 0.5351563 0.9379883 0.5307617 0.9504089 0.5351563 0.9379883 0.5512695 0.9412232 0.5307617 0.9504089 0.5512695 0.9412232 0.5439453 0.9528504 0.5439453 0.9528504 0.5512695 0.9412232 0.5600586 0.9571228 0.5439453 0.9528504 0.5600586 0.9571228 0.5307617 0.9645081 0.5307617 0.9645081 0.5600586 0.9571228 0.5566406 0.9671631 0.5307617 0.9645081 0.5566406 0.9671631 0.5537109 0.9771118 0.5307617 0.9645081 0.5537109 0.9771118 0.5297852 0.9773865 0.4213867 0.9207153 0.4257813 0.8977051 0.4470215 0.9260254 0.4470215 0.9260254 0.4257813 0.8977051 0.4526367 0.9058838 0.4470215 0.9260254 0.4526367 0.9058838 0.4746094 0.9275513 0.4746094 0.9275513 0.4526367 0.9058838 0.4812012 0.9075928 0.4746094 0.9275513 0.4812012 0.9075928 0.5068359 0.9117432 0.4746094 0.9275513 0.5068359 0.9117432 0.4995117 0.9302979 0.4995117 0.9302979 0.5068359 0.9117432 0.5200195 0.9362183 0.5200195 0.9362183 0.5068359 0.9117432 0.5253906 0.9191895 0.5200195 0.9362183 0.5253906 0.9191895 0.5400391 0.925293 0.5200195 0.9362183 0.5400391 0.925293 0.5351563 0.9379883 0.5351563 0.9379883 0.5400391 0.925293 0.5512695 0.9412232 0.5512695 0.9412232 0.5400391 0.925293 0.5498047 0.9301758 0.5512695 0.9412232 0.5498047 0.9301758 0.5571289 0.9251099 0.5571289 0.9251099 0.5498047 0.9301758 0.5532227 0.914856 0.5532227 0.914856 0.5498047 0.9301758 0.5400391 0.925293 0.5532227 0.914856 0.5400391 0.925293 0.5327149 0.90094 0.5327149 0.90094 0.5400391 0.925293 0.5253906 0.9191895 0.5327149 0.90094 0.5253906 0.9191895 0.5068359 0.9117432 0.5327149 0.90094 0.5068359 0.9117432 0.5068359 0.890564 0.5068359 0.890564 0.5068359 0.9117432 0.4812012 0.8875733 0.4812012 0.8875733 0.5068359 0.9117432 0.4812012 0.9075928 0.4812012 0.8875733 0.4812012 0.9075928 0.4526367 0.9058838 0.4812012 0.8875733 0.4526367 0.9058838 0.4543457 0.8842163 0.4543457 0.8842163 0.4526367 0.9058838 0.4257813 0.8977051 0.4543457 0.8842163 0.4257813 0.8977051 0.425293 0.8771362 0.4543457 0.8842163 0.425293 0.8771362 0.4567871 0.8564453 0.4567871 0.8564453 0.425293 0.8771362 0.4228516 0.8521729 0.4567871 0.8564453 0.4228516 0.8521729 0.4221192 0.8249512 0.4567871 0.8564453 0.4221192 0.8249512 0.4619141 0.8311768 0.4619141 0.8311768 0.4221192 0.8249512 0.4208984 0.7955322 0.4619141 0.8311768 0.4208984 0.7955322 0.4680176 0.8101807 0.4619141 0.8311768 0.4680176 0.8101807 0.5009766 0.836792 0.4680176 0.8101807 0.5092774 0.8210449 0.5009766 0.836792 0.5009766 0.836792 0.5092774 0.8210449 0.5473633 0.8270264 0.5009766 0.836792 0.5473633 0.8270264 0.5356445 0.8443604 0.5356445 0.8443604 0.5473633 0.8270264 0.5717774 0.8544922 0.5356445 0.8443604 0.5717774 0.8544922 0.5463867 0.8780518 0.5463867 0.8780518 0.5717774 0.8544922 0.5620117 0.8982544 0.5463867 0.8780518 0.5620117 0.8982544 0.5327149 0.90094 0.5463867 0.8780518 0.5327149 0.90094 0.5068359 0.890564 0.5463867 0.8780518 0.5068359 0.890564 0.519043 0.8676758 0.5463867 0.8780518 0.519043 0.8676758 0.5356445 0.8443604 0.5356445 0.8443604 0.519043 0.8676758 0.5009766 0.836792 0.5009766 0.836792 0.519043 0.8676758 0.4892578 0.8614502 0.5009766 0.836792 0.4892578 0.8614502 0.4567871 0.8564453 0.5009766 0.836792 0.4567871 0.8564453 0.4619141 0.8311768 0.4543457 0.8842163 0.4567871 0.8564453 0.4812012 0.8875733 0.4812012 0.8875733 0.4567871 0.8564453 0.4892578 0.8614502 0.4812012 0.8875733 0.4892578 0.8614502 0.519043 0.8676758 0.4812012 0.8875733 0.519043 0.8676758 0.5068359 0.890564 0.6259766 0.9261475 0.6157227 0.8997192 0.6240234 0.8986817 0.6240234 0.8986817 0.6157227 0.8997192 0.6103516 0.8677979 0.6240234 0.8986817 0.6103516 0.8677979 0.6254883 0.8831787 0.6254883 0.8831787 0.6103516 0.8677979 0.6220703 0.8594971 0.6220703 0.8594971 0.6103516 0.8677979 0.6108399 0.8518067 0.6220703 0.8594971 0.6108399 0.8518067 0.6171875 0.8511963 0.6171875 0.8511963 0.6108399 0.8518067 0.6079102 0.8425293 0.6079102 0.8425293 0.6108399 0.8518067 0.6103516 0.8677979 0.6079102 0.8425293 0.6103516 0.8677979 0.5996094 0.8526611 0.5996094 0.8526611 0.6103516 0.8677979 0.5932617 0.8594971 0.5996094 0.8526611 0.5932617 0.8594971 0.5717774 0.8544922 0.5996094 0.8526611 0.5717774 0.8544922 0.6079102 0.8425293 0.6079102 0.8425293 0.5717774 0.8544922 0.5810547 0.8343506 0.5810547 0.8343506 0.5717774 0.8544922 0.5473633 0.8270264 0.5810547 0.8343506 0.5473633 0.8270264 0.559082 0.8131104 0.5810547 0.8343506 0.559082 0.8131104 0.5908203 0.8242188 0.5810547 0.8343506 0.5908203 0.8242188 0.6079102 0.8425293 0.6079102 0.8425293 0.5908203 0.8242188 0.6220703 0.835083 0.6220703 0.835083 0.5908203 0.8242188 0.6264649 0.8259277 0.6264649 0.8259277 0.5908203 0.8242188 0.5996094 0.8120117 0.5996094 0.8120117 0.5908203 0.8242188 0.559082 0.8131104 0.5996094 0.8120117 0.559082 0.8131104 0.5678711 0.7999268 0.5996094 0.8120117 0.5678711 0.7999268 0.6044922 0.8018799 0.6044922 0.8018799 0.5678711 0.7999268 0.5761719 0.7841797 0.6044922 0.8018799 0.5761719 0.7841797 0.5849609 0.7667236 0.6044922 0.8018799 0.5849609 0.7667236 0.6123047 0.7868652 0.6044922 0.8018799 0.6123047 0.7868652 0.6416016 0.8006592 0.6044922 0.8018799 0.6416016 0.8006592 0.6318359 0.815918 0.6318359 0.815918 0.6416016 0.8006592 0.6635742 0.8266602 0.6318359 0.815918 0.6635742 0.8266602 0.6264649 0.8259277 0.6318359 0.815918 0.6264649 0.8259277 0.6044922 0.8018799 0.6044922 0.8018799 0.6264649 0.8259277 0.5996094 0.8120117 0.7041016 0.8167725 0.7319336 0.8439942 0.7001953 0.8287354 0.7001953 0.8287354 0.7319336 0.8439942 0.6962891 0.8382568 0.7001953 0.8287354 0.6962891 0.8382568 0.6635742 0.8266602 0.6635742 0.8266602 0.6962891 0.8382568 0.6582031 0.8364258 0.6635742 0.8266602 0.6582031 0.8364258 0.6264649 0.8259277 0.6264649 0.8259277 0.6582031 0.8364258 0.6533203 0.8463135 0.6264649 0.8259277 0.6533203 0.8463135 0.6220703 0.835083 0.6220703 0.835083 0.6533203 0.8463135 0.6298828 0.8446045 0.6220703 0.835083 0.6298828 0.8446045 0.6079102 0.8425293 0.6079102 0.8425293 0.6298828 0.8446045 0.6230469 0.8457031 0.6079102 0.8425293 0.6230469 0.8457031 0.6171875 0.8511963 0.6171875 0.8511963 0.6230469 0.8457031 0.6342774 0.8557129 0.6171875 0.8511963 0.6342774 0.8557129 0.6220703 0.8594971 0.6220703 0.8594971 0.6342774 0.8557129 0.6367188 0.8712158 0.6220703 0.8594971 0.6367188 0.8712158 0.6254883 0.8831787 0.6254883 0.8831787 0.6367188 0.8712158 0.6499024 0.8861084 0.6254883 0.8831787 0.6499024 0.8861084 0.6337891 0.8872681 0.6337891 0.8872681 0.6499024 0.8861084 0.6489258 0.9053345 0.6337891 0.8872681 0.6489258 0.9053345 0.6254883 0.8831787 0.6254883 0.8831787 0.6489258 0.9053345 0.6386719 0.90802 0.6254883 0.8831787 0.6386719 0.90802 0.6240234 0.8986817 0.6240234 0.8986817 0.6386719 0.90802 0.6333008 0.9173584 0.6240234 0.8986817 0.6333008 0.9173584 0.6259766 0.9261475 0.6259766 0.9261475 0.6333008 0.9173584 0.6416016 0.9334717 0.6416016 0.9334717 0.6333008 0.9173584 0.6386719 0.90802 0.6416016 0.9334717 0.6386719 0.90802 0.6499024 0.9285278 0.6499024 0.9285278 0.6386719 0.90802 0.6489258 0.9053345 0.6499024 0.9285278 0.6489258 0.9053345 0.6606445 0.9216309 0.6606445 0.9216309 0.6489258 0.9053345 0.6704102 0.914917 0.6606445 0.9216309 0.6704102 0.914917 0.6640625 0.9281616 0.6606445 0.9216309 0.6640625 0.9281616 0.6499024 0.9285278 0.6499024 0.9285278 0.6640625 0.9281616 0.6538086 0.9370117 0.6230469 0.8457031 0.6298828 0.8446045 0.6469727 0.8554688 0.6469727 0.8554688 0.6298828 0.8446045 0.6533203 0.8463135 0.6469727 0.8554688 0.6533203 0.8463135 0.6694336 0.8588867 0.6694336 0.8588867 0.6533203 0.8463135 0.6875 0.8574219 0.6875 0.8574219 0.6533203 0.8463135 0.6582031 0.8364258 0.6875 0.8574219 0.6582031 0.8364258 0.690918 0.8483887 0.690918 0.8483887 0.6582031 0.8364258 0.6962891 0.8382568 0.690918 0.8483887 0.6962891 0.8382568 0.7285156 0.8529053 0.7285156 0.8529053 0.6962891 0.8382568 0.7319336 0.8439942 0.7285156 0.8529053 0.7319336 0.8439942 0.7573242 0.864502 0.7285156 0.8529053 0.7573242 0.864502 0.7216797 0.8598633 0.7285156 0.8529053 0.7216797 0.8598633 0.690918 0.8483887 0.690918 0.8483887 0.7216797 0.8598633 0.715332 0.8662109 0.690918 0.8483887 0.715332 0.8662109 0.6875 0.8574219 0.6875 0.8574219 0.715332 0.8662109 0.6879883 0.8671875 0.6875 0.8574219 0.6879883 0.8671875 0.6694336 0.8588867 0.6694336 0.8588867 0.6879883 0.8671875 0.6645508 0.8620606 0.6694336 0.8588867 0.6645508 0.8620606 0.6469727 0.8554688 0.6469727 0.8554688 0.6645508 0.8620606 0.6552734 0.864624 0.6469727 0.8554688 0.6552734 0.864624 0.6342774 0.8557129 0.6469727 0.8554688 0.6342774 0.8557129 0.6230469 0.8457031 0.6538086 0.9370117 0.6464844 0.9442749 0.6499024 0.9285278 0.6499024 0.9285278 0.6464844 0.9442749 0.6416016 0.9334717 0.6416016 0.9334717 0.6464844 0.9442749 0.6333008 0.9394531 0.6416016 0.9334717 0.6333008 0.9394531 0.6259766 0.9261475 0.6259766 0.9261475 0.6333008 0.9394531 0.6264649 0.9437561 0.6259766 0.9261475 0.6264649 0.9437561 0.6166992 0.9298096 0.6166992 0.9298096 0.6264649 0.9437561 0.6088867 0.9334107 0.6166992 0.9298096 0.6088867 0.9334107 0.6049805 0.9028931 0.6049805 0.9028931 0.6088867 0.9334107 0.5957031 0.9059448 0.6049805 0.9028931 0.5957031 0.9059448 0.5869141 0.8769531 0.6049805 0.9028931 0.5869141 0.8769531 0.597168 0.8745117 0.597168 0.8745117 0.5869141 0.8769531 0.5932617 0.8594971 0.597168 0.8745117 0.5932617 0.8594971 0.6103516 0.8677979 0.597168 0.8745117 0.6103516 0.8677979 0.6049805 0.9028931 0.6049805 0.9028931 0.6103516 0.8677979 0.6157227 0.8997192 0.6049805 0.9028931 0.6157227 0.8997192 0.6259766 0.9261475 0.6049805 0.9028931 0.6259766 0.9261475 0.6166992 0.9298096 0.6464844 0.9442749 0.6396484 0.9498596 0.6333008 0.9394531 0.6333008 0.9394531 0.6396484 0.9498596 0.6337891 0.95401 0.6333008 0.9394531 0.6337891 0.95401 0.6264649 0.9437561 0.8222656 0.8775025 0.8115234 0.888794 0.8076172 0.8806763 0.8076172 0.8806763 0.8115234 0.888794 0.7958984 0.8946533 0.8076172 0.8806763 0.7958984 0.8946533 0.7988281 0.8883057 0.7988281 0.8883057 0.7958984 0.8946533 0.7827149 0.8904419 0.7988281 0.8883057 0.7827149 0.8904419 0.7875977 0.8851318 0.7875977 0.8851318 0.7827149 0.8904419 0.7724609 0.8790283 0.7724609 0.8790283 0.7827149 0.8904419 0.765625 0.8851929 0.7724609 0.8790283 0.765625 0.8851929 0.7402344 0.8768921 0.7724609 0.8790283 0.7402344 0.8768921 0.7485352 0.8703613 0.7485352 0.8703613 0.7402344 0.8768921 0.7216797 0.8598633 0.7485352 0.8703613 0.7216797 0.8598633 0.7573242 0.864502 0.7485352 0.8703613 0.7573242 0.864502 0.7724609 0.8790283 0.7724609 0.8790283 0.7573242 0.864502 0.7822266 0.8741455 0.7724609 0.8790283 0.7822266 0.8741455 0.7905274 0.878418 0.7724609 0.8790283 0.7905274 0.878418 0.7875977 0.8851318 0.7875977 0.8851318 0.7905274 0.878418 0.796875 0.8803101 0.7875977 0.8851318 0.796875 0.8803101 0.7988281 0.8883057 0.7988281 0.8883057 0.796875 0.8803101 0.8076172 0.8806763 0.8076172 0.8806763 0.796875 0.8803101 0.7963867 0.87146 0.8076172 0.8806763 0.7963867 0.87146 0.7998047 0.8648682 0.7998047 0.8648682 0.7963867 0.87146 0.7841797 0.8542481 0.7998047 0.8648682 0.7841797 0.8542481 0.7856445 0.84729 0.7856445 0.84729 0.7841797 0.8542481 0.7651367 0.8421631 0.7856445 0.84729 0.7651367 0.8421631 0.769043 0.8365479 0.769043 0.8365479 0.7651367 0.8421631 0.7446289 0.8175049 0.7446289 0.8175049 0.7651367 0.8421631 0.7387695 0.8243408 0.7446289 0.8175049 0.7387695 0.8243408 0.7109375 0.8052979 0.7109375 0.8052979 0.7387695 0.8243408 0.7041016 0.8167725 0.7109375 0.8052979 0.7041016 0.8167725 0.6904297 0.7851563 0.6904297 0.7851563 0.7041016 0.8167725 0.6782227 0.796875 0.6904297 0.7851563 0.6782227 0.796875 0.6538086 0.7796631 0.6538086 0.7796631 0.6782227 0.796875 0.6416016 0.8006592 0.7963867 0.87146 0.78125 0.8603516 0.7841797 0.8542481 0.7841797 0.8542481 0.78125 0.8603516 0.7651367 0.8421631 0.7651367 0.8421631 0.78125 0.8603516 0.7626953 0.8496094 0.7651367 0.8421631 0.7626953 0.8496094 0.734375 0.8331299 0.7651367 0.8421631 0.734375 0.8331299 0.7387695 0.8243408 0.7387695 0.8243408 0.734375 0.8331299 0.7041016 0.8167725 0.7041016 0.8167725 0.734375 0.8331299 0.7319336 0.8439942 0.7319336 0.8439942 0.734375 0.8331299 0.7626953 0.8496094 0.796875 0.8803101 0.7905274 0.878418 0.7963867 0.87146 0.7963867 0.87146 0.7905274 0.878418 0.7905274 0.871582 0.7905274 0.871582 0.7905274 0.878418 0.7822266 0.8741455 0.7905274 0.871582 0.7822266 0.8741455 0.7797852 0.8654785 0.7797852 0.8654785 0.7822266 0.8741455 0.7573242 0.864502 0.7797852 0.8654785 0.7573242 0.864502 0.7602539 0.8569336 0.7602539 0.8569336 0.7573242 0.864502 0.7319336 0.8439942 0.7602539 0.8569336 0.7319336 0.8439942 0.7626953 0.8496094 0.7602539 0.8569336 0.7626953 0.8496094 0.7797852 0.8654785 0.7797852 0.8654785 0.7626953 0.8496094 0.78125 0.8603516 0.7797852 0.8654785 0.78125 0.8603516 0.7963867 0.87146 0.7797852 0.8654785 0.7963867 0.87146 0.7905274 0.871582 0.6538086 0.7796631 0.6279297 0.760376 0.6704102 0.7624512 0.6704102 0.7624512 0.6279297 0.760376 0.6455078 0.7324219 0.6704102 0.7624512 0.6455078 0.7324219 0.684082 0.7429199 0.684082 0.7429199 0.6455078 0.7324219 0.6645508 0.7070313 0.684082 0.7429199 0.6645508 0.7070313 0.6865234 0.6882324 0.684082 0.7429199 0.6865234 0.6882324 0.6987305 0.7299805 0.684082 0.7429199 0.6987305 0.7299805 0.7133789 0.7634277 0.684082 0.7429199 0.7133789 0.7634277 0.7026367 0.7723389 0.7026367 0.7723389 0.7133789 0.7634277 0.7216797 0.7955322 0.7026367 0.7723389 0.7216797 0.7955322 0.6904297 0.7851563 0.6904297 0.7851563 0.7216797 0.7955322 0.7109375 0.8052979 0.7109375 0.8052979 0.7216797 0.7955322 0.7446289 0.8175049 0.7446289 0.8175049 0.7216797 0.7955322 0.7304688 0.7879639 0.7304688 0.7879639 0.7216797 0.7955322 0.7133789 0.7634277 0.7304688 0.7879639 0.7133789 0.7634277 0.7421875 0.7816162 0.7421875 0.7816162 0.7133789 0.7634277 0.7231445 0.7576904 0.7231445 0.7576904 0.7133789 0.7634277 0.7109375 0.722168 0.7109375 0.722168 0.7133789 0.7634277 0.6987305 0.7299805 0.7109375 0.722168 0.6987305 0.7299805 0.6865234 0.6882324 0.7109375 0.722168 0.6865234 0.6882324 0.7050781 0.6794434 0.7050781 0.6794434 0.6865234 0.6882324 0.7001953 0.638916 0.7001953 0.638916 0.6865234 0.6882324 0.6708984 0.6384277 0.6708984 0.6384277 0.6865234 0.6882324 0.6435547 0.6667481 0.6435547 0.6667481 0.6865234 0.6882324 0.6645508 0.7070313 0.6435547 0.6667481 0.6645508 0.7070313 0.6455078 0.7324219 0.6435547 0.6667481 0.6455078 0.7324219 0.6196289 0.7009277 0.6196289 0.7009277 0.6455078 0.7324219 0.6279297 0.760376 0.6196289 0.7009277 0.6279297 0.760376 0.5991211 0.7375488 0.5991211 0.7375488 0.6279297 0.760376 0.5849609 0.7667236 0.5849609 0.7667236 0.6279297 0.760376 0.6123047 0.7868652 0.6123047 0.7868652 0.6279297 0.760376 0.6416016 0.8006592 0.6416016 0.8006592 0.6279297 0.760376 0.6538086 0.7796631 0.6538086 0.7796631 0.6704102 0.7624512 0.6904297 0.7851563 0.6904297 0.7851563 0.6704102 0.7624512 0.684082 0.7429199 0.6904297 0.7851563 0.684082 0.7429199 0.7026367 0.7723389 0.5532227 0.243164 0.5688477 0.2353515 0.5546875 0.2490234 0.7133789 0.2729492 0.6948242 0.2841797 0.7114258 0.2680664 0.7114258 0.2680664 0.6948242 0.2841797 0.6870117 0.2768555 0.7114258 0.2680664 0.6870117 0.2768555 0.7133789 0.2602539 0.7133789 0.2602539 0.6870117 0.2768555 0.6850586 0.265625 0.7133789 0.2602539 0.6850586 0.265625 0.6889649 0.2519531 0.6889649 0.2519531 0.6850586 0.265625 0.6586914 0.2504883 0.6889649 0.2519531 0.6586914 0.2504883 0.6894531 0.2353515 0.6894531 0.2353515 0.6586914 0.2504883 0.6586914 0.2363281 0.6894531 0.2353515 0.6586914 0.2363281 0.6577149 0.2197265 0.6577149 0.2197265 0.6586914 0.2363281 0.6279297 0.2280273 0.6577149 0.2197265 0.6279297 0.2280273 0.6567383 0.2065429 0.6567383 0.2065429 0.6279297 0.2280273 0.6259766 0.215332 0.6567383 0.2065429 0.6259766 0.215332 0.6235352 0.2036132 0.6235352 0.2036132 0.6259766 0.215332 0.5961914 0.2285156 0.5961914 0.2285156 0.6259766 0.215332 0.6279297 0.2280273 0.5961914 0.2285156 0.6279297 0.2280273 0.5981445 0.239746 0.5981445 0.239746 0.6279297 0.2280273 0.5991211 0.2509766 0.5981445 0.239746 0.5991211 0.2509766 0.5727539 0.2504883 0.5981445 0.239746 0.5727539 0.2504883 0.5961914 0.2285156 0.5961914 0.2285156 0.5727539 0.2504883 0.5708008 0.243164 0.5961914 0.2285156 0.5708008 0.243164 0.5688477 0.2353515 0.5688477 0.2353515 0.5708008 0.243164 0.5546875 0.2490234 0.5546875 0.2490234 0.5708008 0.243164 0.5727539 0.2504883 0.5546875 0.2490234 0.5727539 0.2504883 0.5561524 0.2548828 0.5561524 0.2548828 0.5727539 0.2504883 0.5566406 0.2617188 0.5561524 0.2548828 0.5566406 0.2617188 0.5463867 0.2568359 0.5561524 0.2548828 0.5463867 0.2568359 0.5458984 0.2519531 0.5561524 0.2548828 0.5458984 0.2519531 0.5546875 0.2490234 0.5546875 0.2490234 0.5458984 0.2519531 0.5532227 0.243164 0.5532227 0.243164 0.5458984 0.2519531 0.5449219 0.2470703 0.5532227 0.243164 0.5449219 0.2470703 0.5507813 0.2377929 0.5532227 0.243164 0.5507813 0.2377929 0.5688477 0.2353515 0.6948242 0.2841797 0.671875 0.2983399 0.6870117 0.2768555 0.6870117 0.2768555 0.671875 0.2983399 0.6640625 0.2895508 0.6870117 0.2768555 0.6640625 0.2895508 0.6767578 0.2792969 0.6870117 0.2768555 0.6767578 0.2792969 0.6850586 0.265625 0.6850586 0.265625 0.6767578 0.2792969 0.6757813 0.2749024 0.6850586 0.265625 0.6757813 0.2749024 0.6572266 0.2646484 0.6850586 0.265625 0.6572266 0.2646484 0.6586914 0.2504883 0.6586914 0.2504883 0.6572266 0.2646484 0.6279297 0.2680664 0.6279297 0.2680664 0.6572266 0.2646484 0.6274414 0.28125 0.6279297 0.2680664 0.6274414 0.28125 0.597168 0.2719727 0.6279297 0.2680664 0.597168 0.2719727 0.5986328 0.2617188 0.5986328 0.2617188 0.597168 0.2719727 0.5732422 0.2680664 0.5986328 0.2617188 0.5732422 0.2680664 0.5991211 0.2509766 0.5991211 0.2509766 0.5732422 0.2680664 0.5737305 0.2592774 0.5991211 0.2509766 0.5737305 0.2592774 0.5727539 0.2504883 0.5727539 0.2504883 0.5737305 0.2592774 0.5566406 0.2617188 0.5566406 0.2617188 0.5737305 0.2592774 0.5732422 0.2680664 0.5566406 0.2617188 0.5732422 0.2680664 0.5561524 0.2685547 0.5561524 0.2685547 0.5732422 0.2680664 0.559082 0.2802734 0.5561524 0.2685547 0.559082 0.2802734 0.5458984 0.2675781 0.5561524 0.2685547 0.5458984 0.2675781 0.5566406 0.2617188 0.5566406 0.2617188 0.5458984 0.2675781 0.5458984 0.262207 0.5566406 0.2617188 0.5458984 0.262207 0.5463867 0.2568359 0.5463867 0.2568359 0.5458984 0.262207 0.5390625 0.2578125 0.5463867 0.2568359 0.5390625 0.2578125 0.5458984 0.2519531 0.671875 0.2983399 0.6347656 0.3076172 0.6640625 0.2895508 0.6640625 0.2895508 0.6347656 0.3076172 0.6318359 0.300293 0.6640625 0.2895508 0.6318359 0.300293 0.6572266 0.2836914 0.6640625 0.2895508 0.6572266 0.2836914 0.6767578 0.2792969 0.6767578 0.2792969 0.6572266 0.2836914 0.6757813 0.2749024 0.6757813 0.2749024 0.6572266 0.2836914 0.6552734 0.2763672 0.6757813 0.2749024 0.6552734 0.2763672 0.6572266 0.2646484 0.6572266 0.2646484 0.6552734 0.2763672 0.6274414 0.28125 0.6274414 0.28125 0.6552734 0.2763672 0.6289063 0.2910156 0.6289063 0.2910156 0.6552734 0.2763672 0.6572266 0.2836914 0.6289063 0.2910156 0.6572266 0.2836914 0.6318359 0.300293 0.6289063 0.2910156 0.6318359 0.300293 0.5981445 0.2988281 0.5981445 0.2988281 0.6318359 0.300293 0.6005859 0.309082 0.6005859 0.309082 0.6318359 0.300293 0.6347656 0.3076172 0.6005859 0.309082 0.6347656 0.3076172 0.605957 0.3188477 0.6005859 0.309082 0.605957 0.3188477 0.5874024 0.3300781 0.6005859 0.309082 0.5874024 0.3300781 0.5839844 0.3168945 0.6005859 0.309082 0.5839844 0.3168945 0.5981445 0.2988281 0.5981445 0.2988281 0.5839844 0.3168945 0.5771484 0.3032227 0.5981445 0.2988281 0.5771484 0.3032227 0.5961914 0.2871094 0.5981445 0.2988281 0.5961914 0.2871094 0.6289063 0.2910156 0.6289063 0.2910156 0.5961914 0.2871094 0.6274414 0.28125 0.6274414 0.28125 0.5961914 0.2871094 0.597168 0.2719727 0.597168 0.2719727 0.5961914 0.2871094 0.578125 0.2895508 0.578125 0.2895508 0.5961914 0.2871094 0.5771484 0.3032227 0.578125 0.2895508 0.5771484 0.3032227 0.5664063 0.2910156 0.5664063 0.2910156 0.5771484 0.3032227 0.5639649 0.3041992 0.5664063 0.2910156 0.5639649 0.3041992 0.5532227 0.2900391 0.5532227 0.2900391 0.5639649 0.3041992 0.5541992 0.3105469 0.5532227 0.2900391 0.5541992 0.3105469 0.5458984 0.2949219 0.5458984 0.2949219 0.5541992 0.3105469 0.5424805 0.3125 0.5458984 0.2949219 0.5424805 0.3125 0.5351563 0.2954102 0.559082 0.2802734 0.5732422 0.2680664 0.5761719 0.277832 0.5761719 0.277832 0.5732422 0.2680664 0.597168 0.2719727 0.5761719 0.277832 0.597168 0.2719727 0.578125 0.2895508 0.5761719 0.277832 0.578125 0.2895508 0.559082 0.2802734 0.559082 0.2802734 0.578125 0.2895508 0.5664063 0.2910156 0.559082 0.2802734 0.5664063 0.2910156 0.5532227 0.2900391 0.559082 0.2802734 0.5532227 0.2900391 0.5463867 0.2739258 0.559082 0.2802734 0.5463867 0.2739258 0.5458984 0.2675781 0.5458984 0.2675781 0.5463867 0.2739258 0.5371094 0.2700195 0.5458984 0.2675781 0.5371094 0.2700195 0.5371094 0.265625 0.5458984 0.2675781 0.5371094 0.265625 0.5380859 0.262207 0.5458984 0.2675781 0.5380859 0.262207 0.5458984 0.262207 0.5458984 0.262207 0.5380859 0.262207 0.5390625 0.2578125 0.5390625 0.2578125 0.5380859 0.262207 0.53125 0.2612305 0.53125 0.2612305 0.5380859 0.262207 0.5371094 0.265625 0.53125 0.2612305 0.5371094 0.265625 0.5307617 0.2651367 0.5307617 0.2651367 0.5371094 0.265625 0.5371094 0.2700195 0.5307617 0.2651367 0.5371094 0.2700195 0.5302734 0.2685547 0.5302734 0.2685547 0.5371094 0.2700195 0.5307617 0.2739258 0.5307617 0.2739258 0.5371094 0.2700195 0.5371094 0.2753906 0.5307617 0.2739258 0.5371094 0.2753906 0.5366211 0.2797852 0.5307617 0.2739258 0.5366211 0.2797852 0.53125 0.2792969 0.53125 0.2792969 0.5366211 0.2797852 0.5322266 0.2861328 0.5322266 0.2861328 0.5366211 0.2797852 0.5400391 0.284668 0.5322266 0.2861328 0.5400391 0.284668 0.5458984 0.2949219 0.5322266 0.2861328 0.5458984 0.2949219 0.5351563 0.2954102 0.5366211 0.2797852 0.5371094 0.2753906 0.5444336 0.2802734 0.5444336 0.2802734 0.5371094 0.2753906 0.5371094 0.2700195 0.5444336 0.2802734 0.5371094 0.2700195 0.5463867 0.2739258 0.5444336 0.2802734 0.5463867 0.2739258 0.5532227 0.2900391 0.5444336 0.2802734 0.5532227 0.2900391 0.5458984 0.2949219 0.5444336 0.2802734 0.5458984 0.2949219 0.5400391 0.284668 0.5444336 0.2802734 0.5400391 0.284668 0.5366211 0.2797852 0.5839844 0.3168945 0.5874024 0.3300781 0.5708008 0.3232422 0.5708008 0.3232422 0.5874024 0.3300781 0.5766602 0.3417969 0.5708008 0.3232422 0.5766602 0.3417969 0.5717774 0.3544922 0.5708008 0.3232422 0.5717774 0.3544922 0.5605469 0.3330078 0.5605469 0.3330078 0.5717774 0.3544922 0.5712891 0.3657227 0.5605469 0.3330078 0.5712891 0.3657227 0.5581055 0.3491211 0.5581055 0.3491211 0.5712891 0.3657227 0.5688477 0.3740234 0.5581055 0.3491211 0.5688477 0.3740234 0.5478516 0.355957 0.5581055 0.3491211 0.5478516 0.355957 0.546875 0.3334961 0.5581055 0.3491211 0.546875 0.3334961 0.5605469 0.3330078 0.5605469 0.3330078 0.546875 0.3334961 0.5424805 0.3125 0.5605469 0.3330078 0.5424805 0.3125 0.5541992 0.3105469 0.5605469 0.3330078 0.5541992 0.3105469 0.5708008 0.3232422 0.5708008 0.3232422 0.5541992 0.3105469 0.5639649 0.3041992 0.5708008 0.3232422 0.5639649 0.3041992 0.5771484 0.3032227 0.5708008 0.3232422 0.5771484 0.3032227 0.5839844 0.3168945 0.5332031 0.2578125 0.5283203 0.2563477 0.5302734 0.2543945 0.5302734 0.2543945 0.5283203 0.2563477 0.5253906 0.253418 0.5302734 0.2543945 0.5253906 0.253418 0.5292969 0.2524414 0.5302734 0.2543945 0.5292969 0.2524414 0.5332031 0.2509766 0.5302734 0.2543945 0.5332031 0.2509766 0.5341797 0.2543945 0.5302734 0.2543945 0.5341797 0.2543945 0.5332031 0.2578125 0.5332031 0.2578125 0.5341797 0.2543945 0.5390625 0.2578125 0.5332031 0.2578125 0.5390625 0.2578125 0.53125 0.2612305 0.5332031 0.2578125 0.53125 0.2612305 0.5283203 0.2563477 0.5283203 0.2563477 0.53125 0.2612305 0.5249024 0.2587891 0.5283203 0.2563477 0.5249024 0.2587891 0.5253906 0.253418 0.5253906 0.253418 0.5249024 0.2587891 0.5219727 0.2548828 0.5253906 0.253418 0.5219727 0.2548828 0.5244141 0.2504883 0.5253906 0.253418 0.5244141 0.2504883 0.527832 0.2490234 0.5253906 0.253418 0.527832 0.2490234 0.5292969 0.2524414 0.5292969 0.2524414 0.527832 0.2490234 0.5322266 0.2475585 0.5292969 0.2524414 0.5322266 0.2475585 0.5332031 0.2509766 0.5332031 0.2509766 0.5322266 0.2475585 0.5385742 0.2490234 0.5332031 0.2509766 0.5385742 0.2490234 0.5341797 0.2543945 0.5341797 0.2543945 0.5385742 0.2490234 0.5390625 0.253418 0.5341797 0.2543945 0.5390625 0.253418 0.5390625 0.2578125 0.5390625 0.2578125 0.5390625 0.253418 0.5458984 0.2519531 0.5458984 0.2519531 0.5390625 0.253418 0.5385742 0.2490234 0.5458984 0.2519531 0.5385742 0.2490234 0.5449219 0.2470703 0.5361328 0.2177734 0.5410156 0.2221679 0.534668 0.2294921 0.534668 0.2294921 0.5410156 0.2221679 0.5380859 0.23291 0.5380859 0.23291 0.5410156 0.2221679 0.5449219 0.2270507 0.5380859 0.23291 0.5449219 0.2270507 0.5410156 0.2373046 0.5380859 0.23291 0.5410156 0.2373046 0.5332031 0.2377929 0.5332031 0.2377929 0.5410156 0.2373046 0.5351563 0.2416992 0.5332031 0.2377929 0.5351563 0.2416992 0.5307617 0.2441406 0.5307617 0.2441406 0.5351563 0.2416992 0.5322266 0.2475585 0.5307617 0.2441406 0.5322266 0.2475585 0.5268555 0.2460937 0.5268555 0.2460937 0.5322266 0.2475585 0.527832 0.2490234 0.5268555 0.2460937 0.527832 0.2490234 0.5244141 0.2504883 0.5268555 0.2460937 0.5244141 0.2504883 0.5234375 0.2475585 0.5268555 0.2460937 0.5234375 0.2475585 0.5253906 0.2426757 0.5268555 0.2460937 0.5253906 0.2426757 0.5307617 0.2441406 0.5307617 0.2441406 0.5253906 0.2426757 0.5288086 0.2407225 0.5307617 0.2441406 0.5288086 0.2407225 0.5332031 0.2377929 0.5332031 0.2377929 0.5288086 0.2407225 0.5307617 0.234375 0.5332031 0.2377929 0.5307617 0.234375 0.5380859 0.23291 0.5380859 0.23291 0.5307617 0.234375 0.534668 0.2294921 0.534668 0.2294921 0.5307617 0.234375 0.527832 0.2319335 0.527832 0.2319335 0.5307617 0.234375 0.5258789 0.2353515 0.5258789 0.2353515 0.5307617 0.234375 0.5273438 0.2377929 0.5258789 0.2353515 0.5273438 0.2377929 0.5239258 0.239746 0.5239258 0.239746 0.5273438 0.2377929 0.5288086 0.2407225 0.5288086 0.2407225 0.5273438 0.2377929 0.5307617 0.234375 0.5219727 0.2548828 0.5205078 0.2509766 0.5244141 0.2504883 0.5244141 0.2504883 0.5205078 0.2509766 0.5209961 0.2480468 0.5244141 0.2504883 0.5209961 0.2480468 0.5234375 0.2475585 0.5234375 0.2475585 0.5209961 0.2480468 0.5224609 0.2446289 0.5234375 0.2475585 0.5224609 0.2446289 0.5253906 0.2426757 0.5253906 0.2426757 0.5224609 0.2446289 0.5209961 0.2412109 0.5253906 0.2426757 0.5209961 0.2412109 0.5239258 0.239746 0.5239258 0.239746 0.5209961 0.2412109 0.5234375 0.2358398 0.5239258 0.239746 0.5234375 0.2358398 0.5258789 0.2353515 0.5258789 0.2353515 0.5234375 0.2358398 0.5244141 0.230957 0.5258789 0.2353515 0.5244141 0.230957 0.527832 0.2319335 0.527832 0.2319335 0.5244141 0.230957 0.5307617 0.2265625 0.527832 0.2319335 0.5307617 0.2265625 0.534668 0.2294921 0.534668 0.2294921 0.5307617 0.2265625 0.5361328 0.2177734 0.5361328 0.2177734 0.5307617 0.2265625 0.53125 0.2158203 0.53125 0.2158203 0.5307617 0.2265625 0.5268555 0.2246093 0.53125 0.2158203 0.5268555 0.2246093 0.5253906 0.2133789 0.5253906 0.2133789 0.5268555 0.2246093 0.5214844 0.2246093 0.5253906 0.2133789 0.5214844 0.2246093 0.5161133 0.2246093 0.5161133 0.2246093 0.5214844 0.2246093 0.515625 0.23291 0.5161133 0.2246093 0.515625 0.23291 0.5112305 0.2265625 0.5112305 0.2265625 0.515625 0.23291 0.5117188 0.234375 0.5112305 0.2265625 0.5117188 0.234375 0.5078125 0.2373046 0.5078125 0.2373046 0.5117188 0.234375 0.5102539 0.243164 0.5078125 0.2373046 0.5102539 0.243164 0.503418 0.2416992 0.503418 0.2416992 0.5102539 0.243164 0.5068359 0.2470703 0.503418 0.2416992 0.5068359 0.2470703 0.5019531 0.2504883 0.503418 0.2416992 0.5019531 0.2504883 0.4978027 0.2451171 0.503418 0.2416992 0.4978027 0.2451171 0.5009766 0.234375 0.5009766 0.234375 0.4978027 0.2451171 0.4941406 0.2377929 0.5009766 0.234375 0.4941406 0.2377929 0.4904785 0.227539 0.5009766 0.234375 0.4904785 0.227539 0.498291 0.2211914 0.5307617 0.2265625 0.5244141 0.230957 0.5268555 0.2246093 0.5268555 0.2246093 0.5244141 0.230957 0.5205078 0.230957 0.5268555 0.2246093 0.5205078 0.230957 0.5214844 0.2246093 0.5214844 0.2246093 0.5205078 0.230957 0.515625 0.23291 0.515625 0.23291 0.5205078 0.230957 0.5200195 0.2363281 0.5200195 0.2363281 0.5205078 0.230957 0.5244141 0.230957 0.5200195 0.2363281 0.5244141 0.230957 0.5234375 0.2358398 0.5200195 0.2363281 0.5234375 0.2358398 0.5209961 0.2412109 0.5200195 0.2363281 0.5209961 0.2412109 0.5166016 0.2382812 0.5200195 0.2363281 0.5166016 0.2382812 0.515625 0.23291 0.515625 0.23291 0.5166016 0.2382812 0.5117188 0.234375 0.5117188 0.234375 0.5166016 0.2382812 0.5131836 0.2402343 0.5117188 0.234375 0.5131836 0.2402343 0.5102539 0.243164 0.5102539 0.243164 0.5131836 0.2402343 0.512207 0.2480468 0.5102539 0.243164 0.512207 0.2480468 0.5068359 0.2470703 0.5068359 0.2470703 0.512207 0.2480468 0.5097656 0.2514649 0.5068359 0.2470703 0.5097656 0.2514649 0.5019531 0.2504883 0.5019531 0.2504883 0.5097656 0.2514649 0.5068359 0.2553711 0.5068359 0.2553711 0.5097656 0.2514649 0.5126953 0.2548828 0.5068359 0.2553711 0.5126953 0.2548828 0.5097656 0.2592774 0.5097656 0.2592774 0.5126953 0.2548828 0.512207 0.262207 0.512207 0.262207 0.5126953 0.2548828 0.515625 0.2578125 0.515625 0.2578125 0.5126953 0.2548828 0.5180664 0.2539063 0.5180664 0.2539063 0.5126953 0.2548828 0.5151367 0.2514649 0.5180664 0.2539063 0.5151367 0.2514649 0.5175781 0.248535 0.5180664 0.2539063 0.5175781 0.248535 0.5205078 0.2509766 0.5205078 0.2509766 0.5175781 0.248535 0.5209961 0.2480468 0.5209961 0.2480468 0.5175781 0.248535 0.5195313 0.2460937 0.5209961 0.2480468 0.5195313 0.2460937 0.5224609 0.2446289 0.5224609 0.2446289 0.5195313 0.2460937 0.5209961 0.2412109 0.5209961 0.2412109 0.5195313 0.2460937 0.5175781 0.2426757 0.5209961 0.2412109 0.5175781 0.2426757 0.5166016 0.2382812 0.5166016 0.2382812 0.5175781 0.2426757 0.5131836 0.2402343 0.5131836 0.2402343 0.5175781 0.2426757 0.5151367 0.2446289 0.5151367 0.2446289 0.5175781 0.2426757 0.5195313 0.2460937 0.5151367 0.2446289 0.5195313 0.2460937 0.5175781 0.248535 0.5151367 0.2446289 0.5175781 0.248535 0.512207 0.2480468 0.5151367 0.2446289 0.512207 0.2480468 0.5131836 0.2402343 0.5175781 0.248535 0.5151367 0.2514649 0.512207 0.2480468 0.512207 0.2480468 0.5151367 0.2514649 0.5126953 0.2548828 0.512207 0.2480468 0.5126953 0.2548828 0.5097656 0.2514649 0.503418 0.2416992 0.5009766 0.234375 0.5078125 0.2373046 0.5078125 0.2373046 0.5009766 0.234375 0.5058594 0.2285156 0.5078125 0.2373046 0.5058594 0.2285156 0.5112305 0.2265625 0.5112305 0.2265625 0.5058594 0.2285156 0.512207 0.2138671 0.5112305 0.2265625 0.512207 0.2138671 0.519043 0.2128906 0.5112305 0.2265625 0.519043 0.2128906 0.5161133 0.2246093 0.5161133 0.2246093 0.519043 0.2128906 0.5253906 0.2133789 0.5253906 0.2133789 0.519043 0.2128906 0.5249024 0.196289 0.5249024 0.196289 0.519043 0.2128906 0.515625 0.196289 0.5249024 0.196289 0.515625 0.196289 0.5336914 0.1669921 0.5336914 0.1669921 0.515625 0.196289 0.5200195 0.168457 0.5336914 0.1669921 0.5200195 0.168457 0.5195313 0.137207 0.5195313 0.137207 0.5200195 0.168457 0.5019531 0.1420898 0.5195313 0.137207 0.5019531 0.1420898 0.5175781 0.1157226 0.5175781 0.1157226 0.5019531 0.1420898 0.4934082 0.1220703 0.4934082 0.1220703 0.5019531 0.1420898 0.4724121 0.1357421 0.4724121 0.1357421 0.5019531 0.1420898 0.4848633 0.1508789 0.4848633 0.1508789 0.5019531 0.1420898 0.4926758 0.1738281 0.4926758 0.1738281 0.5019531 0.1420898 0.5063477 0.17041 0.5063477 0.17041 0.5019531 0.1420898 0.5200195 0.168457 0.5063477 0.17041 0.5200195 0.168457 0.5063477 0.1972656 0.5063477 0.17041 0.5063477 0.1972656 0.4926758 0.1738281 0.4926758 0.1738281 0.5063477 0.1972656 0.4956055 0.2006835 0.4956055 0.2006835 0.5063477 0.1972656 0.5053711 0.2163085 0.4956055 0.2006835 0.5053711 0.2163085 0.498291 0.2211914 0.498291 0.2211914 0.5053711 0.2163085 0.5009766 0.234375 0.5009766 0.234375 0.5053711 0.2163085 0.5058594 0.2285156 0.5058594 0.2285156 0.5053711 0.2163085 0.512207 0.2138671 0.512207 0.2138671 0.5053711 0.2163085 0.5063477 0.1972656 0.512207 0.2138671 0.5063477 0.1972656 0.515625 0.196289 0.512207 0.2138671 0.515625 0.196289 0.519043 0.2128906 0.4384766 0.1748046 0.4277344 0.161621 0.4645996 0.1674804 0.4645996 0.1674804 0.4277344 0.161621 0.4516602 0.1503906 0.4516602 0.1503906 0.4277344 0.161621 0.4238281 0.145996 0.4516602 0.1503906 0.4238281 0.145996 0.4394531 0.137207 0.4516602 0.1503906 0.4394531 0.137207 0.4724121 0.1357421 0.4724121 0.1357421 0.4394531 0.137207 0.4604492 0.1259765 0.4724121 0.1357421 0.4604492 0.1259765 0.4851074 0.102539 0.4724121 0.1357421 0.4851074 0.102539 0.4934082 0.1220703 0.4934082 0.1220703 0.4851074 0.102539 0.519043 0.09521484 0.4934082 0.1220703 0.519043 0.09521484 0.5175781 0.1157226 0.5175781 0.1157226 0.519043 0.09521484 0.5424805 0.1137695 0.5175781 0.1157226 0.5424805 0.1137695 0.5195313 0.137207 0.5195313 0.137207 0.5424805 0.1137695 0.5385742 0.1367187 0.5195313 0.137207 0.5385742 0.1367187 0.5336914 0.1669921 0.5336914 0.1669921 0.5385742 0.1367187 0.5463867 0.168457 0.5336914 0.1669921 0.5463867 0.168457 0.5249024 0.196289 0.5249024 0.196289 0.5463867 0.168457 0.5327149 0.1972656 0.5249024 0.196289 0.5327149 0.1972656 0.5253906 0.2133789 0.5253906 0.2133789 0.5327149 0.1972656 0.5395508 0.2001953 0.5253906 0.2133789 0.5395508 0.2001953 0.53125 0.2158203 0.53125 0.2158203 0.5395508 0.2001953 0.5463867 0.2041015 0.53125 0.2158203 0.5463867 0.2041015 0.5361328 0.2177734 0.5361328 0.2177734 0.5463867 0.2041015 0.5522461 0.2099609 0.5361328 0.2177734 0.5522461 0.2099609 0.5410156 0.2221679 0.5410156 0.2221679 0.5522461 0.2099609 0.5576172 0.2148437 0.5410156 0.2221679 0.5576172 0.2148437 0.5449219 0.2270507 0.5449219 0.2270507 0.5576172 0.2148437 0.5478516 0.2319335 0.5449219 0.2270507 0.5478516 0.2319335 0.5410156 0.2373046 0.5410156 0.2373046 0.5478516 0.2319335 0.5507813 0.2377929 0.5410156 0.2373046 0.5507813 0.2377929 0.5429688 0.2421875 0.5429688 0.2421875 0.5507813 0.2377929 0.5449219 0.2470703 0.5429688 0.2421875 0.5449219 0.2470703 0.5385742 0.2490234 0.581543 0.1923828 0.5864258 0.20166 0.5576172 0.2148437 0.581543 0.1923828 0.5576172 0.2148437 0.5742188 0.1835937 0.5742188 0.1835937 0.5576172 0.2148437 0.5522461 0.2099609 0.5742188 0.1835937 0.5522461 0.2099609 0.565918 0.1791992 0.565918 0.1791992 0.5522461 0.2099609 0.5463867 0.2041015 0.565918 0.1791992 0.5463867 0.2041015 0.5571289 0.1743164 0.5571289 0.1743164 0.5463867 0.2041015 0.5395508 0.2001953 0.5571289 0.1743164 0.5395508 0.2001953 0.5327149 0.1972656 0.5571289 0.1743164 0.5327149 0.1972656 0.5463867 0.168457 0.5571289 0.1743164 0.5463867 0.168457 0.5532227 0.1401367 0.5532227 0.1401367 0.5463867 0.168457 0.5385742 0.1367187 0.5532227 0.1401367 0.5385742 0.1367187 0.5424805 0.1137695 0.5532227 0.1401367 0.5424805 0.1137695 0.5556641 0.1191406 0.5556641 0.1191406 0.5424805 0.1137695 0.543457 0.0961914 0.543457 0.0961914 0.5424805 0.1137695 0.519043 0.09521484 0.543457 0.0961914 0.519043 0.09521484 0.5703125 0.07714843 0.543457 0.0961914 0.5703125 0.07714843 0.5805664 0.1030273 0.5805664 0.1030273 0.5703125 0.07714843 0.6181641 0.1010742 0.5805664 0.1030273 0.6181641 0.1010742 0.5888672 0.114746 0.5888672 0.114746 0.6181641 0.1010742 0.6025391 0.114746 0.5888672 0.114746 0.6025391 0.114746 0.6000977 0.1318359 0.6000977 0.1318359 0.6025391 0.114746 0.6181641 0.1010742 0.6000977 0.1318359 0.6181641 0.1010742 0.6298828 0.1201171 0.6298828 0.1201171 0.6181641 0.1010742 0.6679688 0.1069335 0.6298828 0.1201171 0.6679688 0.1069335 0.6738281 0.1220703 0.6738281 0.1220703 0.6679688 0.1069335 0.7006836 0.09716796 0.6738281 0.1220703 0.7006836 0.09716796 0.703125 0.1132812 0.703125 0.1132812 0.7006836 0.09716796 0.7216797 0.1113281 0.703125 0.1132812 0.7216797 0.1113281 0.7109375 0.133789 0.7109375 0.133789 0.7216797 0.1113281 0.7304688 0.1284179 0.7109375 0.133789 0.7304688 0.1284179 0.7407227 0.1538085 0.7109375 0.133789 0.7407227 0.1538085 0.7236328 0.1513671 0.5888672 0.114746 0.5864258 0.1284179 0.5717774 0.1225585 0.5888672 0.114746 0.5717774 0.1225585 0.5805664 0.1030273 0.5805664 0.1030273 0.5717774 0.1225585 0.5556641 0.1191406 0.5556641 0.1191406 0.5717774 0.1225585 0.5688477 0.1440429 0.5556641 0.1191406 0.5688477 0.1440429 0.5532227 0.1401367 0.5532227 0.1401367 0.5688477 0.1440429 0.5571289 0.1743164 0.5571289 0.1743164 0.5688477 0.1440429 0.5805664 0.1503906 0.5571289 0.1743164 0.5805664 0.1503906 0.565918 0.1791992 0.565918 0.1791992 0.5805664 0.1503906 0.6005859 0.1552734 0.565918 0.1791992 0.6005859 0.1552734 0.5742188 0.1835937 0.5742188 0.1835937 0.6005859 0.1552734 0.581543 0.1923828 0.581543 0.1923828 0.6005859 0.1552734 0.6069336 0.1713867 0.6069336 0.1713867 0.6005859 0.1552734 0.628418 0.1596679 0.6069336 0.1713867 0.628418 0.1596679 0.6455078 0.1679687 0.6455078 0.1679687 0.628418 0.1596679 0.6606445 0.1513671 0.6455078 0.1679687 0.6606445 0.1513671 0.6787109 0.1699218 0.6455078 0.1679687 0.6787109 0.1699218 0.6821289 0.1831054 0.6821289 0.1831054 0.6787109 0.1699218 0.7050781 0.1743164 0.7050781 0.1743164 0.6787109 0.1699218 0.7036133 0.1606445 0.7050781 0.1743164 0.7036133 0.1606445 0.7172852 0.1674804 0.7050781 0.1743164 0.7172852 0.1674804 0.7226563 0.1748046 0.7050781 0.1743164 0.7226563 0.1748046 0.7089844 0.1865234 0.7050781 0.1743164 0.7089844 0.1865234 0.6821289 0.1831054 0.6821289 0.1831054 0.7089844 0.1865234 0.7143555 0.2001953 0.6821289 0.1831054 0.7143555 0.2001953 0.6865234 0.1958007 0.6821289 0.1831054 0.6865234 0.1958007 0.6538086 0.1938475 0.6821289 0.1831054 0.6538086 0.1938475 0.6513672 0.1816406 0.6821289 0.1831054 0.6513672 0.1816406 0.6455078 0.1679687 0.6455078 0.1679687 0.6513672 0.1816406 0.6152344 0.1835937 0.6455078 0.1679687 0.6152344 0.1835937 0.6069336 0.1713867 0.6069336 0.1713867 0.6152344 0.1835937 0.5864258 0.20166 0.6069336 0.1713867 0.5864258 0.20166 0.581543 0.1923828 0.7421875 0.184082 0.7226563 0.1748046 0.7324219 0.1694335 0.7324219 0.1694335 0.7226563 0.1748046 0.7172852 0.1674804 0.7324219 0.1694335 0.7172852 0.1674804 0.7216797 0.1601562 0.7216797 0.1601562 0.7172852 0.1674804 0.7036133 0.1606445 0.7216797 0.1601562 0.7036133 0.1606445 0.7070313 0.1499023 0.7070313 0.1499023 0.7036133 0.1606445 0.6889649 0.145996 0.7070313 0.1499023 0.6889649 0.145996 0.7109375 0.133789 0.7070313 0.1499023 0.7109375 0.133789 0.7216797 0.1601562 0.7216797 0.1601562 0.7109375 0.133789 0.7236328 0.1513671 0.7216797 0.1601562 0.7236328 0.1513671 0.7407227 0.1538085 0.7216797 0.1601562 0.7407227 0.1538085 0.7324219 0.1694335 0.7324219 0.1694335 0.7407227 0.1538085 0.7421875 0.184082 0.5717774 0.1225585 0.5864258 0.1284179 0.5688477 0.1440429 0.5688477 0.1440429 0.5864258 0.1284179 0.5805664 0.1503906 0.5805664 0.1503906 0.5864258 0.1284179 0.6005859 0.1552734 0.6005859 0.1552734 0.5864258 0.1284179 0.6000977 0.1318359 0.6000977 0.1318359 0.5864258 0.1284179 0.5888672 0.114746 0.6865234 0.1958007 0.6567383 0.2065429 0.6538086 0.1938475 0.6538086 0.1938475 0.6567383 0.2065429 0.6235352 0.2036132 0.6538086 0.1938475 0.6235352 0.2036132 0.6513672 0.1816406 0.6513672 0.1816406 0.6235352 0.2036132 0.6196289 0.1918945 0.6513672 0.1816406 0.6196289 0.1918945 0.6152344 0.1835937 0.6152344 0.1835937 0.6196289 0.1918945 0.5864258 0.20166 0.5864258 0.20166 0.6196289 0.1918945 0.5908203 0.2104492 0.5864258 0.20166 0.5908203 0.2104492 0.5654297 0.2280273 0.5654297 0.2280273 0.5908203 0.2104492 0.5688477 0.2353515 0.5654297 0.2280273 0.5688477 0.2353515 0.5507813 0.2377929 0.5654297 0.2280273 0.5507813 0.2377929 0.5620117 0.2211914 0.5620117 0.2211914 0.5507813 0.2377929 0.5478516 0.2319335 0.5620117 0.2211914 0.5478516 0.2319335 0.5576172 0.2148437 0.5620117 0.2211914 0.5576172 0.2148437 0.5864258 0.20166 0.5620117 0.2211914 0.5864258 0.20166 0.5654297 0.2280273 0.7504883 0.1977539 0.7324219 0.2001953 0.7421875 0.184082 0.7421875 0.184082 0.7324219 0.2001953 0.7285156 0.1879882 0.7421875 0.184082 0.7285156 0.1879882 0.7226563 0.1748046 0.7226563 0.1748046 0.7285156 0.1879882 0.7089844 0.1865234 0.7089844 0.1865234 0.7285156 0.1879882 0.7324219 0.2001953 0.7089844 0.1865234 0.7324219 0.2001953 0.7143555 0.2001953 0.7143555 0.2001953 0.7324219 0.2001953 0.7148438 0.211914 0.7143555 0.2001953 0.7148438 0.211914 0.6865234 0.1958007 0.6865234 0.1958007 0.7148438 0.211914 0.6875 0.2080078 0.6865234 0.1958007 0.6875 0.2080078 0.6567383 0.2065429 0.6567383 0.2065429 0.6875 0.2080078 0.6884766 0.2207031 0.6567383 0.2065429 0.6884766 0.2207031 0.6577149 0.2197265 0.6577149 0.2197265 0.6884766 0.2207031 0.6894531 0.2353515 0.6894531 0.2353515 0.6884766 0.2207031 0.7148438 0.224121 0.7148438 0.224121 0.6884766 0.2207031 0.6875 0.2080078 0.7148438 0.224121 0.6875 0.2080078 0.7148438 0.211914 0.7148438 0.224121 0.7148438 0.211914 0.7338867 0.211914 0.7338867 0.211914 0.7148438 0.211914 0.7324219 0.2001953 0.7338867 0.211914 0.7324219 0.2001953 0.7529297 0.2089843 0.7529297 0.2089843 0.7324219 0.2001953 0.7504883 0.1977539 0.6196289 0.1918945 0.6235352 0.2036132 0.59375 0.2192382 0.59375 0.2192382 0.6235352 0.2036132 0.5961914 0.2285156 0.59375 0.2192382 0.5961914 0.2285156 0.5688477 0.2353515 0.59375 0.2192382 0.5688477 0.2353515 0.5908203 0.2104492 0.59375 0.2192382 0.5908203 0.2104492 0.6196289 0.1918945 0.7529297 0.2089843 0.7597656 0.217285 0.7338867 0.211914 0.7338867 0.211914 0.7597656 0.217285 0.734375 0.2231445 0.7338867 0.211914 0.734375 0.2231445 0.7148438 0.224121 0.7148438 0.224121 0.734375 0.2231445 0.7290039 0.2363281 0.7290039 0.2363281 0.734375 0.2231445 0.7597656 0.217285 0.7290039 0.2363281 0.7597656 0.217285 0.7416992 0.234375 0.7290039 0.2363281 0.7416992 0.234375 0.7241211 0.2451171 0.7241211 0.2451171 0.7416992 0.234375 0.7290039 0.2495117 0.7241211 0.2451171 0.7290039 0.2495117 0.7133789 0.2602539 0.7241211 0.2451171 0.7133789 0.2602539 0.7109375 0.248535 0.7109375 0.248535 0.7133789 0.2602539 0.6889649 0.2519531 0.7109375 0.248535 0.6889649 0.2519531 0.6894531 0.2353515 0.7109375 0.248535 0.6894531 0.2353515 0.7119141 0.2358398 0.7119141 0.2358398 0.6894531 0.2353515 0.7148438 0.224121 0.7119141 0.2358398 0.7148438 0.224121 0.7290039 0.2363281 0.7119141 0.2358398 0.7290039 0.2363281 0.7241211 0.2451171 0.7119141 0.2358398 0.7241211 0.2451171 0.7109375 0.248535 0.7758789 0.2089843 0.7597656 0.217285 0.7666016 0.2050781 0.7666016 0.2050781 0.7597656 0.217285 0.7529297 0.2089843 0.7666016 0.2050781 0.7529297 0.2089843 0.7504883 0.1977539 0.7666016 0.2050781 0.7504883 0.1977539 0.7714844 0.1943359 0.7714844 0.1943359 0.7504883 0.1977539 0.7421875 0.184082 0.7714844 0.1943359 0.7421875 0.184082 0.7553711 0.1752929 0.7553711 0.1752929 0.7421875 0.184082 0.7407227 0.1538085 0.7553711 0.1752929 0.7407227 0.1538085 0.7597656 0.1411132 0.7597656 0.1411132 0.7407227 0.1538085 0.7304688 0.1284179 0.7597656 0.1411132 0.7304688 0.1284179 0.746582 0.1166992 0.746582 0.1166992 0.7304688 0.1284179 0.7216797 0.1113281 0.746582 0.1166992 0.7216797 0.1113281 0.7265625 0.1000976 0.7265625 0.1000976 0.7216797 0.1113281 0.7006836 0.09716796 0.7265625 0.1000976 0.7006836 0.09716796 0.7011719 0.07714843 0.7011719 0.07714843 0.7006836 0.09716796 0.6679688 0.1069335 0.7011719 0.07714843 0.6679688 0.1069335 0.6640625 0.09130859 0.6640625 0.09130859 0.6679688 0.1069335 0.6181641 0.1010742 0.6640625 0.09130859 0.6181641 0.1010742 0.6611328 0.0703125 0.6640625 0.09130859 0.6611328 0.0703125 0.7011719 0.07714843 0.7011719 0.07714843 0.6611328 0.0703125 0.7001953 0.06445312 0.7001953 0.06445312 0.6611328 0.0703125 0.659668 0.04638665 0.7001953 0.06445312 0.659668 0.04638665 0.7001953 0.04541009 0.7001953 0.06445312 0.7001953 0.04541009 0.7416992 0.04833984 0.7001953 0.06445312 0.7416992 0.04833984 0.7392578 0.06884765 0.7392578 0.06884765 0.7416992 0.04833984 0.7890625 0.05273437 0.7392578 0.06884765 0.7890625 0.05273437 0.7841797 0.07763671 0.7392578 0.06884765 0.7841797 0.07763671 0.7749024 0.1044921 0.7392578 0.06884765 0.7749024 0.1044921 0.7353516 0.08691406 0.7353516 0.08691406 0.7749024 0.1044921 0.7265625 0.1000976 0.7265625 0.1000976 0.7749024 0.1044921 0.746582 0.1166992 0.746582 0.1166992 0.7749024 0.1044921 0.7597656 0.1411132 0.7597656 0.1411132 0.7749024 0.1044921 0.7875977 0.1318359 0.7001953 0.06445312 0.7392578 0.06884765 0.7011719 0.07714843 0.7011719 0.07714843 0.7392578 0.06884765 0.7353516 0.08691406 0.7011719 0.07714843 0.7353516 0.08691406 0.7265625 0.1000976 0.7875977 0.1318359 0.793457 0.1513671 0.7597656 0.1411132 0.7597656 0.1411132 0.793457 0.1513671 0.7680664 0.1635742 0.7680664 0.1635742 0.793457 0.1513671 0.7983399 0.1733398 0.7680664 0.1635742 0.7983399 0.1733398 0.7861328 0.1835937 0.7680664 0.1635742 0.7861328 0.1835937 0.7714844 0.1943359 0.7680664 0.1635742 0.7714844 0.1943359 0.7553711 0.1752929 0.7680664 0.1635742 0.7553711 0.1752929 0.7597656 0.1411132 0.7963867 0.03173828 0.7890625 0.05273437 0.7456055 0.02490234 0.7456055 0.02490234 0.7890625 0.05273437 0.7416992 0.04833984 0.7456055 0.02490234 0.7416992 0.04833984 0.7016602 0.01953125 0.7016602 0.01953125 0.7416992 0.04833984 0.7001953 0.04541009 0.7016602 0.01953125 0.7001953 0.04541009 0.659668 0.04638665 0.7016602 0.01953125 0.659668 0.04638665 0.6601563 0.0180664 0.6601563 0.0180664 0.659668 0.04638665 0.6235352 0.02148437 0.6235352 0.02148437 0.659668 0.04638665 0.6210938 0.04931634 0.6235352 0.02148437 0.6210938 0.04931634 0.5869141 0.02197265 0.5869141 0.02197265 0.6210938 0.04931634 0.5791016 0.0502929 0.5869141 0.02197265 0.5791016 0.0502929 0.550293 0.02099609 0.550293 0.02099609 0.5791016 0.0502929 0.5366211 0.05126953 0.550293 0.02099609 0.5366211 0.05126953 0.5112305 0.0424804 0.550293 0.02099609 0.5112305 0.0424804 0.5209961 0.01171875 0.5366211 0.05126953 0.5791016 0.0502929 0.5703125 0.07714843 0.5703125 0.07714843 0.5791016 0.0502929 0.6210938 0.04931634 0.5703125 0.07714843 0.6210938 0.04931634 0.6186524 0.07519531 0.6186524 0.07519531 0.6210938 0.04931634 0.659668 0.04638665 0.6186524 0.07519531 0.659668 0.04638665 0.6611328 0.0703125 0.6186524 0.07519531 0.6611328 0.0703125 0.6181641 0.1010742 0.6186524 0.07519531 0.6181641 0.1010742 0.5703125 0.07714843 0.5366211 0.05126953 0.5703125 0.07714843 0.5341797 0.07128906 0.5341797 0.07128906 0.5703125 0.07714843 0.519043 0.09521484 0.5341797 0.07128906 0.519043 0.09521484 0.4851074 0.102539 0.5341797 0.07128906 0.4851074 0.102539 0.4997559 0.07324218 0.5341797 0.07128906 0.4997559 0.07324218 0.5112305 0.0424804 0.5341797 0.07128906 0.5112305 0.0424804 0.5366211 0.05126953 0.06872558 0.7580567 0.07507324 0.7521973 0.07000732 0.7598877 0.06378173 0.7625733 0.06280517 0.7611084 0.06726074 0.7563477 0.06726074 0.7563477 0.06280517 0.7611084 0.06164544 0.7597656 0.06726074 0.7563477 0.06164544 0.7597656 0.06555175 0.7546387 0.06555175 0.7546387 0.06164544 0.7597656 0.06112664 0.7579346 0.06555175 0.7546387 0.06112664 0.7579346 0.06378173 0.7532959 0.06555175 0.7546387 0.06378173 0.7532959 0.06768798 0.7463379 0.06555175 0.7546387 0.06768798 0.7463379 0.0703125 0.7480469 0.06555175 0.7546387 0.0703125 0.7480469 0.06726074 0.7563477 0.06726074 0.7563477 0.0703125 0.7480469 0.0727539 0.75 0.06726074 0.7563477 0.0727539 0.75 0.07507324 0.7521973 0.07507324 0.7521973 0.0727539 0.75 0.07873535 0.7424317 0.07507324 0.7521973 0.07873535 0.7424317 0.0817871 0.7453613 0.0817871 0.7453613 0.07873535 0.7424317 0.08630371 0.7316895 0.0817871 0.7453613 0.08630371 0.7316895 0.09014892 0.736084 0.09014892 0.736084 0.08630371 0.7316895 0.09436035 0.7194824 0.09014892 0.736084 0.09436035 0.7194824 0.09924316 0.7248535 0.09924316 0.7248535 0.09436035 0.7194824 0.1090698 0.7119141 0.09924316 0.7248535 0.1090698 0.7119141 0.1048583 0.7297363 0.09924316 0.7248535 0.1048583 0.7297363 0.09014892 0.736084 0.09014892 0.736084 0.1048583 0.7297363 0.09399414 0.7402344 0.09014892 0.736084 0.09399414 0.7402344 0.0817871 0.7453613 0.0817871 0.7453613 0.09399414 0.7402344 0.08477783 0.7485352 0.0817871 0.7453613 0.08477783 0.7485352 0.07507324 0.7521973 0.07507324 0.7521973 0.08477783 0.7485352 0.0770874 0.7546387 0.07507324 0.7521973 0.0770874 0.7546387 0.07000732 0.7598877 0.07000732 0.7598877 0.0770874 0.7546387 0.07128906 0.7617188 0.07000732 0.7598877 0.07128906 0.7617188 0.0647583 0.7658692 0.07000732 0.7598877 0.0647583 0.7658692 0.06384277 0.7646484 0.07000732 0.7598877 0.06384277 0.7646484 0.06872558 0.7580567 0.06872558 0.7580567 0.06384277 0.7646484 0.06378173 0.7625733 0.06872558 0.7580567 0.06378173 0.7625733 0.06726074 0.7563477 0.06872558 0.7580567 0.06726074 0.7563477 0.07507324 0.7521973 0.0727539 0.75 0.0703125 0.7480469 0.07586669 0.7380371 0.07586669 0.7380371 0.0703125 0.7480469 0.06768798 0.7463379 0.07586669 0.7380371 0.06768798 0.7463379 0.07226562 0.7348633 0.07586669 0.7380371 0.07226562 0.7348633 0.07739257 0.7189942 0.07586669 0.7380371 0.07739257 0.7189942 0.08227539 0.7258301 0.08227539 0.7258301 0.07739257 0.7189942 0.09014892 0.7148438 0.08227539 0.7258301 0.09014892 0.7148438 0.09436035 0.7194824 0.08227539 0.7258301 0.09436035 0.7194824 0.08630371 0.7316895 0.08227539 0.7258301 0.08630371 0.7316895 0.07586669 0.7380371 0.07586669 0.7380371 0.08630371 0.7316895 0.07873535 0.7424317 0.07586669 0.7380371 0.07873535 0.7424317 0.0727539 0.75 0.08477783 0.7485352 0.07879638 0.7572022 0.0770874 0.7546387 0.0770874 0.7546387 0.07879638 0.7572022 0.07128906 0.7617188 0.07128906 0.7617188 0.07879638 0.7572022 0.07305908 0.7636719 0.07128906 0.7617188 0.07305908 0.7636719 0.0647583 0.7658692 0.0647583 0.7658692 0.07305908 0.7636719 0.06677246 0.7667236 0.06677246 0.7667236 0.07305908 0.7636719 0.06799316 0.7680664 0.06799316 0.7680664 0.07305908 0.7636719 0.07434082 0.7657471 0.06799316 0.7680664 0.07434082 0.7657471 0.06964111 0.769043 0.06964111 0.769043 0.07434082 0.7657471 0.07537841 0.7678223 0.07537841 0.7678223 0.07434082 0.7657471 0.08258056 0.7626953 0.07537841 0.7678223 0.08258056 0.7626953 0.08404541 0.7655029 0.08404541 0.7655029 0.08258056 0.7626953 0.09442138 0.7630615 0.09442138 0.7630615 0.08258056 0.7626953 0.09228515 0.7591553 0.09442138 0.7630615 0.09228515 0.7591553 0.1049804 0.7536621 0.09442138 0.7630615 0.1049804 0.7536621 0.1083984 0.7583008 0.1083984 0.7583008 0.1049804 0.7536621 0.1260986 0.7508545 0.1260986 0.7508545 0.1049804 0.7536621 0.1220703 0.7451172 0.1220703 0.7451172 0.1049804 0.7536621 0.1013793 0.7492676 0.1013793 0.7492676 0.1049804 0.7536621 0.09228515 0.7591553 0.1013793 0.7492676 0.09228515 0.7591553 0.08978271 0.7553711 0.08978271 0.7553711 0.09228515 0.7591553 0.08087158 0.7598877 0.08978271 0.7553711 0.08087158 0.7598877 0.07879638 0.7572022 0.07879638 0.7572022 0.08087158 0.7598877 0.07305908 0.7636719 0.07305908 0.7636719 0.08087158 0.7598877 0.08258056 0.7626953 0.08258056 0.7626953 0.08087158 0.7598877 0.09228515 0.7591553 0.06878662 0.7705078 0.06488037 0.7698975 0.06964111 0.769043 0.06964111 0.769043 0.06488037 0.7698975 0.06799316 0.7680664 0.06799316 0.7680664 0.06488037 0.7698975 0.06359863 0.7687988 0.06799316 0.7680664 0.06359863 0.7687988 0.06677246 0.7667236 0.06677246 0.7667236 0.06359863 0.7687988 0.0647583 0.7658692 0.0647583 0.7658692 0.06359863 0.7687988 0.0625 0.7675781 0.0647583 0.7658692 0.0625 0.7675781 0.06158447 0.7664795 0.0647583 0.7658692 0.06158447 0.7664795 0.06384277 0.7646484 0.06384277 0.7646484 0.06158447 0.7664795 0.06085205 0.7651367 0.06384277 0.7646484 0.06085205 0.7651367 0.06378173 0.7625733 0.06378173 0.7625733 0.06085205 0.7651367 0.06280517 0.7611084 0.06280517 0.7611084 0.06085205 0.7651367 0.05993652 0.763916 0.06280517 0.7611084 0.05993652 0.763916 0.05917358 0.7618408 0.06280517 0.7611084 0.05917358 0.7618408 0.06164544 0.7597656 0.06164544 0.7597656 0.05917358 0.7618408 0.06112664 0.7579346 0.06112664 0.7579346 0.05917358 0.7618408 0.05941772 0.7584229 0.06112664 0.7579346 0.05941772 0.7584229 0.06170654 0.7526856 0.06112664 0.7579346 0.06170654 0.7526856 0.06378173 0.7532959 0.06378173 0.7532959 0.06170654 0.7526856 0.06481933 0.7458496 0.06378173 0.7532959 0.06481933 0.7458496 0.06768798 0.7463379 0.06768798 0.7463379 0.06481933 0.7458496 0.07226562 0.7348633 0.07226562 0.7348633 0.06481933 0.7458496 0.06768798 0.7353516 0.07226562 0.7348633 0.06768798 0.7353516 0.06933593 0.7219238 0.07226562 0.7348633 0.06933593 0.7219238 0.07739257 0.7189942 0.07739257 0.7189942 0.06933593 0.7219238 0.06756591 0.7062988 0.07739257 0.7189942 0.06756591 0.7062988 0.07470703 0.703125 0.07470703 0.703125 0.06756591 0.7062988 0.07080078 0.6870117 0.07080078 0.6870117 0.06756591 0.7062988 0.06335449 0.689209 0.07080078 0.6870117 0.06335449 0.689209 0.05938714 0.6721192 0.07080078 0.6870117 0.05938714 0.6721192 0.06622314 0.6694336 0.06622314 0.6694336 0.05938714 0.6721192 0.05432122 0.6601563 0.06622314 0.6694336 0.05432122 0.6601563 0.0619201 0.6589356 0.05432122 0.6601563 0.04812622 0.652832 0.0619201 0.6589356 0.0619201 0.6589356 0.04812622 0.652832 0.05630493 0.6506348 0.05630493 0.6506348 0.04812622 0.652832 0.05249023 0.6450195 0.05249023 0.6450195 0.04812622 0.652832 0.04431152 0.6469727 0.05249023 0.6450195 0.04431152 0.6469727 0.04989624 0.6386719 0.04989624 0.6386719 0.04431152 0.6469727 0.04309082 0.6396484 0.04989624 0.6386719 0.04309082 0.6396484 0.04895013 0.6318359 0.04895013 0.6318359 0.04309082 0.6396484 0.04348748 0.6318359 0.04895013 0.6318359 0.04348748 0.6318359 0.04440301 0.6193848 0.04895013 0.6318359 0.04440301 0.6193848 0.04870605 0.6228027 0.04870605 0.6228027 0.04440301 0.6193848 0.04721069 0.6005859 0.04870605 0.6228027 0.04721069 0.6005859 0.05227661 0.6015625 0.04870605 0.6228027 0.05227661 0.6015625 0.05984497 0.6010742 0.04870605 0.6228027 0.05984497 0.6010742 0.05541992 0.6203613 0.04870605 0.6228027 0.05541992 0.6203613 0.04895013 0.6318359 0.04895013 0.6318359 0.05541992 0.6203613 0.05520623 0.630127 0.04895013 0.6318359 0.05520623 0.630127 0.05703735 0.6359863 0.04895013 0.6318359 0.05703735 0.6359863 0.04989624 0.6386719 0.04989624 0.6386719 0.05703735 0.6359863 0.05249023 0.6450195 0.05249023 0.6450195 0.05703735 0.6359863 0.06024163 0.6408692 0.05249023 0.6450195 0.06024163 0.6408692 0.05630493 0.6506348 0.05630493 0.6506348 0.06024163 0.6408692 0.06536865 0.6467285 0.05630493 0.6506348 0.06536865 0.6467285 0.0619201 0.6589356 0.0619201 0.6589356 0.06536865 0.6467285 0.07098388 0.6555176 0.0619201 0.6589356 0.07098388 0.6555176 0.06622314 0.6694336 0.06622314 0.6694336 0.07098388 0.6555176 0.07562255 0.6662598 0.06622314 0.6694336 0.07562255 0.6662598 0.07080078 0.6870117 0.07080078 0.6870117 0.07562255 0.6662598 0.07885742 0.6855469 0.07080078 0.6870117 0.07885742 0.6855469 0.08184814 0.6992188 0.07080078 0.6870117 0.08184814 0.6992188 0.07470703 0.703125 0.07470703 0.703125 0.08184814 0.6992188 0.07739257 0.7189942 0.07739257 0.7189942 0.08184814 0.6992188 0.08575439 0.7087402 0.05703735 0.6359863 0.06457519 0.6281738 0.0682373 0.6342774 0.0682373 0.6342774 0.06457519 0.6281738 0.0717163 0.6140137 0.0682373 0.6342774 0.0717163 0.6140137 0.07843017 0.6196289 0.07843017 0.6196289 0.0717163 0.6140137 0.0984497 0.6008301 0.07843017 0.6196289 0.0984497 0.6008301 0.08697509 0.630127 0.08697509 0.630127 0.0984497 0.6008301 0.1065063 0.6174317 0.08697509 0.630127 0.1065063 0.6174317 0.1083374 0.6403809 0.1083374 0.6403809 0.1065063 0.6174317 0.1208496 0.6396484 0.1208496 0.6396484 0.1065063 0.6174317 0.1223144 0.611084 0.1208496 0.6396484 0.1223144 0.611084 0.1317138 0.6433106 0.1208496 0.6396484 0.1317138 0.6433106 0.1166381 0.6657715 0.1166381 0.6657715 0.1317138 0.6433106 0.1257324 0.6708984 0.1166381 0.6657715 0.1257324 0.6708984 0.1110229 0.6906738 0.1166381 0.6657715 0.1110229 0.6906738 0.1040649 0.6877442 0.1040649 0.6877442 0.1110229 0.6906738 0.1030883 0.7067871 0.1040649 0.6877442 0.1030883 0.7067871 0.09735107 0.7038574 0.1040649 0.6877442 0.09735107 0.7038574 0.09161376 0.6992188 0.09161376 0.6992188 0.09735107 0.7038574 0.08575439 0.7087402 0.09161376 0.6992188 0.08575439 0.7087402 0.08703613 0.6955567 0.08703613 0.6955567 0.08575439 0.7087402 0.08184814 0.6992188 0.08703613 0.6955567 0.08184814 0.6992188 0.07885742 0.6855469 0.08703613 0.6955567 0.07885742 0.6855469 0.08758544 0.6853027 0.08758544 0.6853027 0.07885742 0.6855469 0.07562255 0.6662598 0.08758544 0.6853027 0.07562255 0.6662598 0.08764648 0.6635742 0.08764648 0.6635742 0.07562255 0.6662598 0.07098388 0.6555176 0.08764648 0.6635742 0.07098388 0.6555176 0.08294677 0.6496582 0.08294677 0.6496582 0.07098388 0.6555176 0.06536865 0.6467285 0.08294677 0.6496582 0.06536865 0.6467285 0.07586669 0.6401367 0.07586669 0.6401367 0.06536865 0.6467285 0.0682373 0.6342774 0.0682373 0.6342774 0.06536865 0.6467285 0.06024163 0.6408692 0.0682373 0.6342774 0.06024163 0.6408692 0.05703735 0.6359863 0.07843017 0.6196289 0.08697509 0.630127 0.0682373 0.6342774 0.0682373 0.6342774 0.08697509 0.630127 0.07586669 0.6401367 0.07586669 0.6401367 0.08697509 0.630127 0.08294677 0.6496582 0.08294677 0.6496582 0.08697509 0.630127 0.09484863 0.6445313 0.08294677 0.6496582 0.09484863 0.6445313 0.08764648 0.6635742 0.08764648 0.6635742 0.09484863 0.6445313 0.09985351 0.6611328 0.08764648 0.6635742 0.09985351 0.6611328 0.09606933 0.6855469 0.08764648 0.6635742 0.09606933 0.6855469 0.08758544 0.6853027 0.08758544 0.6853027 0.09606933 0.6855469 0.08703613 0.6955567 0.08703613 0.6955567 0.09606933 0.6855469 0.09161376 0.6992188 0.09161376 0.6992188 0.09606933 0.6855469 0.1040649 0.6877442 0.1040649 0.6877442 0.09606933 0.6855469 0.09985351 0.6611328 0.1040649 0.6877442 0.09985351 0.6611328 0.1076049 0.6633301 0.1040649 0.6877442 0.1076049 0.6633301 0.1166381 0.6657715 0.1166381 0.6657715 0.1076049 0.6633301 0.1208496 0.6396484 0.1208496 0.6396484 0.1076049 0.6633301 0.1083374 0.6403809 0.1083374 0.6403809 0.1076049 0.6633301 0.09985351 0.6611328 0.1083374 0.6403809 0.09985351 0.6611328 0.09484863 0.6445313 0.1083374 0.6403809 0.09484863 0.6445313 0.08697509 0.630127 0.05703735 0.6359863 0.05520623 0.630127 0.06176751 0.6237793 0.05703735 0.6359863 0.06176751 0.6237793 0.06457519 0.6281738 0.06457519 0.6281738 0.06176751 0.6237793 0.069458 0.6074219 0.06457519 0.6281738 0.069458 0.6074219 0.0717163 0.6140137 0.0717163 0.6140137 0.069458 0.6074219 0.08801269 0.5886231 0.0717163 0.6140137 0.08801269 0.5886231 0.0984497 0.6008301 0.0984497 0.6008301 0.08801269 0.5886231 0.119873 0.5793457 0.0984497 0.6008301 0.119873 0.5793457 0.1065063 0.6174317 0.1065063 0.6174317 0.119873 0.5793457 0.1223144 0.611084 0.1223144 0.611084 0.119873 0.5793457 0.1347656 0.6135254 0.1223144 0.611084 0.1347656 0.6135254 0.1317138 0.6433106 0.1317138 0.6433106 0.1347656 0.6135254 0.1444091 0.6166992 0.1317138 0.6433106 0.1444091 0.6166992 0.1416015 0.6481934 0.1317138 0.6433106 0.1416015 0.6481934 0.133789 0.6745606 0.1317138 0.6433106 0.133789 0.6745606 0.1257324 0.6708984 0.1257324 0.6708984 0.133789 0.6745606 0.1193847 0.6943359 0.1257324 0.6708984 0.1193847 0.6943359 0.1110229 0.6906738 0.1110229 0.6906738 0.1193847 0.6943359 0.1090698 0.7119141 0.1110229 0.6906738 0.1090698 0.7119141 0.1030883 0.7067871 0.1030883 0.7067871 0.1090698 0.7119141 0.09436035 0.7194824 0.1030883 0.7067871 0.09436035 0.7194824 0.09735107 0.7038574 0.09735107 0.7038574 0.09436035 0.7194824 0.09014892 0.7148438 0.09735107 0.7038574 0.09014892 0.7148438 0.08575439 0.7087402 0.08575439 0.7087402 0.09014892 0.7148438 0.07739257 0.7189942 0.1253662 0.4472656 0.1425781 0.456543 0.1223144 0.4804688 0.1223144 0.4804688 0.1425781 0.456543 0.1374511 0.487793 0.1223144 0.4804688 0.1374511 0.487793 0.1204833 0.5100098 0.1204833 0.5100098 0.1374511 0.487793 0.1345214 0.5166016 0.1204833 0.5100098 0.1345214 0.5166016 0.130249 0.5432129 0.130249 0.5432129 0.1345214 0.5166016 0.1402587 0.5495606 0.130249 0.5432129 0.1402587 0.5495606 0.119873 0.5793457 0.119873 0.5793457 0.1402587 0.5495606 0.1363525 0.5810547 0.119873 0.5793457 0.1363525 0.5810547 0.1347656 0.6135254 0.1347656 0.6135254 0.1363525 0.5810547 0.1453857 0.583252 0.1347656 0.6135254 0.1453857 0.583252 0.1444091 0.6166992 0.1444091 0.6166992 0.1453857 0.583252 0.1539306 0.6213379 0.1444091 0.6166992 0.1539306 0.6213379 0.1416015 0.6481934 0.1416015 0.6481934 0.1539306 0.6213379 0.1500244 0.6533203 0.1416015 0.6481934 0.1500244 0.6533203 0.133789 0.6745606 0.133789 0.6745606 0.1500244 0.6533203 0.1420898 0.6782227 0.133789 0.6745606 0.1420898 0.6782227 0.13208 0.7016602 0.13208 0.7016602 0.1420898 0.6782227 0.1486816 0.6828613 0.1486816 0.6828613 0.1420898 0.6782227 0.1500244 0.6533203 0.1486816 0.6828613 0.1500244 0.6533203 0.1558837 0.6564942 0.1558837 0.6564942 0.1500244 0.6533203 0.1539306 0.6213379 0.1558837 0.6564942 0.1539306 0.6213379 0.1619873 0.6252442 0.1619873 0.6252442 0.1539306 0.6213379 0.1696777 0.5966797 0.1619873 0.6252442 0.1696777 0.5966797 0.1699218 0.6320801 0.1699218 0.6320801 0.1696777 0.5966797 0.178833 0.6037598 0.1699218 0.6320801 0.178833 0.6037598 0.1791992 0.6347656 0.1791992 0.6347656 0.178833 0.6037598 0.1861572 0.6096192 0.1791992 0.6347656 0.1861572 0.6096192 0.1888427 0.6376953 0.1888427 0.6376953 0.1861572 0.6096192 0.1929931 0.6169434 0.1888427 0.6376953 0.1929931 0.6169434 0.201416 0.6223145 0.201416 0.6223145 0.1929931 0.6169434 0.2052001 0.6003418 0.201416 0.6223145 0.2052001 0.6003418 0.2139891 0.6037598 0.1716307 0.4379883 0.1582031 0.4663086 0.1425781 0.456543 0.1425781 0.456543 0.1582031 0.4663086 0.1513671 0.4956055 0.1425781 0.456543 0.1513671 0.4956055 0.1374511 0.487793 0.1374511 0.487793 0.1513671 0.4956055 0.1345214 0.5166016 0.1345214 0.5166016 0.1513671 0.4956055 0.1486816 0.5244141 0.1345214 0.5166016 0.1486816 0.5244141 0.1402587 0.5495606 0.1402587 0.5495606 0.1486816 0.5244141 0.1534423 0.5539551 0.1402587 0.5495606 0.1534423 0.5539551 0.1363525 0.5810547 0.1363525 0.5810547 0.1534423 0.5539551 0.1453857 0.583252 0.1453857 0.583252 0.1534423 0.5539551 0.1600341 0.5905762 0.1453857 0.583252 0.1600341 0.5905762 0.1539306 0.6213379 0.1539306 0.6213379 0.1600341 0.5905762 0.1696777 0.5966797 0.1696777 0.5966797 0.1600341 0.5905762 0.1710205 0.5625 0.1696777 0.5966797 0.1710205 0.5625 0.1798095 0.5690918 0.1798095 0.5690918 0.1710205 0.5625 0.1898193 0.5424805 0.1898193 0.5424805 0.1710205 0.5625 0.1822509 0.536377 0.1898193 0.5424805 0.1822509 0.536377 0.1877441 0.5114746 0.1877441 0.5114746 0.1822509 0.536377 0.1639404 0.5290527 0.1877441 0.5114746 0.1639404 0.5290527 0.1732177 0.505127 0.1877441 0.5114746 0.1732177 0.505127 0.1815184 0.4790039 0.1815184 0.4790039 0.1732177 0.505127 0.1582031 0.4663086 0.1815184 0.4790039 0.1582031 0.4663086 0.1900634 0.4487305 0.1900634 0.4487305 0.1582031 0.4663086 0.1716307 0.4379883 0.1600341 0.5905762 0.1534423 0.5539551 0.1710205 0.5625 0.1710205 0.5625 0.1534423 0.5539551 0.1822509 0.536377 0.1822509 0.536377 0.1534423 0.5539551 0.1639404 0.5290527 0.1639404 0.5290527 0.1534423 0.5539551 0.1486816 0.5244141 0.1639404 0.5290527 0.1486816 0.5244141 0.1732177 0.505127 0.1732177 0.505127 0.1486816 0.5244141 0.1513671 0.4956055 0.1732177 0.505127 0.1513671 0.4956055 0.1582031 0.4663086 0.1531982 0.6894531 0.1457519 0.7116699 0.1486816 0.6828613 0.1531982 0.6894531 0.1486816 0.6828613 0.1629638 0.6633301 0.1629638 0.6633301 0.1486816 0.6828613 0.1558837 0.6564942 0.1629638 0.6633301 0.1558837 0.6564942 0.1619873 0.6252442 0.1629638 0.6633301 0.1619873 0.6252442 0.1699218 0.6320801 0.1629638 0.6633301 0.1699218 0.6320801 0.1791992 0.6347656 0.1629638 0.6633301 0.1791992 0.6347656 0.1739501 0.6564942 0.1629638 0.6633301 0.1739501 0.6564942 0.1705322 0.6711426 0.1629638 0.6633301 0.1705322 0.6711426 0.1617431 0.6806641 0.1629638 0.6633301 0.1617431 0.6806641 0.1531982 0.6894531 0.1531982 0.6894531 0.1617431 0.6806641 0.154785 0.6994629 0.1531982 0.6894531 0.154785 0.6994629 0.1525878 0.7233887 0.1531982 0.6894531 0.1525878 0.7233887 0.1457519 0.7116699 0.1457519 0.7116699 0.1525878 0.7233887 0.1348876 0.730957 0.1348876 0.730957 0.1525878 0.7233887 0.1416015 0.7397461 0.1348876 0.730957 0.1416015 0.7397461 0.1260986 0.7508545 0.1348876 0.730957 0.1260986 0.7508545 0.1220703 0.7451172 0.1573486 0.7209473 0.1525878 0.7233887 0.1585693 0.7055664 0.1585693 0.7055664 0.1525878 0.7233887 0.154785 0.6994629 0.1585693 0.7055664 0.154785 0.6994629 0.16333 0.6896973 0.16333 0.6896973 0.154785 0.6994629 0.1617431 0.6806641 0.16333 0.6896973 0.1617431 0.6806641 0.17041 0.6799317 0.17041 0.6799317 0.1617431 0.6806641 0.1705322 0.6711426 0.17041 0.6799317 0.1705322 0.6711426 0.1835937 0.6650391 0.17041 0.6799317 0.1835937 0.6650391 0.1845703 0.6728516 0.1845703 0.6728516 0.1835937 0.6650391 0.2082519 0.6657715 0.2082519 0.6657715 0.1835937 0.6650391 0.2008056 0.659668 0.2082519 0.6657715 0.2008056 0.659668 0.2147216 0.6555176 0.2082519 0.6657715 0.2147216 0.6555176 0.2213134 0.6623535 0.2213134 0.6623535 0.2147216 0.6555176 0.2244873 0.6533203 0.2213134 0.6623535 0.2244873 0.6533203 0.2285156 0.6608887 0.2285156 0.6608887 0.2244873 0.6533203 0.232788 0.65625 0.232788 0.65625 0.2244873 0.6533203 0.2301025 0.6503906 0.232788 0.65625 0.2301025 0.6503906 0.2360839 0.6481934 0.232788 0.65625 0.2360839 0.6481934 0.2377929 0.6533203 0.2377929 0.6533203 0.2360839 0.6481934 0.2407225 0.6467285 0.2377929 0.6533203 0.2407225 0.6467285 0.2437744 0.6486817 0.2437744 0.6486817 0.2407225 0.6467285 0.248535 0.6430664 0.248535 0.6430664 0.2407225 0.6467285 0.2429199 0.6418457 0.248535 0.6430664 0.2429199 0.6418457 0.2531738 0.6354981 0.2531738 0.6354981 0.2429199 0.6418457 0.2462158 0.6347656 0.2531738 0.6354981 0.2462158 0.6347656 0.2519531 0.6210938 0.2531738 0.6354981 0.2519531 0.6210938 0.2587891 0.6230469 0.2587891 0.6230469 0.2519531 0.6210938 0.2607422 0.6035156 0.2587891 0.6230469 0.2607422 0.6035156 0.265625 0.6103516 0.265625 0.6103516 0.2607422 0.6035156 0.2761231 0.6032715 0.2761231 0.6032715 0.2607422 0.6035156 0.2741699 0.5969238 0.2761231 0.6032715 0.2741699 0.5969238 0.2861328 0.5952149 0.2761231 0.6032715 0.2861328 0.5952149 0.2871094 0.6022949 0.2360839 0.6481934 0.2301025 0.6503906 0.2366943 0.6425781 0.2360839 0.6481934 0.2366943 0.6425781 0.2407225 0.6467285 0.2407225 0.6467285 0.2366943 0.6425781 0.2429199 0.6418457 0.2429199 0.6418457 0.2366943 0.6425781 0.2462158 0.6347656 0.2462158 0.6347656 0.2366943 0.6425781 0.2386474 0.6352539 0.2462158 0.6347656 0.2386474 0.6352539 0.2429199 0.6220703 0.2462158 0.6347656 0.2429199 0.6220703 0.2519531 0.6210938 0.2519531 0.6210938 0.2429199 0.6220703 0.2607422 0.6035156 0.2607422 0.6035156 0.2429199 0.6220703 0.2478027 0.6057129 0.2607422 0.6035156 0.2478027 0.6057129 0.2476806 0.5895996 0.2607422 0.6035156 0.2476806 0.5895996 0.2600098 0.5849609 0.2600098 0.5849609 0.2476806 0.5895996 0.2423095 0.5776367 0.2423095 0.5776367 0.2476806 0.5895996 0.2362059 0.583252 0.2423095 0.5776367 0.2362059 0.583252 0.2333984 0.5683594 0.2333984 0.5683594 0.2362059 0.583252 0.2299804 0.5788574 0.2333984 0.5683594 0.2299804 0.5788574 0.2210693 0.5744629 0.2210693 0.5744629 0.2299804 0.5788574 0.217163 0.5886231 0.217163 0.5886231 0.2299804 0.5788574 0.225708 0.592041 0.217163 0.5886231 0.225708 0.592041 0.2233886 0.6064453 0.217163 0.5886231 0.2233886 0.6064453 0.2139891 0.6037598 0.2139891 0.6037598 0.2233886 0.6064453 0.2115478 0.6254883 0.2139891 0.6037598 0.2115478 0.6254883 0.201416 0.6223145 0.201416 0.6223145 0.2115478 0.6254883 0.1999511 0.6391602 0.201416 0.6223145 0.1999511 0.6391602 0.1888427 0.6376953 0.1888427 0.6376953 0.1999511 0.6391602 0.1984863 0.6513672 0.1888427 0.6376953 0.1984863 0.6513672 0.1851806 0.6538086 0.1851806 0.6538086 0.1984863 0.6513672 0.2008056 0.659668 0.1851806 0.6538086 0.2008056 0.659668 0.1835937 0.6650391 0.1851806 0.6538086 0.1835937 0.6650391 0.1705322 0.6711426 0.1851806 0.6538086 0.1705322 0.6711426 0.1739501 0.6564942 0.1851806 0.6538086 0.1739501 0.6564942 0.1888427 0.6376953 0.1888427 0.6376953 0.1739501 0.6564942 0.1791992 0.6347656 0.2366943 0.6425781 0.2297363 0.6442871 0.2386474 0.6352539 0.2386474 0.6352539 0.2297363 0.6442871 0.2308349 0.6367188 0.2386474 0.6352539 0.2308349 0.6367188 0.2429199 0.6220703 0.2429199 0.6220703 0.2308349 0.6367188 0.2333984 0.6245117 0.2429199 0.6220703 0.2333984 0.6245117 0.2351074 0.6064453 0.2429199 0.6220703 0.2351074 0.6064453 0.2478027 0.6057129 0.2478027 0.6057129 0.2351074 0.6064453 0.2476806 0.5895996 0.2476806 0.5895996 0.2351074 0.6064453 0.2369384 0.5930176 0.2476806 0.5895996 0.2369384 0.5930176 0.2362059 0.583252 0.2362059 0.583252 0.2369384 0.5930176 0.225708 0.592041 0.2362059 0.583252 0.225708 0.592041 0.2299804 0.5788574 0.2369384 0.5930176 0.2351074 0.6064453 0.225708 0.592041 0.225708 0.592041 0.2351074 0.6064453 0.2233886 0.6064453 0.2233886 0.6064453 0.2351074 0.6064453 0.2227783 0.6257324 0.2233886 0.6064453 0.2227783 0.6257324 0.2115478 0.6254883 0.2115478 0.6254883 0.2227783 0.6257324 0.2218016 0.6386719 0.2218016 0.6386719 0.2227783 0.6257324 0.2333984 0.6245117 0.2333984 0.6245117 0.2227783 0.6257324 0.2351074 0.6064453 0.2366943 0.6425781 0.2301025 0.6503906 0.2297363 0.6442871 0.2297363 0.6442871 0.2301025 0.6503906 0.2244873 0.6533203 0.2297363 0.6442871 0.2244873 0.6533203 0.2219238 0.6467285 0.2219238 0.6467285 0.2244873 0.6533203 0.2111816 0.6489258 0.2111816 0.6489258 0.2244873 0.6533203 0.2147216 0.6555176 0.2111816 0.6489258 0.2147216 0.6555176 0.2008056 0.659668 0.2111816 0.6489258 0.2008056 0.659668 0.1984863 0.6513672 0.2111816 0.6489258 0.1984863 0.6513672 0.2109375 0.6403809 0.2109375 0.6403809 0.1984863 0.6513672 0.1999511 0.6391602 0.2109375 0.6403809 0.1999511 0.6391602 0.2115478 0.6254883 0.2109375 0.6403809 0.2115478 0.6254883 0.2218016 0.6386719 0.2109375 0.6403809 0.2218016 0.6386719 0.2219238 0.6467285 0.2109375 0.6403809 0.2219238 0.6467285 0.2111816 0.6489258 0.2333984 0.6245117 0.2308349 0.6367188 0.2218016 0.6386719 0.2218016 0.6386719 0.2308349 0.6367188 0.2297363 0.6442871 0.2218016 0.6386719 0.2297363 0.6442871 0.2219238 0.6467285 0.2052001 0.6003418 0.2086181 0.5827637 0.2139891 0.6037598 0.2139891 0.6037598 0.2086181 0.5827637 0.217163 0.5886231 0.217163 0.5886231 0.2086181 0.5827637 0.2143554 0.5732422 0.217163 0.5886231 0.2143554 0.5732422 0.2210693 0.5744629 0.2210693 0.5744629 0.2143554 0.5732422 0.223999 0.5639649 0.2210693 0.5744629 0.223999 0.5639649 0.2333984 0.5683594 0.2333984 0.5683594 0.223999 0.5639649 0.2380371 0.5612793 0.2333984 0.5683594 0.2380371 0.5612793 0.2423095 0.5776367 0.2423095 0.5776367 0.2380371 0.5612793 0.2492675 0.5717774 0.2423095 0.5776367 0.2492675 0.5717774 0.2600098 0.5849609 0.2600098 0.5849609 0.2492675 0.5717774 0.2524414 0.5617676 0.2524414 0.5617676 0.2492675 0.5717774 0.2380371 0.5612793 0.2524414 0.5617676 0.2380371 0.5612793 0.2407225 0.5541992 0.2407225 0.5541992 0.2380371 0.5612793 0.2312011 0.5512695 0.2407225 0.5541992 0.2312011 0.5512695 0.2407225 0.543457 0.2407225 0.543457 0.2312011 0.5512695 0.2272949 0.5439453 0.2407225 0.543457 0.2272949 0.5439453 0.2207031 0.5290527 0.2207031 0.5290527 0.2272949 0.5439453 0.206665 0.5554199 0.2207031 0.5290527 0.206665 0.5554199 0.2077636 0.5219727 0.2077636 0.5219727 0.206665 0.5554199 0.1981201 0.548584 0.2077636 0.5219727 0.1981201 0.548584 0.1898193 0.5424805 0.1898193 0.5424805 0.1981201 0.548584 0.1873779 0.5754395 0.1898193 0.5424805 0.1873779 0.5754395 0.1798095 0.5690918 0.1798095 0.5690918 0.1873779 0.5754395 0.1696777 0.5966797 0.1696777 0.5966797 0.1873779 0.5754395 0.178833 0.6037598 0.178833 0.6037598 0.1873779 0.5754395 0.1923828 0.5834961 0.1923828 0.5834961 0.1873779 0.5754395 0.1981201 0.548584 0.1923828 0.5834961 0.1981201 0.548584 0.206665 0.5554199 0.1923828 0.5834961 0.206665 0.5554199 0.1966552 0.5930176 0.1923828 0.5834961 0.1966552 0.5930176 0.1861572 0.6096192 0.1923828 0.5834961 0.1861572 0.6096192 0.178833 0.6037598 0.1861572 0.6096192 0.1966552 0.5930176 0.1929931 0.6169434 0.1929931 0.6169434 0.1966552 0.5930176 0.2052001 0.6003418 0.2052001 0.6003418 0.1966552 0.5930176 0.2026367 0.5715332 0.2052001 0.6003418 0.2026367 0.5715332 0.2086181 0.5827637 0.2086181 0.5827637 0.2026367 0.5715332 0.2143554 0.5732422 0.2143554 0.5732422 0.2026367 0.5715332 0.2142333 0.5639649 0.2143554 0.5732422 0.2142333 0.5639649 0.223999 0.5639649 0.223999 0.5639649 0.2142333 0.5639649 0.2280273 0.5566406 0.223999 0.5639649 0.2280273 0.5566406 0.2380371 0.5612793 0.2380371 0.5612793 0.2280273 0.5566406 0.2312011 0.5512695 0.2312011 0.5512695 0.2280273 0.5566406 0.2189941 0.5534668 0.2312011 0.5512695 0.2189941 0.5534668 0.2272949 0.5439453 0.2272949 0.5439453 0.2189941 0.5534668 0.206665 0.5554199 0.206665 0.5554199 0.2189941 0.5534668 0.2142333 0.5639649 0.2142333 0.5639649 0.2189941 0.5534668 0.2280273 0.5566406 0.2142333 0.5639649 0.2026367 0.5715332 0.206665 0.5554199 0.206665 0.5554199 0.2026367 0.5715332 0.1966552 0.5930176 0.9433594 0.8457031 0.9418945 0.8675537 0.9345703 0.8363037 0.1429443 0.161621 0.1635742 0.149414 0.1536865 0.1689453 0.5063477 0.1972656 0.5200195 0.168457 0.515625 0.196289 0.03933709 0.9840698 0.03915405 0.9843903 0.03872674 0.9839935 0.03933709 0.9840698 0.03955078 0.9846649 0.03915405 0.9843903 0.03915405 0.9843903 0.03955078 0.9846649 0.03903198 0.9847337 0.03915405 0.9843903 0.03903198 0.9847337 0.03857415 0.9845963 0.03857415 0.9845963 0.03903198 0.9847337 0.0385437 0.9849854 0.03857415 0.9845963 0.0385437 0.9849854 0.0380249 0.9849701 0.03857415 0.9845963 0.0380249 0.9849701 0.03799438 0.9845505 0.03857415 0.9845963 0.03799438 0.9845505 0.03866577 0.9842072 0.03866577 0.9842072 0.03799438 0.9845505 0.03805536 0.9842987 0.03866577 0.9842072 0.03805536 0.9842987 0.03811645 0.9840393 0.03866577 0.9842072 0.03811645 0.9840393 0.03872674 0.9839935 0.03866577 0.9842072 0.03872674 0.9839935 0.03915405 0.9843903 0.03866577 0.9842072 0.03915405 0.9843903 0.03857415 0.9845963 0.03961175 0.9837036 0.03872674 0.9839935 0.03884881 0.9837036 0.03884881 0.9837036 0.03872674 0.9839935 0.03811645 0.9840393 0.03884881 0.9837036 0.03811645 0.9840393 0.03817749 0.9837647 0.03817749 0.9837647 0.03811645 0.9840393 0.03762817 0.9839172 0.03762817 0.9839172 0.03811645 0.9840393 0.03756707 0.9841614 0.03756707 0.9841614 0.03811645 0.9840393 0.0375061 0.9843903 0.0375061 0.9843903 0.03811645 0.9840393 0.03805536 0.9842987 0.0375061 0.9843903 0.03805536 0.9842987 0.0375061 0.984642 0.0375061 0.984642 0.03805536 0.9842987 0.03799438 0.9845505 0.0375061 0.984642 0.03799438 0.9845505 0.0375061 0.9849243 0.0375061 0.9849243 0.03799438 0.9845505 0.0380249 0.9849701 0.0375061 0.9849243 0.0380249 0.9849701 0.03808587 0.9854126 0.0375061 0.9849243 0.03808587 0.9854126 0.03753662 0.9854126 0.03753662 0.9854126 0.03808587 0.9854126 0.03820794 0.9860001 0.03753662 0.9854126 0.03820794 0.9860001 0.03762817 0.9860535 0.03762817 0.9860535 0.03820794 0.9860001 0.03781121 0.9866943 0.03781121 0.9866943 0.03820794 0.9860001 0.03839111 0.9866791 0.03781121 0.9866943 0.03839111 0.9866791 0.03866577 0.9872666 0.03781121 0.9866943 0.03866577 0.9872666 0.03799438 0.9872971 0.03799438 0.9872971 0.03866577 0.9872666 0.03845208 0.9876328 0.03799438 0.9872971 0.03845208 0.9876328 0.03778076 0.9876175 0.03778076 0.9876175 0.03845208 0.9876328 0.03826904 0.9878006 0.03826904 0.9878006 0.03845208 0.9876328 0.03900146 0.9876938 0.03826904 0.9878006 0.03900146 0.9876938 0.03872674 0.9879456 0.03872674 0.9879456 0.03900146 0.9876938 0.03936761 0.9878769 0.03872674 0.9879456 0.03936761 0.9878769 0.03903198 0.9880905 0.03903198 0.9880905 0.03936761 0.9878769 0.03933709 0.9882813 0.03933709 0.9882813 0.03936761 0.9878769 0.03967285 0.9880219 0.03933709 0.9882813 0.03967285 0.9880219 0.04010003 0.9882507 0.03933709 0.9882813 0.04010003 0.9882507 0.03973382 0.9885254 0.03973382 0.9885254 0.04010003 0.9882507 0.0402221 0.9887467 0.0402221 0.9887467 0.04010003 0.9882507 0.04058831 0.9884262 0.03845208 0.9876328 0.03866577 0.9872666 0.03900146 0.9876938 0.03900146 0.9876938 0.03866577 0.9872666 0.03948968 0.9874802 0.03900146 0.9876938 0.03948968 0.9874802 0.0397033 0.9876633 0.0397033 0.9876633 0.03948968 0.9874802 0.03982537 0.9872437 0.0397033 0.9876633 0.03982537 0.9872437 0.03988647 0.9874878 0.0397033 0.9876633 0.03988647 0.9874878 0.03991699 0.987793 0.0397033 0.9876633 0.03991699 0.987793 0.03936761 0.9878769 0.0397033 0.9876633 0.03936761 0.9878769 0.03900146 0.9876938 0.04156494 0.9888306 0.04110711 0.988617 0.04174798 0.9885483 0.04174798 0.9885483 0.04110711 0.988617 0.04129028 0.9883423 0.04129028 0.9883423 0.04110711 0.988617 0.040802 0.9881287 0.040802 0.9881287 0.04110711 0.988617 0.04058831 0.9884262 0.040802 0.9881287 0.04058831 0.9884262 0.04010003 0.9882507 0.040802 0.9881287 0.04010003 0.9882507 0.04031372 0.987999 0.040802 0.9881287 0.04031372 0.987999 0.04043579 0.9877853 0.04043579 0.9877853 0.04031372 0.987999 0.03991699 0.987793 0.03991699 0.987793 0.04031372 0.987999 0.04010003 0.9882507 0.03991699 0.987793 0.04010003 0.9882507 0.03967285 0.9880219 0.03991699 0.987793 0.03967285 0.9880219 0.03936761 0.9878769 0.0402221 0.9887467 0.04058831 0.9884262 0.04110711 0.988617 0.0402221 0.9887467 0.04110711 0.988617 0.040802 0.9889603 0.040802 0.9889603 0.04110711 0.988617 0.04129028 0.9891815 0.04129028 0.9891815 0.04110711 0.988617 0.04156494 0.9888306 0.04129028 0.9891815 0.04156494 0.9888306 0.04171746 0.9894333 0.04171746 0.9894333 0.04156494 0.9888306 0.0420227 0.9890366 0.0420227 0.9890366 0.04156494 0.9888306 0.04223626 0.9887238 0.04223626 0.9887238 0.04156494 0.9888306 0.04174798 0.9885483 0.04223626 0.9887238 0.04174798 0.9885483 0.04187005 0.9883423 0.04187005 0.9883423 0.04174798 0.9885483 0.04129028 0.9883423 0.04187005 0.9883423 0.04129028 0.9883423 0.04138177 0.9881516 0.04138177 0.9881516 0.04129028 0.9883423 0.040802 0.9881287 0.04138177 0.9881516 0.040802 0.9881287 0.04092407 0.9879303 0.04092407 0.9879303 0.040802 0.9881287 0.04043579 0.9877853 0.04092407 0.9879303 0.04043579 0.9877853 0.04101562 0.9877548 0.04101562 0.9877548 0.04043579 0.9877853 0.04055786 0.987587 0.04101562 0.9877548 0.04055786 0.987587 0.04116821 0.9875108 0.04116821 0.9875108 0.04055786 0.987587 0.04071038 0.98732 0.04116821 0.9875108 0.04071038 0.98732 0.04095453 0.9869385 0.04095453 0.9869385 0.04071038 0.98732 0.04031372 0.9870529 0.04031372 0.9870529 0.04071038 0.98732 0.04055786 0.987587 0.04031372 0.9870529 0.04055786 0.987587 0.04019165 0.9873734 0.04019165 0.9873734 0.04055786 0.987587 0.04043579 0.9877853 0.04019165 0.9873734 0.04043579 0.9877853 0.04013061 0.9875946 0.04013061 0.9875946 0.04043579 0.9877853 0.03991699 0.987793 0.04013061 0.9875946 0.03991699 0.987793 0.03988647 0.9874878 0.04013061 0.9875946 0.03988647 0.9874878 0.04019165 0.9873734 0.04019165 0.9873734 0.03988647 0.9874878 0.03982537 0.9872437 0.04019165 0.9873734 0.03982537 0.9872437 0.04031372 0.9870529 0.04031372 0.9870529 0.03982537 0.9872437 0.03991699 0.9867859 0.04031372 0.9870529 0.03991699 0.9867859 0.04006958 0.9863892 0.04006958 0.9863892 0.03991699 0.9867859 0.0397644 0.9859238 0.04223626 0.9887238 0.04187005 0.9883423 0.04232788 0.9884796 0.04232788 0.9884796 0.04187005 0.9883423 0.04244995 0.9882126 0.04232788 0.9884796 0.04244995 0.9882126 0.0429992 0.9882965 0.0429992 0.9882965 0.04244995 0.9882126 0.04321289 0.9877853 0.04321289 0.9877853 0.04244995 0.9882126 0.04269409 0.9877548 0.04321289 0.9877853 0.04269409 0.9877548 0.04293823 0.9872513 0.04293823 0.9872513 0.04269409 0.9877548 0.04220581 0.9877091 0.04293823 0.9872513 0.04220581 0.9877091 0.04244995 0.9872437 0.04244995 0.9872437 0.04220581 0.9877091 0.04165649 0.9876709 0.04165649 0.9876709 0.04220581 0.9877091 0.04150384 0.9879608 0.04165649 0.9876709 0.04150384 0.9879608 0.04116821 0.9875108 0.04116821 0.9875108 0.04150384 0.9879608 0.04101562 0.9877548 0.04101562 0.9877548 0.04150384 0.9879608 0.04092407 0.9879303 0.04092407 0.9879303 0.04150384 0.9879608 0.04138177 0.9881516 0.04138177 0.9881516 0.04150384 0.9879608 0.04187005 0.9883423 0.04187005 0.9883423 0.04150384 0.9879608 0.04196161 0.9881134 0.04187005 0.9883423 0.04196161 0.9881134 0.04244995 0.9882126 0.04244995 0.9882126 0.04196161 0.9881134 0.04269409 0.9877548 0.04269409 0.9877548 0.04196161 0.9881134 0.04220581 0.9877091 0.04220581 0.9877091 0.04196161 0.9881134 0.04150384 0.9879608 0.04095453 0.9869385 0.04144287 0.9870758 0.04116821 0.9875108 0.04116821 0.9875108 0.04144287 0.9870758 0.04193115 0.9871903 0.04116821 0.9875108 0.04193115 0.9871903 0.04165649 0.9876709 0.04165649 0.9876709 0.04193115 0.9871903 0.04244995 0.9872437 0.04244995 0.9872437 0.04193115 0.9871903 0.04269409 0.9867325 0.04244995 0.9872437 0.04269409 0.9867325 0.04293823 0.9872513 0.04293823 0.9872513 0.04269409 0.9867325 0.04315179 0.986702 0.04293823 0.9872513 0.04315179 0.986702 0.04364007 0.9866562 0.04364007 0.9866562 0.04315179 0.986702 0.04376214 0.9860382 0.04364007 0.9866562 0.04376214 0.9860382 0.04412835 0.9865952 0.04412835 0.9865952 0.04376214 0.9860382 0.04421997 0.9859696 0.04412835 0.9865952 0.04421997 0.9859696 0.04467773 0.985878 0.04467773 0.985878 0.04421997 0.9859696 0.04464715 0.9852219 0.04467773 0.985878 0.04464715 0.9852219 0.04516595 0.9857864 0.04516595 0.9857864 0.04464715 0.9852219 0.04513543 0.9851379 0.04516595 0.9857864 0.04513543 0.9851379 0.04562371 0.9850311 0.04562371 0.9850311 0.04513543 0.9851379 0.04501336 0.9844895 0.04501336 0.9844895 0.04513543 0.9851379 0.04464715 0.9852219 0.04501336 0.9844895 0.04464715 0.9852219 0.04455566 0.9845657 0.04455566 0.9845657 0.04464715 0.9852219 0.04412835 0.9846497 0.04412835 0.9846497 0.04464715 0.9852219 0.04421997 0.9853058 0.04421997 0.9853058 0.04464715 0.9852219 0.04421997 0.9859696 0.04421997 0.9853058 0.04421997 0.9859696 0.04376214 0.9860382 0.04421997 0.9853058 0.04376214 0.9860382 0.04379272 0.985405 0.04421997 0.9853058 0.04379272 0.985405 0.04412835 0.9846497 0.04412835 0.9846497 0.04379272 0.985405 0.04370117 0.9847488 0.04370117 0.9847488 0.04379272 0.985405 0.04336541 0.9855194 0.04370117 0.9847488 0.04336541 0.9855194 0.04330444 0.9848862 0.04379272 0.985405 0.04376214 0.9860382 0.04336541 0.9855194 0.04336541 0.9855194 0.04376214 0.9860382 0.04330444 0.9861221 0.04330444 0.9861221 0.04376214 0.9860382 0.04315179 0.986702 0.04330444 0.9861221 0.04315179 0.986702 0.04269409 0.9867325 0.04330444 0.9861221 0.04269409 0.9867325 0.04287713 0.9862061 0.04287713 0.9862061 0.04269409 0.9867325 0.04244995 0.9862518 0.04287713 0.9862061 0.04244995 0.9862518 0.04293823 0.9856415 0.04287713 0.9862061 0.04293823 0.9856415 0.04336541 0.9855194 0.04287713 0.9862061 0.04336541 0.9855194 0.04330444 0.9861221 0.04095453 0.9869385 0.0412597 0.986496 0.04174798 0.9866486 0.04095453 0.9869385 0.04174798 0.9866486 0.04144287 0.9870758 0.04144287 0.9870758 0.04174798 0.9866486 0.04193115 0.9871903 0.04193115 0.9871903 0.04174798 0.9866486 0.04220581 0.9867249 0.04193115 0.9871903 0.04220581 0.9867249 0.04269409 0.9867325 0.04269409 0.9867325 0.04220581 0.9867249 0.04244995 0.9862518 0.04244995 0.9862518 0.04220581 0.9867249 0.04174798 0.9866486 0.04244995 0.9862518 0.04174798 0.9866486 0.04199212 0.986229 0.04199212 0.986229 0.04174798 0.9866486 0.0412597 0.986496 0.04199212 0.986229 0.0412597 0.986496 0.04156494 0.9860993 0.04156494 0.9860993 0.0412597 0.986496 0.04110711 0.9858399 0.04156494 0.9860993 0.04110711 0.9858399 0.04180908 0.9857559 0.04156494 0.9860993 0.04180908 0.9857559 0.04199212 0.986229 0.04199212 0.986229 0.04180908 0.9857559 0.04217529 0.985817 0.04199212 0.986229 0.04217529 0.985817 0.04244995 0.9862518 0.04244995 0.9862518 0.04217529 0.985817 0.04257202 0.9857559 0.04244995 0.9862518 0.04257202 0.9857559 0.04293823 0.9856415 0.04293823 0.9856415 0.04257202 0.9857559 0.04293823 0.9850464 0.04293823 0.9856415 0.04293823 0.9850464 0.04336541 0.9855194 0.04336541 0.9855194 0.04293823 0.9850464 0.04330444 0.9848862 0.04238885 0.9846573 0.04275506 0.9844513 0.04293823 0.9850464 0.04293823 0.9850464 0.04275506 0.9844513 0.04315179 0.9842682 0.04293823 0.9850464 0.04315179 0.9842682 0.04330444 0.9848862 0.04330444 0.9848862 0.04315179 0.9842682 0.0435791 0.9841156 0.04330444 0.9848862 0.0435791 0.9841156 0.04370117 0.9847488 0.04370117 0.9847488 0.0435791 0.9841156 0.04412835 0.9846497 0.04412835 0.9846497 0.0435791 0.9841156 0.04400628 0.9839935 0.04412835 0.9846497 0.04400628 0.9839935 0.04443359 0.9838867 0.04412835 0.9846497 0.04443359 0.9838867 0.04455566 0.9845657 0.04455566 0.9845657 0.04443359 0.9838867 0.04501336 0.9844895 0.04501336 0.9844895 0.04443359 0.9838867 0.04486078 0.9838257 0.04501336 0.9844895 0.04486078 0.9838257 0.0453186 0.9837341 0.0453186 0.9837341 0.04486078 0.9838257 0.0452575 0.9831085 0.0452575 0.9831085 0.04486078 0.9838257 0.0447998 0.9831696 0.0447998 0.9831696 0.04486078 0.9838257 0.04443359 0.9838867 0.0447998 0.9831696 0.04443359 0.9838867 0.04431152 0.9832306 0.04431152 0.9832306 0.04443359 0.9838867 0.0438537 0.9833679 0.0438537 0.9833679 0.04443359 0.9838867 0.04400628 0.9839935 0.0438537 0.9833679 0.04400628 0.9839935 0.0435791 0.9841156 0.0438537 0.9833679 0.0435791 0.9841156 0.04342651 0.9835205 0.04342651 0.9835205 0.0435791 0.9841156 0.04296875 0.9836731 0.04296875 0.9836731 0.0435791 0.9841156 0.04315179 0.9842682 0.04296875 0.9836731 0.04315179 0.9842682 0.04275506 0.9844513 0.04296875 0.9836731 0.04275506 0.9844513 0.0425415 0.9838715 0.0425415 0.9838715 0.04275506 0.9844513 0.04238885 0.9846573 0.0425415 0.9838715 0.04238885 0.9846573 0.04211419 0.9841156 0.04211419 0.9841156 0.04238885 0.9846573 0.04171746 0.9843979 0.04171746 0.9843979 0.04238885 0.9846573 0.0420227 0.9849167 0.04171746 0.9843979 0.0420227 0.9849167 0.04135125 0.984726 0.04135125 0.984726 0.0420227 0.9849167 0.04171746 0.9851761 0.0407409 0.9854813 0.04104614 0.9850922 0.04110711 0.9858399 0.04110711 0.9858399 0.04104614 0.9850922 0.04141235 0.9854813 0.04110711 0.9858399 0.04141235 0.9854813 0.04180908 0.9857559 0.04180908 0.9857559 0.04141235 0.9854813 0.04196161 0.9854813 0.04180908 0.9857559 0.04196161 0.9854813 0.04217529 0.985817 0.04217529 0.985817 0.04196161 0.9854813 0.04223626 0.9853973 0.04217529 0.985817 0.04223626 0.9853973 0.04257202 0.9857559 0.04257202 0.9857559 0.04223626 0.9853973 0.0425415 0.9852295 0.04257202 0.9857559 0.0425415 0.9852295 0.04293823 0.9850464 0.04293823 0.9850464 0.0425415 0.9852295 0.04238885 0.9846573 0.04238885 0.9846573 0.0425415 0.9852295 0.04223626 0.9853973 0.04238885 0.9846573 0.04223626 0.9853973 0.0420227 0.9849167 0.0420227 0.9849167 0.04223626 0.9853973 0.04196161 0.9854813 0.0420227 0.9849167 0.04196161 0.9854813 0.04171746 0.9851761 0.04171746 0.9851761 0.04196161 0.9854813 0.04141235 0.9854813 0.04171746 0.9851761 0.04141235 0.9854813 0.04135125 0.984726 0.04135125 0.984726 0.04141235 0.9854813 0.04104614 0.9850922 0.04135125 0.984726 0.04104614 0.9850922 0.04067993 0.9846573 0.04067993 0.9846573 0.04104614 0.9850922 0.0407409 0.9854813 0.04296875 0.9836731 0.0425415 0.9838715 0.04229736 0.9833069 0.04229736 0.9833069 0.0425415 0.9838715 0.04211419 0.9841156 0.04229736 0.9833069 0.04211419 0.9841156 0.04183954 0.9835663 0.04183954 0.9835663 0.04211419 0.9841156 0.04171746 0.9843979 0.04183954 0.9835663 0.04171746 0.9843979 0.04141235 0.983902 0.04141235 0.983902 0.04171746 0.9843979 0.04135125 0.984726 0.04141235 0.983902 0.04135125 0.984726 0.04101562 0.9842835 0.04101562 0.9842835 0.04135125 0.984726 0.04067993 0.9846573 0.04101562 0.9842835 0.04067993 0.9846573 0.04071038 0.9839172 0.04101562 0.9842835 0.04071038 0.9839172 0.04116821 0.9835663 0.04101562 0.9842835 0.04116821 0.9835663 0.04141235 0.983902 0.04141235 0.983902 0.04116821 0.9835663 0.04162591 0.9832306 0.04141235 0.983902 0.04162591 0.9832306 0.04183954 0.9835663 0.04183954 0.9835663 0.04162591 0.9832306 0.04229736 0.9833069 0.04229736 0.9833069 0.04162591 0.9832306 0.04211419 0.9829254 0.04229736 0.9833069 0.04211419 0.9829254 0.04260247 0.9826813 0.04229736 0.9833069 0.04260247 0.9826813 0.04278564 0.9831085 0.04278564 0.9831085 0.04260247 0.9826813 0.04324334 0.9829559 0.04324334 0.9829559 0.04260247 0.9826813 0.04312127 0.9824982 0.04324334 0.9829559 0.04312127 0.9824982 0.04364007 0.9823608 0.04324334 0.9829559 0.04364007 0.9823608 0.04373162 0.9828186 0.04373162 0.9828186 0.04364007 0.9823608 0.04415887 0.9822693 0.04373162 0.9828186 0.04415887 0.9822693 0.04421997 0.9826813 0.04421997 0.9826813 0.04415887 0.9822693 0.0447387 0.9825592 0.0447387 0.9825592 0.04415887 0.9822693 0.0447387 0.9822235 0.0447387 0.9825592 0.0447387 0.9822235 0.0453186 0.982193 0.0447387 0.9825592 0.0453186 0.982193 0.04528802 0.982605 0.04528802 0.982605 0.0453186 0.982193 0.04592895 0.9826813 0.04592895 0.9826813 0.0453186 0.982193 0.04598999 0.9822998 0.04592895 0.9826813 0.04598999 0.9822998 0.04678338 0.9826508 0.04592895 0.9826813 0.04678338 0.9826508 0.04663079 0.9828644 0.04663079 0.9828644 0.04678338 0.9826508 0.04742425 0.9833984 0.04003906 0.9839783 0.04049676 0.9837036 0.04071038 0.9839172 0.04071038 0.9839172 0.04049676 0.9837036 0.04116821 0.9835663 0.04116821 0.9835663 0.04049676 0.9837036 0.04101562 0.9833832 0.04116821 0.9835663 0.04101562 0.9833832 0.04162591 0.9832306 0.04162591 0.9832306 0.04101562 0.9833832 0.04150384 0.983017 0.04162591 0.9832306 0.04150384 0.983017 0.0420227 0.9826813 0.04162591 0.9832306 0.0420227 0.9826813 0.04211419 0.9829254 0.04211419 0.9829254 0.0420227 0.9826813 0.04260247 0.9826813 0.04260247 0.9826813 0.0420227 0.9826813 0.04251092 0.9824066 0.04260247 0.9826813 0.04251092 0.9824066 0.04302978 0.9821625 0.04260247 0.9826813 0.04302978 0.9821625 0.04312127 0.9824982 0.04312127 0.9824982 0.04302978 0.9821625 0.04354858 0.9820099 0.04312127 0.9824982 0.04354858 0.9820099 0.04364007 0.9823608 0.04364007 0.9823608 0.04354858 0.9820099 0.04415887 0.9822693 0.04415887 0.9822693 0.04354858 0.9820099 0.04415887 0.9819641 0.04415887 0.9822693 0.04415887 0.9819641 0.0447387 0.9819489 0.04415887 0.9822693 0.0447387 0.9819489 0.0447387 0.9822235 0.0447387 0.9822235 0.0447387 0.9819489 0.04534912 0.9819641 0.0447387 0.9822235 0.04534912 0.9819641 0.0453186 0.982193 0.0453186 0.982193 0.04534912 0.9819641 0.04608154 0.9821167 0.0453186 0.982193 0.04608154 0.9821167 0.04598999 0.9822998 0.04598999 0.9822998 0.04608154 0.9821167 0.04690545 0.9824982 0.04598999 0.9822998 0.04690545 0.9824982 0.04678338 0.9826508 0.04678338 0.9826508 0.04690545 0.9824982 0.04742425 0.9833984 0.04742425 0.9833984 0.04690545 0.9824982 0.04763787 0.9832916 0.04742425 0.9833984 0.04763787 0.9832916 0.04806512 0.9841766 0.04742425 0.9833984 0.04806512 0.9841766 0.04785156 0.9842682 0.04785156 0.9842682 0.04806512 0.9841766 0.0480346 0.9851608 0.0480346 0.9851608 0.04806512 0.9841766 0.04824829 0.9851074 0.0480346 0.9851608 0.04824829 0.9851074 0.04824829 0.9859543 0.0480346 0.9851608 0.04824829 0.9859543 0.0480346 0.9859924 0.0480346 0.9859924 0.04824829 0.9859543 0.04821777 0.9867706 0.04006958 0.9863892 0.0397644 0.9859238 0.04040527 0.9859085 0.04040527 0.9859085 0.0397644 0.9859238 0.04010003 0.9854736 0.04040527 0.9859085 0.04010003 0.9854736 0.04040527 0.9850464 0.04040527 0.9850464 0.04010003 0.9854736 0.04006958 0.9846192 0.04040527 0.9850464 0.04006958 0.9846192 0.04034417 0.9842529 0.04034417 0.9842529 0.04006958 0.9846192 0.03979492 0.9842835 0.04034417 0.9842529 0.03979492 0.9842835 0.04003906 0.9839783 0.04003906 0.9839783 0.03979492 0.9842835 0.03961175 0.9837036 0.04003906 0.9839783 0.03961175 0.9837036 0.04049676 0.9837036 0.04049676 0.9837036 0.03961175 0.9837036 0.04031372 0.9835053 0.04049676 0.9837036 0.04031372 0.9835053 0.04101562 0.9833832 0.04101562 0.9833832 0.04031372 0.9835053 0.04086297 0.9832153 0.04101562 0.9833832 0.04086297 0.9832153 0.04138177 0.9828339 0.04101562 0.9833832 0.04138177 0.9828339 0.04150384 0.983017 0.04150384 0.983017 0.04138177 0.9828339 0.0420227 0.9826813 0.0420227 0.9826813 0.04138177 0.9828339 0.04193115 0.9824677 0.0420227 0.9826813 0.04193115 0.9824677 0.04241943 0.9821472 0.0420227 0.9826813 0.04241943 0.9821472 0.04251092 0.9824066 0.04251092 0.9824066 0.04241943 0.9821472 0.04293823 0.9818421 0.04251092 0.9824066 0.04293823 0.9818421 0.04302978 0.9821625 0.04302978 0.9821625 0.04293823 0.9818421 0.04354858 0.9820099 0.04354858 0.9820099 0.04293823 0.9818421 0.04348748 0.9816437 0.04354858 0.9820099 0.04348748 0.9816437 0.0440979 0.9816284 0.04354858 0.9820099 0.0440979 0.9816284 0.04415887 0.9819641 0.04415887 0.9819641 0.0440979 0.9816284 0.0447387 0.9819489 0.0447387 0.9819489 0.0440979 0.9816284 0.0447387 0.9816589 0.0447387 0.9819489 0.0447387 0.9816589 0.04534912 0.9819641 0.04534912 0.9819641 0.0447387 0.9816589 0.04541009 0.9817352 0.04534912 0.9819641 0.04541009 0.9817352 0.04608154 0.9821167 0.04608154 0.9821167 0.04541009 0.9817352 0.04611206 0.9819183 0.04608154 0.9821167 0.04611206 0.9819183 0.04690545 0.9824982 0.04690545 0.9824982 0.04611206 0.9819183 0.04693603 0.9823151 0.03872674 0.9839935 0.03961175 0.9837036 0.03933709 0.9840698 0.03933709 0.9840698 0.03961175 0.9837036 0.03979492 0.9842835 0.03933709 0.9840698 0.03979492 0.9842835 0.03955078 0.9846649 0.03955078 0.9846649 0.03979492 0.9842835 0.04006958 0.9846192 0.03955078 0.9846649 0.04006958 0.9846192 0.03982537 0.9850311 0.03982537 0.9850311 0.04006958 0.9846192 0.04010003 0.9854736 0.03982537 0.9850311 0.04010003 0.9854736 0.0397644 0.9859238 0.03982537 0.9850311 0.0397644 0.9859238 0.03952026 0.9854202 0.03982537 0.9850311 0.03952026 0.9854202 0.03955078 0.9846649 0.03955078 0.9846649 0.03952026 0.9854202 0.03930664 0.9850159 0.03955078 0.9846649 0.03930664 0.9850159 0.03903198 0.9847337 0.03903198 0.9847337 0.03930664 0.9850159 0.03890991 0.9849854 0.03903198 0.9847337 0.03890991 0.9849854 0.0385437 0.9849854 0.0385437 0.9849854 0.03890991 0.9849854 0.03900146 0.9852676 0.03900146 0.9852676 0.03890991 0.9849854 0.03930664 0.9850159 0.03900146 0.9852676 0.03930664 0.9850159 0.03915405 0.985733 0.03915405 0.985733 0.03930664 0.9850159 0.03952026 0.9854202 0.03915405 0.985733 0.03952026 0.9854202 0.0397644 0.9859238 0.03915405 0.985733 0.0397644 0.9859238 0.03942871 0.9864121 0.03942871 0.9864121 0.0397644 0.9859238 0.03991699 0.9867859 0.03942871 0.9864121 0.03991699 0.9867859 0.03948968 0.9869766 0.03948968 0.9869766 0.03991699 0.9867859 0.03982537 0.9872437 0.03948968 0.9869766 0.03982537 0.9872437 0.03918457 0.9871369 0.03918457 0.9871369 0.03982537 0.9872437 0.03948968 0.9874802 0.03918457 0.9871369 0.03948968 0.9874802 0.03866577 0.9872666 0.03918457 0.9871369 0.03866577 0.9872666 0.03839111 0.9866791 0.03918457 0.9871369 0.03839111 0.9866791 0.03890991 0.9865723 0.03918457 0.9871369 0.03890991 0.9865723 0.03948968 0.9869766 0.03948968 0.9869766 0.03890991 0.9865723 0.03942871 0.9864121 0.03942871 0.9864121 0.03890991 0.9865723 0.03866577 0.9858856 0.03942871 0.9864121 0.03866577 0.9858856 0.03915405 0.985733 0.03915405 0.985733 0.03866577 0.9858856 0.03900146 0.9852676 0.03866577 0.9858856 0.03857415 0.9853897 0.03900146 0.9852676 0.03900146 0.9852676 0.03857415 0.9853897 0.0385437 0.9849854 0.0385437 0.9849854 0.03857415 0.9853897 0.0380249 0.9849701 0.0380249 0.9849701 0.03857415 0.9853897 0.03808587 0.9854126 0.03808587 0.9854126 0.03857415 0.9853897 0.03866577 0.9858856 0.03808587 0.9854126 0.03866577 0.9858856 0.03820794 0.9860001 0.03820794 0.9860001 0.03866577 0.9858856 0.03839111 0.9866791 0.03839111 0.9866791 0.03866577 0.9858856 0.03890991 0.9865723 0.07434082 0.7657471 0.07305908 0.7636719 0.08258056 0.7626953 0.8549805 0.6689453 0.8647461 0.7202149 0.8452149 0.6757813 0.8964844 0.7652588 0.8862305 0.7575684 0.8920899 0.7287598 0.8920899 0.7287598 0.8862305 0.7575684 0.8779297 0.7211914 0.8920899 0.7287598 0.8779297 0.7211914 0.8549805 0.6689453 0.8549805 0.6689453 0.8779297 0.7211914 0.8647461 0.7202149 0.8647461 0.7202149 0.8779297 0.7211914 0.8862305 0.7575684 0.8237305 0.6872559 0.8369141 0.6806641 0.840332 0.723877 0.840332 0.723877 0.8369141 0.6806641 0.8525391 0.7199707 0.840332 0.723877 0.8525391 0.7199707 0.8657227 0.7520752 0.8657227 0.7520752 0.8525391 0.7199707 0.8745117 0.7546387 0.8657227 0.7520752 0.8745117 0.7546387 0.8759766 0.7729492 0.8759766 0.7729492 0.8745117 0.7546387 0.8837891 0.7758789 0.8759766 0.7729492 0.8837891 0.7758789 0.8896484 0.7932129 0.8896484 0.7932129 0.8837891 0.7758789 0.9052734 0.7885742 0.8896484 0.7932129 0.9052734 0.7885742 0.9101563 0.8100586 0.9101563 0.8100586 0.9052734 0.7885742 0.9106445 0.7755127 0.9101563 0.8100586 0.9106445 0.7755127 0.9194336 0.8081055 0.9194336 0.8081055 0.9106445 0.7755127 0.9189453 0.7705078 0.9189453 0.7705078 0.9106445 0.7755127 0.8920899 0.7287598 0.8920899 0.7287598 0.9106445 0.7755127 0.9052734 0.7885742 0.8920899 0.7287598 0.9052734 0.7885742 0.8964844 0.7652588 0.8964844 0.7652588 0.9052734 0.7885742 0.8837891 0.7758789 0.8964844 0.7652588 0.8837891 0.7758789 0.8862305 0.7575684 0.8862305 0.7575684 0.8837891 0.7758789 0.8745117 0.7546387 0.8862305 0.7575684 0.8745117 0.7546387 0.8647461 0.7202149 0.8647461 0.7202149 0.8745117 0.7546387 0.8525391 0.7199707 0.8647461 0.7202149 0.8525391 0.7199707 0.8452149 0.6757813 0.8452149 0.6757813 0.8525391 0.7199707 0.8369141 0.6806641 0.8452149 0.6757813 0.8369141 0.6806641 0.8110352 0.6416016 0.8110352 0.6416016 0.8369141 0.6806641 0.8237305 0.6872559 0.8896484 0.7932129 0.8745117 0.7858887 0.8759766 0.7729492 0.8759766 0.7729492 0.8745117 0.7858887 0.8657227 0.7520752 0.8657227 0.7520752 0.8745117 0.7858887 0.8569336 0.755127 0.8657227 0.7520752 0.8569336 0.755127 0.840332 0.723877 0.840332 0.723877 0.8569336 0.755127 0.8476563 0.7572022 0.8476563 0.7572022 0.8569336 0.755127 0.8632813 0.788208 0.8632813 0.788208 0.8569336 0.755127 0.8745117 0.7858887 0.5239258 0.239746 0.5288086 0.2407225 0.5253906 0.2426757 0.519043 0.6289063 0.5097656 0.6682129 0.4980469 0.6618652 0.4980469 0.6618652 0.5097656 0.6682129 0.5019531 0.7026367 0.2342529 0.4726563 0.2266845 0.5 0.2244873 0.4663086 0.2244873 0.4663086 0.2266845 0.5 0.2154541 0.4941406 0.9121094 0.125 0.9140625 0.09960937 0.9248047 0.1254882 0.9248047 0.1254882 0.9140625 0.09960937 0.9248047 0.09863281 0.8398438 0.140625 0.8398438 0.1127929 0.8535156 0.1220703 0.8535156 0.1220703 0.8398438 0.1127929 0.8588867 0.08935546 0.8588867 0.08935546 0.8398438 0.1127929 0.84375 0.07666015 0.8588867 0.08935546 0.84375 0.07666015 0.8652344 0.06835937 0.8652344 0.06835937 0.84375 0.07666015 0.8569336 0.0571289 0.8652344 0.06835937 0.8569336 0.0571289 0.871582 0.04541009 0.8652344 0.06835937 0.871582 0.04541009 0.8769531 0.05224609 0.8769531 0.05224609 0.871582 0.04541009 0.8930664 0.046875 0.8930664 0.046875 0.871582 0.04541009 0.890625 0.03808587 0.8930664 0.046875 0.890625 0.03808587 0.918457 0.03662109 0.8930664 0.046875 0.918457 0.03662109 0.9116211 0.04785156 0.9116211 0.04785156 0.918457 0.03662109 0.9267578 0.0649414 0.9116211 0.04785156 0.9267578 0.0649414 0.90625 0.0581054 0.90625 0.0581054 0.9267578 0.0649414 0.9165039 0.06933593 0.90625 0.0581054 0.9165039 0.06933593 0.8979492 0.06835937 0.8979492 0.06835937 0.9165039 0.06933593 0.909668 0.0727539 0.8979492 0.06835937 0.909668 0.0727539 0.8911133 0.078125 0.8911133 0.078125 0.909668 0.0727539 0.9057617 0.08203125 0.8911133 0.078125 0.9057617 0.08203125 0.902832 0.09423828 0.902832 0.09423828 0.9057617 0.08203125 0.9140625 0.09960937 0.902832 0.09423828 0.9140625 0.09960937 0.8999024 0.1225585 0.8999024 0.1225585 0.9140625 0.09960937 0.9121094 0.125 0.8999024 0.1225585 0.9121094 0.125 0.902832 0.1518554 0.902832 0.1518554 0.9121094 0.125 0.9155274 0.152832 0.9155274 0.152832 0.9121094 0.125 0.9282227 0.1518554 0.9282227 0.1518554 0.9121094 0.125 0.9248047 0.1254882 0.9282227 0.1518554 0.9248047 0.1254882 0.9379883 0.1293945 0.9379883 0.1293945 0.9248047 0.1254882 0.9384766 0.1010742 0.9384766 0.1010742 0.9248047 0.1254882 0.9248047 0.09863281 0.9384766 0.1010742 0.9248047 0.09863281 0.9418945 0.08105468 0.9418945 0.08105468 0.9248047 0.09863281 0.9287109 0.08154296 0.9418945 0.08105468 0.9287109 0.08154296 0.9267578 0.0649414 0.8881836 0.1513671 0.8745117 0.1513671 0.8696289 0.1206054 0.8881836 0.1513671 0.8696289 0.1206054 0.8837891 0.121582 0.8837891 0.121582 0.8696289 0.1206054 0.8828125 0.09277343 0.8828125 0.09277343 0.8696289 0.1206054 0.8710938 0.08935546 0.8828125 0.09277343 0.8710938 0.08935546 0.8759766 0.07421875 0.8828125 0.09277343 0.8759766 0.07421875 0.8911133 0.078125 0.8911133 0.078125 0.8759766 0.07421875 0.8979492 0.06835937 0.8979492 0.06835937 0.8759766 0.07421875 0.8847656 0.06201165 0.8979492 0.06835937 0.8847656 0.06201165 0.8950195 0.0546875 0.8979492 0.06835937 0.8950195 0.0546875 0.90625 0.0581054 0.90625 0.0581054 0.8950195 0.0546875 0.9116211 0.04785156 0.9116211 0.04785156 0.8950195 0.0546875 0.8930664 0.046875 0.8930664 0.046875 0.8950195 0.0546875 0.8769531 0.05224609 0.8769531 0.05224609 0.8950195 0.0546875 0.8847656 0.06201165 0.8769531 0.05224609 0.8847656 0.06201165 0.8652344 0.06835937 0.8652344 0.06835937 0.8847656 0.06201165 0.8759766 0.07421875 0.8652344 0.06835937 0.8759766 0.07421875 0.8710938 0.08935546 0.8652344 0.06835937 0.8710938 0.08935546 0.8588867 0.08935546 0.8588867 0.08935546 0.8710938 0.08935546 0.8535156 0.1220703 0.8535156 0.1220703 0.8710938 0.08935546 0.8696289 0.1206054 0.8535156 0.1220703 0.8696289 0.1206054 0.8623047 0.152832 0.8623047 0.152832 0.8696289 0.1206054 0.8745117 0.1513671 0.8623047 0.152832 0.8745117 0.1513671 0.8696289 0.1811523 0.8696289 0.1811523 0.8745117 0.1513671 0.8808594 0.1816406 0.8808594 0.1816406 0.8745117 0.1513671 0.8925781 0.1821289 0.8925781 0.1821289 0.8745117 0.1513671 0.8881836 0.1513671 0.8925781 0.1821289 0.8881836 0.1513671 0.90625 0.1826171 0.90625 0.1826171 0.8881836 0.1513671 0.902832 0.1518554 0.90625 0.1826171 0.902832 0.1518554 0.9155274 0.152832 0.9453125 0.03027337 0.9614259 0.06103509 0.918457 0.03662109 0.918457 0.03662109 0.9614259 0.06103509 0.9394531 0.05957031 0.918457 0.03662109 0.9394531 0.05957031 0.9267578 0.0649414 0.9267578 0.0649414 0.9394531 0.05957031 0.9418945 0.08105468 0.9418945 0.08105468 0.9394531 0.05957031 0.9614259 0.06103509 0.9418945 0.08105468 0.9614259 0.06103509 0.9555664 0.08203125 0.9418945 0.08105468 0.9555664 0.08203125 0.9384766 0.1010742 0.9384766 0.1010742 0.9555664 0.08203125 0.9526367 0.1044921 0.9384766 0.1010742 0.9526367 0.1044921 0.9550781 0.140625 0.9384766 0.1010742 0.9550781 0.140625 0.9379883 0.1293945 0.9379883 0.1293945 0.9550781 0.140625 0.9389649 0.1523437 0.9379883 0.1293945 0.9389649 0.1523437 0.9282227 0.1518554 0.9282227 0.1518554 0.9389649 0.1523437 0.9301758 0.1777343 0.9282227 0.1518554 0.9301758 0.1777343 0.9155274 0.152832 0.9155274 0.152832 0.9301758 0.1777343 0.9189453 0.1811523 0.9155274 0.152832 0.9189453 0.1811523 0.90625 0.1826171 0.90625 0.1826171 0.9189453 0.1811523 0.902832 0.2177734 0.90625 0.1826171 0.902832 0.2177734 0.8925781 0.1821289 0.8925781 0.1821289 0.902832 0.2177734 0.8867188 0.217285 0.8925781 0.1821289 0.8867188 0.217285 0.8808594 0.1816406 0.8808594 0.1816406 0.8867188 0.217285 0.8754883 0.2167968 0.8808594 0.1816406 0.8754883 0.2167968 0.8696289 0.1811523 0.8696289 0.1811523 0.8754883 0.2167968 0.8647461 0.2148437 0.8696289 0.1811523 0.8647461 0.2148437 0.8520508 0.211914 0.8520508 0.211914 0.8647461 0.2148437 0.8598633 0.2480468 0.8520508 0.211914 0.8598633 0.2480468 0.8457031 0.2475585 0.8457031 0.2475585 0.8598633 0.2480468 0.8452149 0.28125 0.8457031 0.2475585 0.8452149 0.28125 0.8349609 0.2480468 0.8349609 0.2480468 0.8452149 0.28125 0.8354492 0.2836914 0.8349609 0.2480468 0.8354492 0.2836914 0.8256836 0.2495117 0.8256836 0.2495117 0.8354492 0.2836914 0.8266602 0.2856445 0.8266602 0.2856445 0.8354492 0.2836914 0.8388672 0.3198242 0.8520508 0.211914 0.8540039 0.1816406 0.8696289 0.1811523 0.8696289 0.1811523 0.8540039 0.1816406 0.8520508 0.1586914 0.8696289 0.1811523 0.8520508 0.1586914 0.8623047 0.152832 0.8623047 0.152832 0.8520508 0.1586914 0.8535156 0.1220703 0.8535156 0.1220703 0.8520508 0.1586914 0.847168 0.1396484 0.8535156 0.1220703 0.847168 0.1396484 0.8398438 0.140625 0.8398438 0.140625 0.847168 0.1396484 0.8520508 0.1586914 0.8398438 0.140625 0.8520508 0.1586914 0.8442383 0.1630859 0.8442383 0.1630859 0.8520508 0.1586914 0.8540039 0.1816406 0.8442383 0.1630859 0.8540039 0.1816406 0.8398438 0.1865234 0.8398438 0.1865234 0.8540039 0.1816406 0.8369141 0.2138671 0.8369141 0.2138671 0.8540039 0.1816406 0.8520508 0.211914 0.8369141 0.2138671 0.8520508 0.211914 0.8457031 0.2475585 0.8369141 0.2138671 0.8457031 0.2475585 0.8349609 0.2480468 0.8369141 0.2138671 0.8349609 0.2480468 0.8256836 0.2495117 0.8369141 0.2138671 0.8256836 0.2495117 0.8271484 0.217285 0.8369141 0.2138671 0.8271484 0.217285 0.8398438 0.1865234 0.8398438 0.1865234 0.8271484 0.217285 0.8261719 0.1879882 0.8398438 0.1865234 0.8261719 0.1879882 0.8295899 0.1665039 0.8398438 0.1865234 0.8295899 0.1665039 0.8442383 0.1630859 0.8442383 0.1630859 0.8295899 0.1665039 0.8398438 0.140625 0.8398438 0.140625 0.8295899 0.1665039 0.831543 0.1513671 0.8154297 0.1992187 0.8261719 0.1879882 0.8178711 0.2207031 0.8178711 0.2207031 0.8261719 0.1879882 0.8271484 0.217285 0.8178711 0.2207031 0.8271484 0.217285 0.8256836 0.2495117 0.8178711 0.2207031 0.8256836 0.2495117 0.8193359 0.25 0.8193359 0.25 0.8256836 0.2495117 0.8188477 0.2871094 0.8188477 0.2871094 0.8256836 0.2495117 0.8266602 0.2856445 0.8188477 0.2871094 0.8266602 0.2856445 0.8168945 0.3183594 0.8168945 0.3183594 0.8266602 0.2856445 0.8266602 0.3154297 0.8168945 0.3183594 0.8266602 0.3154297 0.8149414 0.3398438 0.8149414 0.3398438 0.8266602 0.3154297 0.8261719 0.3378906 0.8149414 0.3398438 0.8261719 0.3378906 0.8168945 0.3598633 0.8168945 0.3598633 0.8261719 0.3378906 0.828125 0.3603516 0.8168945 0.3598633 0.828125 0.3603516 0.8217774 0.3813477 0.8217774 0.3813477 0.828125 0.3603516 0.8330078 0.3842774 0.8217774 0.3813477 0.8330078 0.3842774 0.8349609 0.4033203 0.8217774 0.3813477 0.8349609 0.4033203 0.8266602 0.4023438 0.8266602 0.4023438 0.8349609 0.4033203 0.8349609 0.4169922 0.8266602 0.4023438 0.8349609 0.4169922 0.8286133 0.4150391 0.8266602 0.2856445 0.8388672 0.3198242 0.8266602 0.3154297 0.8266602 0.3154297 0.8388672 0.3198242 0.8261719 0.3378906 0.8261719 0.3378906 0.8388672 0.3198242 0.8359375 0.3383789 0.8261719 0.3378906 0.8359375 0.3383789 0.828125 0.3603516 0.828125 0.3603516 0.8359375 0.3383789 0.8408203 0.3588867 0.828125 0.3603516 0.8408203 0.3588867 0.8461914 0.3896484 0.828125 0.3603516 0.8461914 0.3896484 0.8330078 0.3842774 0.8330078 0.3842774 0.8461914 0.3896484 0.8349609 0.4033203 0.8349609 0.4033203 0.8461914 0.3896484 0.8447266 0.4101563 0.8349609 0.4033203 0.8447266 0.4101563 0.8422852 0.4233399 0.8349609 0.4033203 0.8422852 0.4233399 0.8349609 0.4169922 0.8461914 0.3896484 0.8408203 0.3588867 0.855957 0.3798828 0.855957 0.3798828 0.8408203 0.3588867 0.8491211 0.3496094 0.8491211 0.3496094 0.8408203 0.3588867 0.8359375 0.3383789 0.8491211 0.3496094 0.8359375 0.3383789 0.8388672 0.3198242 0.8491211 0.3496094 0.8388672 0.3198242 0.859375 0.3427734 0.8491211 0.3496094 0.859375 0.3427734 0.8637695 0.3730469 0.8491211 0.3496094 0.8637695 0.3730469 0.855957 0.3798828 0.8447266 0.4101563 0.8461914 0.3896484 0.8574219 0.4228516 0.8574219 0.4228516 0.8461914 0.3896484 0.8588867 0.4116211 0.8574219 0.4228516 0.8588867 0.4116211 0.8691406 0.4243164 0.8574219 0.4228516 0.8691406 0.4243164 0.8691406 0.4316406 0.8691406 0.4316406 0.8691406 0.4243164 0.8803711 0.4355469 0.8803711 0.4355469 0.8691406 0.4243164 0.8793945 0.4311524 0.8803711 0.4355469 0.8793945 0.4311524 0.8867188 0.4306641 0.8867188 0.4306641 0.8793945 0.4311524 0.8789063 0.425293 0.8867188 0.4306641 0.8789063 0.425293 0.8857422 0.4262695 0.8857422 0.4262695 0.8789063 0.425293 0.8789063 0.4208984 0.8857422 0.4262695 0.8789063 0.4208984 0.8828125 0.4194336 0.8828125 0.4194336 0.8789063 0.4208984 0.8793945 0.4125977 0.8828125 0.4194336 0.8793945 0.4125977 0.8837891 0.4111328 0.8837891 0.4111328 0.8793945 0.4125977 0.8759766 0.3989258 0.8759766 0.3989258 0.8793945 0.4125977 0.8706055 0.402832 0.8759766 0.3989258 0.8706055 0.402832 0.8637695 0.3730469 0.8637695 0.3730469 0.8706055 0.402832 0.8637695 0.4047852 0.8637695 0.3730469 0.8637695 0.4047852 0.855957 0.3798828 0.855957 0.3798828 0.8637695 0.4047852 0.8461914 0.3896484 0.8461914 0.3896484 0.8637695 0.4047852 0.8588867 0.4116211 0.8588867 0.4116211 0.8637695 0.4047852 0.8691406 0.4243164 0.8691406 0.4243164 0.8637695 0.4047852 0.8720703 0.4194336 0.8720703 0.4194336 0.8637695 0.4047852 0.8706055 0.402832 0.8720703 0.4194336 0.8706055 0.402832 0.8745117 0.4145508 0.8745117 0.4145508 0.8706055 0.402832 0.8793945 0.4125977 0.8745117 0.4145508 0.8793945 0.4125977 0.8789063 0.4208984 0.8745117 0.4145508 0.8789063 0.4208984 0.8720703 0.4194336 0.8720703 0.4194336 0.8789063 0.4208984 0.8789063 0.425293 0.8720703 0.4194336 0.8789063 0.425293 0.8691406 0.4243164 0.8691406 0.4243164 0.8789063 0.425293 0.8793945 0.4311524 0.8354492 0.2836914 0.8452149 0.28125 0.8388672 0.3198242 0.8388672 0.3198242 0.8452149 0.28125 0.8491211 0.3144531 0.8388672 0.3198242 0.8491211 0.3144531 0.859375 0.3427734 0.859375 0.3427734 0.8491211 0.3144531 0.8632813 0.3085938 0.859375 0.3427734 0.8632813 0.3085938 0.8696289 0.3378906 0.8696289 0.3378906 0.8632813 0.3085938 0.8803711 0.3349609 0.8696289 0.3378906 0.8803711 0.3349609 0.8818359 0.3691406 0.8818359 0.3691406 0.8803711 0.3349609 0.8911133 0.3330078 0.8818359 0.3691406 0.8911133 0.3330078 0.890625 0.3686524 0.890625 0.3686524 0.8911133 0.3330078 0.9003906 0.3681641 0.890625 0.3686524 0.9003906 0.3681641 0.8891602 0.3920899 0.890625 0.3686524 0.8891602 0.3920899 0.8818359 0.3691406 0.8818359 0.3691406 0.8891602 0.3920899 0.8818359 0.3969727 0.8818359 0.3691406 0.8818359 0.3969727 0.8759766 0.3989258 0.8759766 0.3989258 0.8818359 0.3969727 0.8837891 0.4111328 0.8837891 0.4111328 0.8818359 0.3969727 0.8891602 0.3920899 0.8837891 0.4111328 0.8891602 0.3920899 0.8891602 0.4072266 0.8891602 0.4072266 0.8891602 0.3920899 0.8935547 0.4047852 0.8891602 0.4072266 0.8935547 0.4047852 0.8916016 0.4165039 0.8891602 0.4072266 0.8916016 0.4165039 0.8837891 0.4111328 0.8837891 0.4111328 0.8916016 0.4165039 0.887207 0.4179688 0.8837891 0.4111328 0.887207 0.4179688 0.8828125 0.4194336 0.8828125 0.4194336 0.887207 0.4179688 0.890625 0.4233399 0.8828125 0.4194336 0.890625 0.4233399 0.8857422 0.4262695 0.8857422 0.4262695 0.890625 0.4233399 0.8925781 0.4282227 0.8857422 0.4262695 0.8925781 0.4282227 0.8867188 0.4306641 0.8867188 0.4306641 0.8925781 0.4282227 0.8881836 0.4350586 0.8867188 0.4306641 0.8881836 0.4350586 0.8803711 0.4355469 0.8803711 0.4355469 0.8881836 0.4350586 0.8911133 0.4404297 0.8911133 0.4404297 0.8881836 0.4350586 0.8979492 0.4365234 0.8979492 0.4365234 0.8881836 0.4350586 0.894043 0.4321289 0.894043 0.4321289 0.8881836 0.4350586 0.8925781 0.4282227 0.9003906 0.3681641 0.8911133 0.3330078 0.9047852 0.3310547 0.9047852 0.3310547 0.8911133 0.3330078 0.9033203 0.2988281 0.9033203 0.2988281 0.8911133 0.3330078 0.8896484 0.300293 0.8896484 0.300293 0.8911133 0.3330078 0.8803711 0.3349609 0.8896484 0.300293 0.8803711 0.3349609 0.8769531 0.3046875 0.8769531 0.3046875 0.8803711 0.3349609 0.8632813 0.3085938 0.8769531 0.3046875 0.8632813 0.3085938 0.8603516 0.277832 0.8603516 0.277832 0.8632813 0.3085938 0.8491211 0.3144531 0.8603516 0.277832 0.8491211 0.3144531 0.8452149 0.28125 0.8603516 0.277832 0.8452149 0.28125 0.8598633 0.2480468 0.8603516 0.277832 0.8598633 0.2480468 0.8750001 0.2480468 0.8750001 0.2480468 0.8598633 0.2480468 0.8647461 0.2148437 0.8750001 0.2480468 0.8647461 0.2148437 0.8754883 0.2167968 0.8750001 0.2480468 0.8754883 0.2167968 0.8867188 0.217285 0.8750001 0.2480468 0.8867188 0.217285 0.8886719 0.248535 0.8886719 0.248535 0.8867188 0.217285 0.902832 0.2177734 0.8886719 0.248535 0.902832 0.2177734 0.9042969 0.2470703 0.8886719 0.248535 0.9042969 0.2470703 0.8886719 0.2734375 0.8886719 0.2734375 0.9042969 0.2470703 0.9038086 0.2700195 0.8886719 0.2734375 0.9038086 0.2700195 0.9033203 0.2988281 0.8886719 0.2734375 0.9033203 0.2988281 0.8896484 0.300293 0.8886719 0.2734375 0.8896484 0.300293 0.8750001 0.2758789 0.8750001 0.2758789 0.8896484 0.300293 0.8769531 0.3046875 0.8750001 0.2758789 0.8769531 0.3046875 0.8603516 0.277832 0.8750001 0.2758789 0.8603516 0.277832 0.8750001 0.2480468 0.8750001 0.2758789 0.8750001 0.2480468 0.8886719 0.2734375 0.8886719 0.2734375 0.8750001 0.2480468 0.8886719 0.248535 0.8891602 0.3920899 0.9003906 0.3681641 0.8959961 0.3911133 0.8891602 0.3920899 0.8959961 0.3911133 0.8935547 0.4047852 0.8935547 0.4047852 0.8959961 0.3911133 0.902832 0.3930664 0.902832 0.3930664 0.8959961 0.3911133 0.9003906 0.3681641 0.902832 0.3930664 0.9003906 0.3681641 0.909668 0.3686524 0.909668 0.3686524 0.9003906 0.3681641 0.9174805 0.3320313 0.9174805 0.3320313 0.9003906 0.3681641 0.9047852 0.3310547 0.9174805 0.3320313 0.9047852 0.3310547 0.9033203 0.2988281 0.9174805 0.3320313 0.9033203 0.2988281 0.9169922 0.2954102 0.9169922 0.2954102 0.9033203 0.2988281 0.9199219 0.2680664 0.9199219 0.2680664 0.9033203 0.2988281 0.9038086 0.2700195 0.9199219 0.2680664 0.9038086 0.2700195 0.9228516 0.2441406 0.9228516 0.2441406 0.9038086 0.2700195 0.9042969 0.2470703 0.9228516 0.2441406 0.9042969 0.2470703 0.902832 0.2177734 0.9228516 0.2441406 0.902832 0.2177734 0.9199219 0.2158203 0.9199219 0.2158203 0.902832 0.2177734 0.9189453 0.1811523 0.9199219 0.2158203 0.9189453 0.1811523 0.9301758 0.1777343 0.9199219 0.2158203 0.9301758 0.1777343 0.9306641 0.2124023 0.9199219 0.2158203 0.9306641 0.2124023 0.9228516 0.2441406 0.9228516 0.2441406 0.9306641 0.2124023 0.9345703 0.2421875 0.9228516 0.2441406 0.9345703 0.2421875 0.9335938 0.2670899 0.9228516 0.2441406 0.9335938 0.2670899 0.9199219 0.2680664 0.9199219 0.2680664 0.9335938 0.2670899 0.9169922 0.2954102 0.9169922 0.2954102 0.9335938 0.2670899 0.9287109 0.2963867 0.9169922 0.2954102 0.9287109 0.2963867 0.9174805 0.3320313 0.9174805 0.3320313 0.9287109 0.2963867 0.9257813 0.3334961 0.9174805 0.3320313 0.9257813 0.3334961 0.9179688 0.3710938 0.9174805 0.3320313 0.9179688 0.3710938 0.909668 0.3686524 0.909668 0.3686524 0.9179688 0.3710938 0.902832 0.3930664 0.902832 0.3930664 0.9179688 0.3710938 0.9086914 0.3989258 0.9389649 0.1523437 0.940918 0.1748046 0.9301758 0.1777343 0.9301758 0.1777343 0.940918 0.1748046 0.9423828 0.2109375 0.9301758 0.1777343 0.9423828 0.2109375 0.9306641 0.2124023 0.9306641 0.2124023 0.9423828 0.2109375 0.9345703 0.2421875 0.9345703 0.2421875 0.9423828 0.2109375 0.9448242 0.2416992 0.9345703 0.2421875 0.9448242 0.2416992 0.9443359 0.2685547 0.9345703 0.2421875 0.9443359 0.2685547 0.9335938 0.2670899 0.9335938 0.2670899 0.9443359 0.2685547 0.9287109 0.2963867 0.9287109 0.2963867 0.9443359 0.2685547 0.9384766 0.2988281 0.9287109 0.2963867 0.9384766 0.2988281 0.9345703 0.3349609 0.9287109 0.2963867 0.9345703 0.3349609 0.9257813 0.3334961 0.9257813 0.3334961 0.9345703 0.3349609 0.9179688 0.3710938 0.9179688 0.3710938 0.9345703 0.3349609 0.925293 0.3740234 0.9179688 0.3710938 0.925293 0.3740234 0.9135742 0.4033203 0.9179688 0.3710938 0.9135742 0.4033203 0.9086914 0.3989258 0.9086914 0.3989258 0.9135742 0.4033203 0.90625 0.4150391 0.8989258 0.4233399 0.8955078 0.4189453 0.90625 0.4150391 0.90625 0.4150391 0.8955078 0.4189453 0.9018555 0.4125977 0.90625 0.4150391 0.9018555 0.4125977 0.9086914 0.3989258 0.9086914 0.3989258 0.9018555 0.4125977 0.902832 0.3930664 0.902832 0.3930664 0.9018555 0.4125977 0.8969727 0.4077149 0.902832 0.3930664 0.8969727 0.4077149 0.8935547 0.4047852 0.8935547 0.4047852 0.8969727 0.4077149 0.8916016 0.4165039 0.8916016 0.4165039 0.8969727 0.4077149 0.9018555 0.4125977 0.8916016 0.4165039 0.9018555 0.4125977 0.8955078 0.4189453 0.8916016 0.4165039 0.8955078 0.4189453 0.887207 0.4179688 0.887207 0.4179688 0.8955078 0.4189453 0.890625 0.4233399 0.890625 0.4233399 0.8955078 0.4189453 0.8925781 0.4282227 0.8925781 0.4282227 0.8955078 0.4189453 0.8989258 0.4233399 0.8925781 0.4282227 0.8989258 0.4233399 0.9023438 0.4272461 0.9023438 0.4272461 0.8989258 0.4233399 0.9106445 0.4194336 0.9106445 0.4194336 0.8989258 0.4233399 0.90625 0.4150391 0.9106445 0.4194336 0.90625 0.4150391 0.9135742 0.4033203 0.9106445 0.4194336 0.9135742 0.4033203 0.9189453 0.4077149 0.9189453 0.4077149 0.9135742 0.4033203 0.9326172 0.3769531 0.9326172 0.3769531 0.9135742 0.4033203 0.925293 0.3740234 0.9326172 0.3769531 0.925293 0.3740234 0.9345703 0.3349609 0.9326172 0.3769531 0.9345703 0.3349609 0.9433594 0.3374024 0.9433594 0.3374024 0.9345703 0.3349609 0.9487305 0.3017578 0.9487305 0.3017578 0.9345703 0.3349609 0.9384766 0.2988281 0.9487305 0.3017578 0.9384766 0.2988281 0.9545899 0.2719727 0.9545899 0.2719727 0.9384766 0.2988281 0.9443359 0.2685547 0.9545899 0.2719727 0.9443359 0.2685547 0.9448242 0.2416992 0.9545899 0.2719727 0.9448242 0.2416992 0.9560547 0.2421875 0.9560547 0.2421875 0.9448242 0.2416992 0.9550781 0.2114257 0.9550781 0.2114257 0.9448242 0.2416992 0.9423828 0.2109375 0.9550781 0.2114257 0.9423828 0.2109375 0.940918 0.1748046 0.9550781 0.2114257 0.940918 0.1748046 0.9526367 0.1787109 0.9526367 0.1787109 0.940918 0.1748046 0.9487305 0.1557617 0.9487305 0.1557617 0.940918 0.1748046 0.9389649 0.1523437 0.9487305 0.1557617 0.9389649 0.1523437 0.9550781 0.140625 0.9487305 0.1557617 0.9550781 0.140625 0.9638672 0.1767578 0.9487305 0.1557617 0.9638672 0.1767578 0.9526367 0.1787109 0.9526367 0.1787109 0.9638672 0.1767578 0.9663086 0.2124023 0.9526367 0.1787109 0.9663086 0.2124023 0.9550781 0.2114257 0.9550781 0.2114257 0.9663086 0.2124023 0.9560547 0.2421875 0.9560547 0.2421875 0.9663086 0.2124023 0.9672852 0.2441406 0.9560547 0.2421875 0.9672852 0.2441406 0.9643555 0.2758789 0.9560547 0.2421875 0.9643555 0.2758789 0.9545899 0.2719727 0.9545899 0.2719727 0.9643555 0.2758789 0.9487305 0.3017578 0.9487305 0.3017578 0.9643555 0.2758789 0.9584961 0.3046875 0.9487305 0.3017578 0.9584961 0.3046875 0.9516602 0.3408203 0.9487305 0.3017578 0.9516602 0.3408203 0.9433594 0.3374024 0.9433594 0.3374024 0.9516602 0.3408203 0.9326172 0.3769531 0.9326172 0.3769531 0.9516602 0.3408203 0.9404297 0.3803711 0.9326172 0.3769531 0.9404297 0.3803711 0.9282227 0.40625 0.9326172 0.3769531 0.9282227 0.40625 0.9189453 0.4077149 0.9189453 0.4077149 0.9282227 0.40625 0.9165039 0.4223633 0.9189453 0.4077149 0.9165039 0.4223633 0.9106445 0.4194336 0.9106445 0.4194336 0.9165039 0.4223633 0.9067383 0.4311524 0.9106445 0.4194336 0.9067383 0.4311524 0.9023438 0.4272461 0.9023438 0.4272461 0.9067383 0.4311524 0.8979492 0.4365234 0.9023438 0.4272461 0.8979492 0.4365234 0.894043 0.4321289 0.9023438 0.4272461 0.894043 0.4321289 0.8925781 0.4282227 0.6450195 0.4135742 0.6660156 0.4067383 0.6494141 0.4223633 0.6494141 0.4223633 0.6660156 0.4067383 0.6660156 0.4160156 0.3508301 0.5192871 0.3432617 0.5026856 0.359375 0.5097656 0.359375 0.5097656 0.3432617 0.5026856 0.3544922 0.4946289 0.359375 0.5097656 0.3544922 0.4946289 0.3630371 0.4931641 0.359375 0.5097656 0.3630371 0.4931641 0.3657227 0.5046387 0.04516595 0.9888535 0.04510498 0.9893723 0.04455566 0.9889679 0.04455566 0.9889679 0.04510498 0.9893723 0.04443359 0.9893265 0.04455566 0.9889679 0.04443359 0.9893265 0.04379272 0.9891815 0.0480346 0.9851608 0.0480346 0.9859924 0.04779046 0.9860306 0.04779046 0.9860306 0.0480346 0.9859924 0.04775995 0.9867859 0.04775995 0.9867859 0.0480346 0.9859924 0.04800415 0.9867935 0.04775995 0.9867859 0.04800415 0.9867935 0.04754632 0.9874954 0.04754632 0.9874954 0.04800415 0.9867935 0.04782104 0.9875565 0.04754632 0.9874954 0.04782104 0.9875565 0.04754632 0.9882202 0.04754632 0.9874954 0.04754632 0.9882202 0.04721069 0.9880829 0.04721069 0.9880829 0.04754632 0.9882202 0.04690545 0.9886398 0.04690545 0.9886398 0.04754632 0.9882202 0.04714959 0.9888611 0.04690545 0.9886398 0.04714959 0.9888611 0.04638665 0.9889526 0.04638665 0.9889526 0.04714959 0.9888611 0.04653924 0.9893189 0.04638665 0.9889526 0.04653924 0.9893189 0.0457763 0.9895935 0.04638665 0.9889526 0.0457763 0.9895935 0.0457763 0.9892807 0.0457763 0.9892807 0.0457763 0.9895935 0.04510498 0.9893723 0.04510498 0.9893723 0.0457763 0.9895935 0.04501336 0.9896851 0.04510498 0.9893723 0.04501336 0.9896851 0.04431152 0.9896088 0.04510498 0.9893723 0.04431152 0.9896088 0.04443359 0.9893265 0.04443359 0.9893265 0.04431152 0.9896088 0.04364007 0.9894486 0.04443359 0.9893265 0.04364007 0.9894486 0.04379272 0.9891815 0.04379272 0.9891815 0.04364007 0.9894486 0.04321289 0.9890061 0.04321289 0.9890061 0.04364007 0.9894486 0.0430603 0.9893189 0.04321289 0.9890061 0.0430603 0.9893189 0.04251092 0.9891968 0.04321289 0.9890061 0.04251092 0.9891968 0.04272454 0.9888611 0.04321289 0.9890061 0.04272454 0.9888611 0.04336541 0.9887467 0.04321289 0.9890061 0.04336541 0.9887467 0.04379272 0.9891815 0.04379272 0.9891815 0.04336541 0.9887467 0.04394531 0.9888916 0.04379272 0.9891815 0.04394531 0.9888916 0.04455566 0.9889679 0.04455566 0.9889679 0.04394531 0.9888916 0.04470825 0.9883499 0.04455566 0.9889679 0.04470825 0.9883499 0.04528802 0.9882584 0.04455566 0.9889679 0.04528802 0.9882584 0.04516595 0.9888535 0.04516595 0.9888535 0.04528802 0.9882584 0.0457763 0.9887161 0.04516595 0.9888535 0.0457763 0.9887161 0.04510498 0.9893723 0.0480346 0.9859924 0.04821777 0.9867706 0.04800415 0.9867935 0.04800415 0.9867935 0.04821777 0.9867706 0.04782104 0.9875565 0.04782104 0.9875565 0.04821777 0.9867706 0.0480957 0.9875794 0.04782104 0.9875565 0.0480957 0.9875794 0.04754632 0.9882202 0.04754632 0.9882202 0.0480957 0.9875794 0.04779046 0.988327 0.04754632 0.9882202 0.04779046 0.988327 0.04733276 0.9890747 0.04754632 0.9882202 0.04733276 0.9890747 0.04714959 0.9888611 0.04714959 0.9888611 0.04733276 0.9890747 0.04660034 0.9896164 0.04714959 0.9888611 0.04660034 0.9896164 0.04653924 0.9893189 0.04653924 0.9893189 0.04660034 0.9896164 0.0457763 0.9895935 0.0457763 0.9895935 0.04660034 0.9896164 0.04574579 0.9898911 0.0457763 0.9895935 0.04574579 0.9898911 0.04492187 0.9900055 0.0457763 0.9895935 0.04492187 0.9900055 0.04501336 0.9896851 0.04501336 0.9896851 0.04492187 0.9900055 0.04418945 0.9899292 0.04501336 0.9896851 0.04418945 0.9899292 0.04431152 0.9896088 0.04431152 0.9896088 0.04418945 0.9899292 0.04364007 0.9894486 0.04364007 0.9894486 0.04418945 0.9899292 0.04348748 0.9897843 0.04364007 0.9894486 0.04348748 0.9897843 0.04287713 0.9897003 0.04364007 0.9894486 0.04287713 0.9897003 0.0430603 0.9893189 0.0430603 0.9893189 0.04287713 0.9897003 0.04251092 0.9891968 0.04251092 0.9891968 0.04287713 0.9897003 0.04229736 0.9895783 0.04251092 0.9891968 0.04229736 0.9895783 0.04171746 0.9894333 0.04251092 0.9891968 0.04171746 0.9894333 0.0420227 0.9890366 0.04251092 0.9891968 0.0420227 0.9890366 0.04223626 0.9887238 0.04251092 0.9891968 0.04223626 0.9887238 0.04272454 0.9888611 0.04272454 0.9888611 0.04223626 0.9887238 0.04284662 0.9885941 0.04272454 0.9888611 0.04284662 0.9885941 0.04336541 0.9887467 0.04336541 0.9887467 0.04284662 0.9885941 0.04354858 0.9883804 0.04336541 0.9887467 0.04354858 0.9883804 0.04394531 0.9888916 0.04394531 0.9888916 0.04354858 0.9883804 0.04412835 0.9883652 0.04394531 0.9888916 0.04412835 0.9883652 0.04470825 0.9883499 0.04470825 0.9883499 0.04412835 0.9883652 0.04486078 0.9877243 0.04223626 0.9887238 0.04232788 0.9884796 0.04284662 0.9885941 0.04284662 0.9885941 0.04232788 0.9884796 0.0429992 0.9882965 0.04284662 0.9885941 0.0429992 0.9882965 0.04354858 0.9883804 0.04354858 0.9883804 0.0429992 0.9882965 0.04321289 0.9877853 0.04354858 0.9883804 0.04321289 0.9877853 0.04376214 0.9878006 0.04376214 0.9878006 0.04321289 0.9877853 0.04397583 0.9872131 0.04376214 0.9878006 0.04397583 0.9872131 0.04449456 0.9871597 0.04449456 0.9871597 0.04397583 0.9872131 0.04412835 0.9865952 0.04449456 0.9871597 0.04412835 0.9865952 0.04464715 0.9865341 0.04464715 0.9865341 0.04412835 0.9865952 0.04467773 0.985878 0.04464715 0.9865341 0.04467773 0.985878 0.04516595 0.9857864 0.04464715 0.9865341 0.04516595 0.9857864 0.04513543 0.9864349 0.04513543 0.9864349 0.04516595 0.9857864 0.04565423 0.9863281 0.04513543 0.9864349 0.04565423 0.9863281 0.04501336 0.9870834 0.04501336 0.9870834 0.04565423 0.9863281 0.04556274 0.9869766 0.04556274 0.9869766 0.04565423 0.9863281 0.04614251 0.9868775 0.04556274 0.9869766 0.04614251 0.9868775 0.04541009 0.9876251 0.04556274 0.9869766 0.04541009 0.9876251 0.04486078 0.9877243 0.04556274 0.9869766 0.04486078 0.9877243 0.04501336 0.9870834 0.04501336 0.9870834 0.04486078 0.9877243 0.04449456 0.9871597 0.04501336 0.9870834 0.04449456 0.9871597 0.04513543 0.9864349 0.04513543 0.9864349 0.04449456 0.9871597 0.04464715 0.9865341 0.04376214 0.9878006 0.04449456 0.9871597 0.04431152 0.9877777 0.04431152 0.9877777 0.04449456 0.9871597 0.04486078 0.9877243 0.04431152 0.9877777 0.04486078 0.9877243 0.04412835 0.9883652 0.04431152 0.9877777 0.04412835 0.9883652 0.04354858 0.9883804 0.04431152 0.9877777 0.04354858 0.9883804 0.04376214 0.9878006 0.04470825 0.9883499 0.04486078 0.9877243 0.04528802 0.9882584 0.04528802 0.9882584 0.04486078 0.9877243 0.04541009 0.9876251 0.04528802 0.9882584 0.04541009 0.9876251 0.04598999 0.9875183 0.04598999 0.9875183 0.04541009 0.9876251 0.04614251 0.9868775 0.04598999 0.9875183 0.04614251 0.9868775 0.04653924 0.9874268 0.04653924 0.9874268 0.04614251 0.9868775 0.04672241 0.9868012 0.04653924 0.9874268 0.04672241 0.9868012 0.04736328 0.9867783 0.04736328 0.9867783 0.04672241 0.9868012 0.046875 0.9861374 0.046875 0.9861374 0.04672241 0.9868012 0.04614251 0.9868775 0.046875 0.9861374 0.04614251 0.9868775 0.04623413 0.986229 0.04623413 0.986229 0.04614251 0.9868775 0.04565423 0.9863281 0.04623413 0.986229 0.04565423 0.9863281 0.04626458 0.9855728 0.04623413 0.986229 0.04626458 0.9855728 0.046875 0.9861374 0.046875 0.9861374 0.04626458 0.9855728 0.046875 0.9854431 0.046875 0.9861374 0.046875 0.9854431 0.04742425 0.9853134 0.04742425 0.9853134 0.046875 0.9854431 0.04724121 0.9845352 0.04742425 0.9853134 0.04724121 0.9845352 0.04760742 0.9843826 0.04760742 0.9843826 0.04724121 0.9845352 0.04678338 0.983841 0.04760742 0.9843826 0.04678338 0.983841 0.04721069 0.983551 0.04721069 0.983551 0.04678338 0.983841 0.04663079 0.9828644 0.04721069 0.983551 0.04663079 0.9828644 0.04742425 0.9833984 0.04721069 0.983551 0.04742425 0.9833984 0.04760742 0.9843826 0.04760742 0.9843826 0.04742425 0.9833984 0.04785156 0.9842682 0.04760742 0.9843826 0.04785156 0.9842682 0.0480346 0.9851608 0.04760742 0.9843826 0.0480346 0.9851608 0.04779046 0.9852219 0.04760742 0.9843826 0.04779046 0.9852219 0.04742425 0.9853134 0.04742425 0.9853134 0.04779046 0.9852219 0.04742425 0.9860687 0.04742425 0.9853134 0.04742425 0.9860687 0.046875 0.9861374 0.046875 0.9861374 0.04742425 0.9860687 0.04736328 0.9867783 0.04736328 0.9867783 0.04742425 0.9860687 0.04779046 0.9860306 0.04779046 0.9860306 0.04742425 0.9860687 0.04779046 0.9852219 0.04779046 0.9860306 0.04779046 0.9852219 0.0480346 0.9851608 0.04229736 0.9833069 0.04278564 0.9831085 0.04296875 0.9836731 0.04296875 0.9836731 0.04278564 0.9831085 0.04324334 0.9829559 0.04296875 0.9836731 0.04324334 0.9829559 0.04342651 0.9835205 0.04342651 0.9835205 0.04324334 0.9829559 0.0438537 0.9833679 0.0438537 0.9833679 0.04324334 0.9829559 0.04373162 0.9828186 0.0438537 0.9833679 0.04373162 0.9828186 0.04421997 0.9826813 0.0438537 0.9833679 0.04421997 0.9826813 0.04431152 0.9832306 0.04431152 0.9832306 0.04421997 0.9826813 0.0447387 0.9825592 0.04431152 0.9832306 0.0447387 0.9825592 0.0447998 0.9831696 0.0447998 0.9831696 0.0447387 0.9825592 0.0452575 0.9831085 0.0452575 0.9831085 0.0447387 0.9825592 0.04528802 0.982605 0.0452575 0.9831085 0.04528802 0.982605 0.04592895 0.9826813 0.0452575 0.9831085 0.04592895 0.9826813 0.0457763 0.9831238 0.0457763 0.9831238 0.04592895 0.9826813 0.0462951 0.9833069 0.0462951 0.9833069 0.04592895 0.9826813 0.04663079 0.9828644 0.0462951 0.9833069 0.04663079 0.9828644 0.04678338 0.983841 0.0462951 0.9833069 0.04678338 0.983841 0.04638665 0.9840851 0.04638665 0.9840851 0.04678338 0.983841 0.04724121 0.9845352 0.04638665 0.9840851 0.04724121 0.9845352 0.04672241 0.9847337 0.04672241 0.9847337 0.04724121 0.9845352 0.046875 0.9854431 0.04672241 0.9847337 0.046875 0.9854431 0.04626458 0.9855728 0.04672241 0.9847337 0.04626458 0.9855728 0.04617303 0.9849091 0.04672241 0.9847337 0.04617303 0.9849091 0.04638665 0.9840851 0.04638665 0.9840851 0.04617303 0.9849091 0.04592895 0.9842529 0.04638665 0.9840851 0.04592895 0.9842529 0.04574579 0.9836426 0.04574579 0.9836426 0.04592895 0.9842529 0.0453186 0.9837341 0.04574579 0.9836426 0.0453186 0.9837341 0.0452575 0.9831085 0.04574579 0.9836426 0.0452575 0.9831085 0.0457763 0.9831238 0.04574579 0.9836426 0.0457763 0.9831238 0.04608154 0.9836273 0.04608154 0.9836273 0.0457763 0.9831238 0.0462951 0.9833069 0.04608154 0.9836273 0.0462951 0.9833069 0.04638665 0.9840851 0.04608154 0.9836273 0.04638665 0.9840851 0.04574579 0.9836426 0.04501336 0.9844895 0.0453186 0.9837341 0.04547119 0.9844055 0.04547119 0.9844055 0.0453186 0.9837341 0.04592895 0.9842529 0.04547119 0.9844055 0.04592895 0.9842529 0.04562371 0.9850311 0.04547119 0.9844055 0.04562371 0.9850311 0.04501336 0.9844895 0.04592895 0.9842529 0.04617303 0.9849091 0.04562371 0.9850311 0.04562371 0.9850311 0.04617303 0.9849091 0.04626458 0.9855728 0.04562371 0.9850311 0.04626458 0.9855728 0.04568481 0.9856796 0.04568481 0.9856796 0.04626458 0.9855728 0.04565423 0.9863281 0.04568481 0.9856796 0.04565423 0.9863281 0.04516595 0.9857864 0.04568481 0.9856796 0.04516595 0.9857864 0.04562371 0.9850311 0.04779046 0.9860306 0.04775995 0.9867859 0.04736328 0.9867783 0.04736328 0.9867783 0.04775995 0.9867859 0.04754632 0.9874954 0.04736328 0.9867783 0.04754632 0.9874954 0.04708862 0.9874115 0.04708862 0.9874115 0.04754632 0.9874954 0.04684448 0.9879685 0.04684448 0.9879685 0.04754632 0.9874954 0.04721069 0.9880829 0.04684448 0.9879685 0.04721069 0.9880829 0.04666131 0.9883728 0.04666131 0.9883728 0.04721069 0.9880829 0.04690545 0.9886398 0.04666131 0.9883728 0.04690545 0.9886398 0.04638665 0.9889526 0.04666131 0.9883728 0.04638665 0.9889526 0.0462951 0.9885254 0.0462951 0.9885254 0.04638665 0.9889526 0.0457763 0.9887161 0.0457763 0.9887161 0.04638665 0.9889526 0.0457763 0.9892807 0.0457763 0.9887161 0.0457763 0.9892807 0.04510498 0.9893723 0.04736328 0.9867783 0.04708862 0.9874115 0.04653924 0.9874268 0.04653924 0.9874268 0.04708862 0.9874115 0.04684448 0.9879685 0.04653924 0.9874268 0.04684448 0.9879685 0.0463562 0.9880142 0.0463562 0.9880142 0.04684448 0.9879685 0.04666131 0.9883728 0.0463562 0.9880142 0.04666131 0.9883728 0.0462951 0.9885254 0.0463562 0.9880142 0.0462951 0.9885254 0.0457763 0.9887161 0.0463562 0.9880142 0.0457763 0.9887161 0.0458374 0.9881363 0.0458374 0.9881363 0.0457763 0.9887161 0.04528802 0.9882584 0.0458374 0.9881363 0.04528802 0.9882584 0.04598999 0.9875183 0.0458374 0.9881363 0.04598999 0.9875183 0.04653924 0.9874268 0.0458374 0.9881363 0.04653924 0.9874268 0.0463562 0.9880142 0.5805664 0.1030273 0.5556641 0.1191406 0.5581055 0.1049804 0.5581055 0.1049804 0.5556641 0.1191406 0.543457 0.0961914 0.5581055 0.1049804 0.543457 0.0961914 0.5805664 0.1030273 0.6342774 0.8557129 0.6552734 0.864624 0.6469727 0.8686524 0.6469727 0.8686524 0.6552734 0.864624 0.6650391 0.8832398 0.6469727 0.8686524 0.6650391 0.8832398 0.6367188 0.8712158 0.6469727 0.8686524 0.6367188 0.8712158 0.6342774 0.8557129 0.6606445 0.1513671 0.6889649 0.145996 0.6811524 0.1552734 0.6811524 0.1552734 0.6889649 0.145996 0.7036133 0.1606445 0.6811524 0.1552734 0.7036133 0.1606445 0.6787109 0.1699218 0.6811524 0.1552734 0.6787109 0.1699218 0.6606445 0.1513671 0.703125 0.1132812 0.7109375 0.133789 0.6738281 0.1220703 0.6738281 0.1220703 0.7109375 0.133789 0.6831055 0.1367187 0.6738281 0.1220703 0.6831055 0.1367187 0.6606445 0.1513671 0.6606445 0.1513671 0.6831055 0.1367187 0.6889649 0.145996 0.6889649 0.145996 0.6831055 0.1367187 0.7109375 0.133789 0.6000977 0.1318359 0.6298828 0.1201171 0.6005859 0.1552734 0.6005859 0.1552734 0.6298828 0.1201171 0.6367188 0.1411132 0.6005859 0.1552734 0.6367188 0.1411132 0.628418 0.1596679 0.628418 0.1596679 0.6367188 0.1411132 0.6606445 0.1513671 0.6606445 0.1513671 0.6367188 0.1411132 0.6738281 0.1220703 0.6738281 0.1220703 0.6367188 0.1411132 0.6298828 0.1201171 0.8911133 0.078125 0.902832 0.09423828 0.8828125 0.09277343 0.8828125 0.09277343 0.902832 0.09423828 0.8837891 0.121582 0.8837891 0.121582 0.902832 0.09423828 0.8999024 0.1225585 0.8837891 0.121582 0.8999024 0.1225585 0.902832 0.1518554 0.8837891 0.121582 0.902832 0.1518554 0.8881836 0.1513671 0.9262695 0.8365479 0.9282227 0.8607178 0.9213867 0.8619385 0.9213867 0.8619385 0.9282227 0.8607178 0.9223633 0.8773193 0.9213867 0.8619385 0.9223633 0.8773193 0.9150391 0.8619385 0.9213867 0.8619385 0.9150391 0.8619385 0.9204102 0.8376465 0.9213867 0.8619385 0.9204102 0.8376465 0.9262695 0.8365479 0.7041016 0.8167725 0.7001953 0.8287354 0.6699219 0.8137207 0.6699219 0.8137207 0.7001953 0.8287354 0.6635742 0.8266602 0.6699219 0.8137207 0.6635742 0.8266602 0.6416016 0.8006592 0.6699219 0.8137207 0.6416016 0.8006592 0.6782227 0.796875 0.6699219 0.8137207 0.6782227 0.796875 0.7041016 0.8167725 0.04412835 0.9865952 0.04397583 0.9872131 0.04345703 0.9872437 0.04345703 0.9872437 0.04397583 0.9872131 0.04321289 0.9877853 0.04345703 0.9872437 0.04321289 0.9877853 0.04293823 0.9872513 0.04345703 0.9872437 0.04293823 0.9872513 0.04364007 0.9866562 0.04345703 0.9872437 0.04364007 0.9866562 0.04412835 0.9865952 0.2332763 0.3964844 0.2126464 0.3989258 0.2268066 0.3808594 0.2268066 0.3808594 0.2126464 0.3989258 0.1987304 0.3837891 0.2268066 0.3808594 0.1987304 0.3837891 0.2159423 0.362793 0.2268066 0.3808594 0.2159423 0.362793 0.243164 0.3652344 0.2268066 0.3808594 0.243164 0.3652344 0.2332763 0.3964844 0.53125 0.5031738 0.5571289 0.487793 0.5405274 0.5126953 0.5405274 0.5126953 0.5571289 0.487793 0.5673828 0.4975586 0.5405274 0.5126953 0.5673828 0.4975586 0.5507813 0.5241699 0.5405274 0.5126953 0.5507813 0.5241699 0.527832 0.5405274 0.5405274 0.5126953 0.527832 0.5405274 0.53125 0.5031738 0.621582 0.4418945 0.5922852 0.4682617 0.5834961 0.4575195 0.5834961 0.4575195 0.5922852 0.4682617 0.5673828 0.4975586 0.5834961 0.4575195 0.5673828 0.4975586 0.5571289 0.487793 0.5834961 0.4575195 0.5571289 0.487793 0.5488281 0.4780274 0.5488281 0.4780274 0.5571289 0.487793 0.53125 0.5031738 0.5488281 0.4780274 0.53125 0.5031738 0.5229492 0.4960938 0.5488281 0.4780274 0.5229492 0.4960938 0.5385742 0.4707031 0.5170899 0.4570313 0.5385742 0.4262695 0.5288086 0.465332 0.5288086 0.465332 0.5385742 0.4262695 0.550293 0.4404297 0.550293 0.4404297 0.5385742 0.4262695 0.5668945 0.421875 0.550293 0.4404297 0.5668945 0.421875 0.5869141 0.4179688 0.550293 0.4404297 0.5869141 0.4179688 0.5625 0.4443359 0.5625 0.4443359 0.5869141 0.4179688 0.6069336 0.4208984 0.5625 0.4443359 0.6069336 0.4208984 0.574707 0.449707 0.574707 0.449707 0.6069336 0.4208984 0.5834961 0.4575195 0.574707 0.449707 0.5834961 0.4575195 0.5488281 0.4780274 0.574707 0.449707 0.5488281 0.4780274 0.5625 0.4443359 0.5625 0.4443359 0.5488281 0.4780274 0.5385742 0.4707031 0.5625 0.4443359 0.5385742 0.4707031 0.550293 0.4404297 0.550293 0.4404297 0.5385742 0.4707031 0.5288086 0.465332 0.5410156 0.2373046 0.5429688 0.2421875 0.5371094 0.2451171 0.5371094 0.2451171 0.5429688 0.2421875 0.5385742 0.2490234 0.5371094 0.2451171 0.5385742 0.2490234 0.5322266 0.2475585 0.5371094 0.2451171 0.5322266 0.2475585 0.5351563 0.2416992 0.5371094 0.2451171 0.5351563 0.2416992 0.5410156 0.2373046 0.859375 0.3427734 0.8696289 0.3378906 0.8637695 0.3730469 0.8637695 0.3730469 0.8696289 0.3378906 0.8725586 0.3701172 0.8637695 0.3730469 0.8725586 0.3701172 0.8759766 0.3989258 0.8759766 0.3989258 0.8725586 0.3701172 0.8818359 0.3691406 0.8818359 0.3691406 0.8725586 0.3701172 0.8696289 0.3378906 0.8911133 0.4404297 0.8823242 0.4418945 0.8803711 0.4355469 0.8803711 0.4355469 0.8823242 0.4418945 0.8706055 0.4399414 0.8803711 0.4355469 0.8706055 0.4399414 0.8691406 0.4316406 0.8691406 0.4316406 0.8706055 0.4399414 0.8574219 0.4228516 0.8574219 0.4228516 0.8706055 0.4399414 0.8564453 0.4345703 0.8574219 0.4228516 0.8564453 0.4345703 0.8447266 0.4101563 0.8447266 0.4101563 0.8564453 0.4345703 0.8422852 0.4233399 0.9077149 0.9007568 0.9047852 0.9031372 0.9023438 0.894104 0.9023438 0.894104 0.9047852 0.9031372 0.8989258 0.8966675 0.9023438 0.894104 0.8989258 0.8966675 0.8925781 0.8886108 0.8925781 0.8886108 0.8989258 0.8966675 0.8881836 0.8925171 0.8881836 0.8925171 0.8989258 0.8966675 0.8955078 0.9000244 0.8955078 0.9000244 0.8989258 0.8966675 0.9047852 0.9031372 0.4904785 0.227539 0.484375 0.2070312 0.498291 0.2211914 0.498291 0.2211914 0.484375 0.2070312 0.4956055 0.2006835 0.4956055 0.2006835 0.484375 0.2070312 0.4926758 0.1738281 0.4926758 0.1738281 0.484375 0.2070312 0.4770508 0.184082 0.4926758 0.1738281 0.4770508 0.184082 0.4848633 0.1508789 0.4848633 0.1508789 0.4770508 0.184082 0.4645996 0.1674804 0.4848633 0.1508789 0.4645996 0.1674804 0.4724121 0.1357421 0.4724121 0.1357421 0.4645996 0.1674804 0.4516602 0.1503906 0.9287109 0.08154296 0.9174805 0.08300781 0.9267578 0.0649414 0.9267578 0.0649414 0.9174805 0.08300781 0.9165039 0.06933593 0.9165039 0.06933593 0.9174805 0.08300781 0.909668 0.0727539 0.909668 0.0727539 0.9174805 0.08300781 0.9057617 0.08203125 0.9057617 0.08203125 0.9174805 0.08300781 0.9140625 0.09960937 0.9140625 0.09960937 0.9174805 0.08300781 0.9248047 0.09863281 0.9248047 0.09863281 0.9174805 0.08300781 0.9287109 0.08154296 0.2233886 0.08496093 0.2504883 0.05078125 0.2502442 0.08154296 0.2502442 0.08154296 0.2504883 0.05078125 0.2888184 0.08251953 0.2888184 0.08251953 0.2504883 0.05078125 0.2978516 0.05322259 0.2888184 0.08251953 0.2978516 0.05322259 0.3408203 0.07177734 0.2888184 0.08251953 0.3408203 0.07177734 0.3205567 0.09667968 0.2888184 0.08251953 0.3205567 0.09667968 0.2817383 0.1040039 0.2888184 0.08251953 0.2817383 0.1040039 0.2502442 0.08154296 0.09918212 0.4331055 0.1098632 0.4394531 0.1080322 0.4731445 0.1080322 0.4731445 0.1098632 0.4394531 0.1253662 0.4472656 0.1080322 0.4731445 0.1253662 0.4472656 0.1223144 0.4804688 0.1080322 0.4731445 0.1223144 0.4804688 0.1204833 0.5100098 0.1080322 0.4731445 0.1204833 0.5100098 0.107666 0.5043945 0.1080322 0.4731445 0.107666 0.5043945 0.09594726 0.4985352 0.1080322 0.4731445 0.09594726 0.4985352 0.09588623 0.4672852 0.1080322 0.4731445 0.09588623 0.4672852 0.09918212 0.4331055 0.6279297 0.2680664 0.5986328 0.2617188 0.628418 0.2553711 0.628418 0.2553711 0.5986328 0.2617188 0.5991211 0.2509766 0.628418 0.2553711 0.5991211 0.2509766 0.628418 0.2426757 0.628418 0.2426757 0.5991211 0.2509766 0.6279297 0.2280273 0.628418 0.2426757 0.6279297 0.2280273 0.6586914 0.2363281 0.628418 0.2426757 0.6586914 0.2363281 0.6586914 0.2504883 0.628418 0.2426757 0.6586914 0.2504883 0.628418 0.2553711 0.628418 0.2553711 0.6586914 0.2504883 0.6279297 0.2680664 0.02386474 0.9820557 0.02351379 0.9844284 0.02288818 0.9817658 0.02288818 0.9817658 0.02351379 0.9844284 0.02249145 0.983429 0.02249145 0.983429 0.02351379 0.9844284 0.02198791 0.984436 0.02198791 0.984436 0.02351379 0.9844284 0.02270501 0.9854202 0.02198791 0.984436 0.02270501 0.9854202 0.02145379 0.9852448 0.02145379 0.9852448 0.02270501 0.9854202 0.02200317 0.9861527 0.02200317 0.9861527 0.02270501 0.9854202 0.0223388 0.9871903 0.0223388 0.9871903 0.02270501 0.9854202 0.02307122 0.9865952 0.0223388 0.9871903 0.02307122 0.9865952 0.02288818 0.9879761 0.02288818 0.9879761 0.02307122 0.9865952 0.0236206 0.9865875 0.0236206 0.9865875 0.02307122 0.9865952 0.02351379 0.9844284 0.02351379 0.9844284 0.02307122 0.9865952 0.02270501 0.9854202 0.02288818 0.9817658 0.02323913 0.9798431 0.02386474 0.9820557 0.02386474 0.9820557 0.02323913 0.9798431 0.02404785 0.9799042 0.02386474 0.9820557 0.02404785 0.9799042 0.02508538 0.9798889 0.02386474 0.9820557 0.02508538 0.9798889 0.02507019 0.9820709 0.02386474 0.9820557 0.02507019 0.9820709 0.02351379 0.9844284 0.02351379 0.9844284 0.02507019 0.9820709 0.02470391 0.9844589 0.02351379 0.9844284 0.02470391 0.9844589 0.0236206 0.9865875 0.0236206 0.9865875 0.02470391 0.9844589 0.02441406 0.9868775 0.0236206 0.9865875 0.02441406 0.9868775 0.02288818 0.9879761 0.02288818 0.9879761 0.02441406 0.9868775 0.02366638 0.9889755 0.02366638 0.9889755 0.02441406 0.9868775 0.0245971 0.989502 0.0245971 0.989502 0.02441406 0.9868775 0.02531433 0.987175 0.02531433 0.987175 0.02441406 0.9868775 0.02470391 0.9844589 0.02531433 0.987175 0.02470391 0.9844589 0.02583307 0.9845429 0.02583307 0.9845429 0.02470391 0.9844589 0.02507019 0.9820709 0.02583307 0.9845429 0.02507019 0.9820709 0.02597039 0.9820863 0.02597039 0.9820863 0.02507019 0.9820709 0.02508538 0.9798889 0.02597039 0.9820863 0.02508538 0.9798889 0.02609246 0.9798584 0.02609246 0.9798584 0.02508538 0.9798889 0.02609246 0.9777832 0.02609246 0.9777832 0.02508538 0.9798889 0.0251159 0.9778137 0.02609246 0.9777832 0.0251159 0.9778137 0.02610772 0.9758148 0.02610772 0.9758148 0.0251159 0.9778137 0.02513122 0.9758911 0.02610772 0.9758148 0.02513122 0.9758911 0.02597039 0.9739227 0.02597039 0.9739227 0.02513122 0.9758911 0.02508538 0.9740143 0.02597039 0.9739227 0.02508538 0.9740143 0.02561944 0.9719391 0.02561944 0.9719391 0.02508538 0.9740143 0.02482599 0.9721222 0.02561944 0.9719391 0.02482599 0.9721222 0.02423089 0.9703369 0.02561944 0.9719391 0.02423089 0.9703369 0.02503967 0.9700317 0.02503967 0.9700317 0.02423089 0.9703369 0.02320855 0.9690247 0.02503967 0.9700317 0.02320855 0.9690247 0.02381891 0.9683228 0.02381891 0.9683228 0.02320855 0.9690247 0.02212524 0.9680481 0.02381891 0.9683228 0.02212524 0.9680481 0.02246087 0.9667664 0.02323913 0.9798431 0.02334588 0.9777832 0.02404785 0.9799042 0.02404785 0.9799042 0.02334588 0.9777832 0.02416992 0.977829 0.02404785 0.9799042 0.02416992 0.977829 0.02508538 0.9798889 0.02508538 0.9798889 0.02416992 0.977829 0.0251159 0.9778137 0.0251159 0.9778137 0.02416992 0.977829 0.0240783 0.9759979 0.0240783 0.9759979 0.02416992 0.977829 0.02334588 0.9777832 0.0240783 0.9759979 0.02334588 0.9777832 0.02314758 0.9762116 0.0240783 0.9759979 0.02314758 0.9762116 0.02397149 0.9742127 0.02397149 0.9742127 0.02314758 0.9762116 0.02301025 0.9746399 0.02397149 0.9742127 0.02301025 0.9746399 0.02378845 0.9724274 0.02378845 0.9724274 0.02301025 0.9746399 0.02278137 0.9730377 0.02378845 0.9724274 0.02278137 0.9730377 0.02328491 0.9708405 0.02328491 0.9708405 0.02278137 0.9730377 0.02230829 0.9716187 0.02328491 0.9708405 0.02230829 0.9716187 0.02191162 0.9705353 0.02328491 0.9708405 0.02191162 0.9705353 0.0226593 0.9696198 0.0226593 0.9696198 0.02191162 0.9705353 0.02145379 0.9697418 0.0226593 0.9696198 0.02145379 0.9697418 0.02185058 0.9688721 0.0226593 0.9696198 0.02185058 0.9688721 0.02212524 0.9680481 0.0226593 0.9696198 0.02212524 0.9680481 0.02320855 0.9690247 0.0226593 0.9696198 0.02320855 0.9690247 0.02328491 0.9708405 0.02328491 0.9708405 0.02320855 0.9690247 0.02423089 0.9703369 0.02328491 0.9708405 0.02423089 0.9703369 0.02482599 0.9721222 0.02328491 0.9708405 0.02482599 0.9721222 0.02378845 0.9724274 0.02378845 0.9724274 0.02482599 0.9721222 0.02508538 0.9740143 0.02378845 0.9724274 0.02508538 0.9740143 0.02397149 0.9742127 0.02397149 0.9742127 0.02508538 0.9740143 0.02513122 0.9758911 0.02397149 0.9742127 0.02513122 0.9758911 0.0240783 0.9759979 0.0240783 0.9759979 0.02513122 0.9758911 0.0251159 0.9778137 0.02705383 0.9777527 0.02610772 0.9758148 0.02705383 0.9757691 0.02705383 0.9757691 0.02610772 0.9758148 0.02597039 0.9739227 0.02705383 0.9757691 0.02597039 0.9739227 0.02673333 0.9738159 0.02673333 0.9738159 0.02597039 0.9739227 0.02561944 0.9719391 0.02673333 0.9738159 0.02561944 0.9719391 0.02630615 0.9718323 0.02630615 0.9718323 0.02561944 0.9719391 0.02575683 0.9698029 0.02575683 0.9698029 0.02561944 0.9719391 0.02503967 0.9700317 0.02575683 0.9698029 0.02503967 0.9700317 0.02473443 0.9677124 0.02473443 0.9677124 0.02503967 0.9700317 0.02381891 0.9683228 0.02473443 0.9677124 0.02381891 0.9683228 0.02246087 0.9667664 0.02473443 0.9677124 0.02246087 0.9667664 0.02348327 0.9660339 0.02473443 0.9677124 0.02348327 0.9660339 0.02444458 0.9654541 0.02444458 0.9654541 0.02539062 0.9674378 0.02473443 0.9677124 0.02473443 0.9677124 0.02539062 0.9674378 0.0263977 0.969574 0.02473443 0.9677124 0.0263977 0.969574 0.02575683 0.9698029 0.02575683 0.9698029 0.0263977 0.969574 0.02700799 0.971695 0.02575683 0.9698029 0.02700799 0.971695 0.02630615 0.9718323 0.02630615 0.9718323 0.02700799 0.971695 0.02749627 0.9736481 0.02630615 0.9718323 0.02749627 0.9736481 0.02673333 0.9738159 0.02673333 0.9738159 0.02749627 0.9736481 0.02705383 0.9757691 0.02705383 0.9757691 0.02749627 0.9736481 0.02793884 0.9756317 0.02705383 0.9757691 0.02793884 0.9756317 0.02705383 0.9777527 0.02705383 0.9777527 0.02793884 0.9756317 0.02798455 0.9776917 0.02705383 0.9777527 0.02798455 0.9776917 0.02705383 0.9798431 0.02705383 0.9798431 0.02798455 0.9776917 0.02792358 0.9798431 0.02705383 0.9798431 0.02792358 0.9798431 0.02673333 0.9821167 0.02673333 0.9821167 0.02792358 0.9798431 0.02751153 0.9822235 0.02673333 0.9821167 0.02751153 0.9822235 0.0271759 0.9847107 0.02673333 0.9821167 0.0271759 0.9847107 0.02648919 0.9846039 0.02648919 0.9846039 0.0271759 0.9847107 0.0268554 0.9876709 0.02648919 0.9846039 0.0268554 0.9876709 0.02624505 0.9876022 0.02624505 0.9876022 0.0268554 0.9876709 0.02636712 0.9900055 0.02624505 0.9876022 0.02636712 0.9900055 0.02560418 0.9898529 0.02624505 0.9876022 0.02560418 0.9898529 0.0245971 0.989502 0.02624505 0.9876022 0.0245971 0.989502 0.02531433 0.987175 0.02624505 0.9876022 0.02531433 0.987175 0.02648919 0.9846039 0.02648919 0.9846039 0.02531433 0.987175 0.02583307 0.9845429 0.02648919 0.9846039 0.02583307 0.9845429 0.02673333 0.9821167 0.02673333 0.9821167 0.02583307 0.9845429 0.02597039 0.9820863 0.02673333 0.9821167 0.02597039 0.9820863 0.02609246 0.9798584 0.02673333 0.9821167 0.02609246 0.9798584 0.02705383 0.9798431 0.02705383 0.9798431 0.02609246 0.9798584 0.02609246 0.9777832 0.02705383 0.9798431 0.02609246 0.9777832 0.02705383 0.9777527 0.02705383 0.9777527 0.02609246 0.9777832 0.02610772 0.9758148 0.02444458 0.9654541 0.02534478 0.9651795 0.02618408 0.9672241 0.02444458 0.9654541 0.02618408 0.9672241 0.02539062 0.9674378 0.02539062 0.9674378 0.02618408 0.9672241 0.0263977 0.969574 0.0263977 0.969574 0.02618408 0.9672241 0.02706909 0.9693298 0.0263977 0.969574 0.02706909 0.9693298 0.02777099 0.9714356 0.0263977 0.969574 0.02777099 0.9714356 0.02700799 0.971695 0.02700799 0.971695 0.02777099 0.9714356 0.02749627 0.9736481 0.02749627 0.9736481 0.02777099 0.9714356 0.0282135 0.9734039 0.02749627 0.9736481 0.0282135 0.9734039 0.02859497 0.9754944 0.02749627 0.9736481 0.02859497 0.9754944 0.02793884 0.9756317 0.02793884 0.9756317 0.02859497 0.9754944 0.028656 0.9776306 0.02793884 0.9756317 0.028656 0.9776306 0.02798455 0.9776917 0.02798455 0.9776917 0.028656 0.9776306 0.02859497 0.979828 0.02798455 0.9776917 0.02859497 0.979828 0.02792358 0.9798431 0.02792358 0.9798431 0.02859497 0.979828 0.0282287 0.9823151 0.02792358 0.9798431 0.0282287 0.9823151 0.02751153 0.9822235 0.02751153 0.9822235 0.0282287 0.9823151 0.02786248 0.9849014 0.02751153 0.9822235 0.02786248 0.9849014 0.0271759 0.9847107 0.0271759 0.9847107 0.02786248 0.9849014 0.0268554 0.9876709 0.0268554 0.9876709 0.02786248 0.9849014 0.0273742 0.9876405 0.13208 0.7016602 0.1486816 0.6828613 0.1405029 0.7058106 0.1405029 0.7058106 0.1486816 0.6828613 0.1457519 0.7116699 0.1405029 0.7058106 0.1457519 0.7116699 0.1290283 0.7248535 0.1405029 0.7058106 0.1290283 0.7248535 0.13208 0.7016602 0.13208 0.7016602 0.1290283 0.7248535 0.123413 0.7209473 0.13208 0.7016602 0.123413 0.7209473 0.1156616 0.7160645 0.1156616 0.7160645 0.123413 0.7209473 0.1048583 0.7297363 0.1156616 0.7160645 0.1048583 0.7297363 0.1090698 0.7119141 0.1156616 0.7160645 0.1090698 0.7119141 0.1262207 0.6987305 0.1262207 0.6987305 0.1090698 0.7119141 0.1193847 0.6943359 0.1262207 0.6987305 0.1193847 0.6943359 0.133789 0.6745606 0.1262207 0.6987305 0.133789 0.6745606 0.13208 0.7016602 0.1262207 0.6987305 0.13208 0.7016602 0.1156616 0.7160645 0.1457519 0.7116699 0.1348876 0.730957 0.1290283 0.7248535 0.1290283 0.7248535 0.1348876 0.730957 0.1220703 0.7451172 0.1290283 0.7248535 0.1220703 0.7451172 0.1159057 0.7399902 0.1159057 0.7399902 0.1220703 0.7451172 0.1013793 0.7492676 0.1159057 0.7399902 0.1013793 0.7492676 0.09753417 0.7448731 0.09753417 0.7448731 0.1013793 0.7492676 0.08978271 0.7553711 0.09753417 0.7448731 0.08978271 0.7553711 0.08752441 0.7518311 0.08752441 0.7518311 0.08978271 0.7553711 0.07879638 0.7572022 0.08752441 0.7518311 0.07879638 0.7572022 0.08477783 0.7485352 0.08752441 0.7518311 0.08477783 0.7485352 0.09753417 0.7448731 0.09753417 0.7448731 0.08477783 0.7485352 0.09399414 0.7402344 0.09753417 0.7448731 0.09399414 0.7402344 0.1048583 0.7297363 0.09753417 0.7448731 0.1048583 0.7297363 0.1102905 0.7346192 0.1102905 0.7346192 0.1048583 0.7297363 0.123413 0.7209473 0.1102905 0.7346192 0.123413 0.7209473 0.1290283 0.7248535 0.1102905 0.7346192 0.1290283 0.7248535 0.1159057 0.7399902 0.1102905 0.7346192 0.1159057 0.7399902 0.09753417 0.7448731 0.04003906 0.9839783 0.04071038 0.9839172 0.04034417 0.9842529 0.04034417 0.9842529 0.04071038 0.9839172 0.04067993 0.9846573 0.04034417 0.9842529 0.04067993 0.9846573 0.04040527 0.9850464 0.04040527 0.9850464 0.04067993 0.9846573 0.0407409 0.9854813 0.04040527 0.9850464 0.0407409 0.9854813 0.04040527 0.9859085 0.04040527 0.9859085 0.0407409 0.9854813 0.04110711 0.9858399 0.04040527 0.9859085 0.04110711 0.9858399 0.040802 0.9862442 0.040802 0.9862442 0.04110711 0.9858399 0.0412597 0.986496 0.040802 0.9862442 0.0412597 0.986496 0.04095453 0.9869385 0.040802 0.9862442 0.04095453 0.9869385 0.04052734 0.986702 0.04052734 0.986702 0.04095453 0.9869385 0.04031372 0.9870529 0.04052734 0.986702 0.04031372 0.9870529 0.04006958 0.9863892 0.04052734 0.986702 0.04006958 0.9863892 0.04040527 0.9859085 0.04052734 0.986702 0.04040527 0.9859085 0.040802 0.9862442</float_array>
          <technique_common>
            <accessor source="#ems060_01_003_LOD_1_001-mesh-map-0-array" count="13368" stride="2">
              <param name="S" type="float"/>
              <param name="T" type="float"/>
            </accessor>
          </technique_common>
        </source>
        <vertices id="ems060_01_003_LOD_1_001-mesh-vertices">
          <input semantic="POSITION" source="#ems060_01_003_LOD_1_001-mesh-positions"/>
        </vertices>
        <triangles material="ems060_01_Ch_EM106_Mt__head_core_001-material" count="4456">
          <input semantic="VERTEX" source="#ems060_01_003_LOD_1_001-mesh-vertices" offset="0"/>
          <input semantic="NORMAL" source="#ems060_01_003_LOD_1_001-mesh-normals" offset="1"/>
          <input semantic="TEXCOORD" source="#ems060_01_003_LOD_1_001-mesh-map-0" offset="2" set="0"/>
          <p>613 0 0 190 1 1 2176 2 2 2176 2 3 190 1 4 2177 3 5 1676 4 6 2130 5 7 1677 6 8 1677 6 9 2130 5 10 182 7 11 1677 6 12 182 7 13 162 8 14 162 8 15 182 7 16 181 9 17 162 8 18 181 9 19 1685 10 20 1685 10 21 181 9 22 1688 11 23 1685 10 24 1688 11 25 1691 12 26 1691 12 27 1688 11 28 1689 13 29 1691 12 30 1689 13 31 1693 14 32 1693 14 33 1689 13 34 186 15 35 1693 14 36 186 15 37 1694 16 38 1694 16 39 186 15 40 2174 17 41 1694 16 42 2174 17 43 2173 18 44 2173 18 45 2174 17 46 2172 19 47 2173 18 48 2172 19 49 195 20 50 195 20 51 2172 19 52 2177 3 53 2177 3 54 2172 19 55 2176 2 56 2176 2 57 2172 19 58 2175 21 59 2176 2 60 2175 21 61 613 0 62 613 0 63 2175 21 64 2222 22 65 613 0 66 2222 22 67 2223 23 68 2223 23 69 2222 22 70 2174 17 71 2174 17 72 2222 22 73 2175 21 74 2174 17 75 2175 21 76 2172 19 77 2174 17 78 186 15 79 2223 23 80 2223 23 81 186 15 82 187 24 83 187 24 84 186 15 85 1689 13 86 187 24 87 1689 13 88 1688 11 89 187 24 90 1688 11 91 181 9 92 187 24 93 181 9 94 179 25 95 179 25 96 181 9 97 182 7 98 179 25 99 182 7 100 610 26 101 610 26 102 182 7 103 611 27 104 610 26 105 611 27 106 609 28 107 609 28 108 611 27 109 608 29 110 608 29 111 611 27 112 604 30 113 608 29 114 604 30 115 603 31 116 608 29 117 603 31 118 602 32 119 602 32 120 603 31 121 601 33 122 602 32 123 601 33 124 616 34 125 602 32 126 616 34 127 609 28 128 602 32 129 609 28 130 608 29 131 1784 35 132 622 36 133 621 37 134 621 37 135 622 36 136 193 38 137 621 37 138 193 38 139 623 39 140 623 39 141 193 38 142 188 40 143 623 39 144 188 40 145 617 41 146 617 41 147 188 40 148 189 42 149 617 41 150 189 42 151 609 28 152 609 28 153 189 42 154 612 43 155 609 28 156 612 43 157 610 26 158 610 26 159 612 43 160 180 44 161 610 26 162 180 44 163 179 25 164 179 25 165 180 44 166 187 24 167 187 24 168 180 44 169 2223 23 170 2223 23 171 180 44 172 614 45 173 2223 23 174 614 45 175 613 0 176 613 0 177 614 45 178 612 43 179 612 43 180 614 45 181 180 44 182 193 38 183 190 1 184 188 40 185 188 40 186 190 1 187 189 42 188 189 42 189 190 1 190 613 0 191 189 42 192 613 0 193 612 43 194 609 28 195 616 34 196 617 41 197 617 41 198 616 34 199 623 39 200 623 39 201 616 34 202 620 46 203 623 39 204 620 46 205 621 37 206 621 37 207 620 46 208 619 47 209 621 37 210 619 47 211 1774 48 212 1774 48 213 619 47 214 1771 49 215 1774 48 216 1771 49 217 1776 50 218 1776 50 219 1771 49 220 1773 51 221 1776 50 222 1773 51 223 1835 52 224 1835 52 225 1773 51 226 1832 53 227 1835 52 228 1832 53 229 1834 54 230 1834 54 231 1832 53 232 1833 55 233 1834 54 234 1833 55 235 1836 56 236 1836 56 237 1833 55 238 1868 57 239 1868 57 240 1833 55 241 1869 58 242 1868 57 243 1869 58 244 1866 59 245 1866 59 246 1869 58 247 1831 60 248 1831 60 249 1869 58 250 1832 53 251 1832 53 252 1869 58 253 1833 55 254 1767 61 255 1768 62 256 1764 63 257 1764 63 258 1768 62 259 615 64 260 1764 63 261 615 64 262 601 33 263 601 33 264 615 64 265 616 34 266 616 34 267 615 64 268 1768 62 269 616 34 270 1768 62 271 620 46 272 620 46 273 1768 62 274 618 65 275 620 46 276 618 65 277 619 47 278 619 47 279 618 65 280 1771 49 281 1771 49 282 618 65 283 1769 66 284 1771 49 285 1769 66 286 1770 67 287 1770 67 288 1769 66 289 1829 68 290 1770 67 291 1829 68 292 1827 69 293 1827 69 294 1829 68 295 1828 70 296 1827 69 297 1828 70 298 1831 60 299 1831 60 300 1828 70 301 1870 71 302 1831 60 303 1870 71 304 1866 59 305 1866 59 306 1870 71 307 1824 72 308 1866 59 309 1824 72 310 1871 73 311 1871 73 312 1824 72 313 1823 74 314 1871 73 315 1823 74 316 1873 75 317 1873 75 318 1823 74 319 1822 76 320 1873 75 321 1822 76 322 1821 77 323 1821 77 324 1822 76 325 1819 78 326 1821 77 327 1819 78 328 325 79 329 1821 77 330 325 79 331 1873 75 332 1873 75 333 325 79 334 328 80 335 1873 75 336 328 80 337 1871 73 338 1871 73 339 328 80 340 1872 81 341 1871 73 342 1872 81 343 1866 59 344 1866 59 345 1872 81 346 1865 82 347 1866 59 348 1865 82 349 1868 57 350 1868 57 351 1865 82 352 1864 83 353 1864 83 354 1865 82 355 1872 81 356 1864 83 357 1872 81 358 1862 84 359 1862 84 360 1872 81 361 1874 85 362 1874 85 363 1872 81 364 328 80 365 1874 85 366 328 80 367 326 86 368 326 86 369 328 80 370 325 79 371 326 86 372 325 79 373 1818 87 374 1818 87 375 325 79 376 1819 78 377 1818 87 378 1819 78 379 1817 88 380 1817 88 381 1819 78 382 1745 89 383 1745 89 384 1819 78 385 1822 76 386 1745 89 387 1822 76 388 1820 90 389 1820 90 390 1822 76 391 1749 91 392 1820 90 393 1749 91 394 1748 92 395 1748 92 396 1749 91 397 1750 93 398 1748 92 399 1750 93 400 1751 94 401 1751 94 402 1750 93 403 1754 95 404 1751 94 405 1754 95 406 1753 96 407 1753 96 408 1754 95 409 1755 97 410 1753 96 411 1755 97 412 1756 98 413 1756 98 414 1755 97 415 1830 99 416 1756 98 417 1830 99 418 1757 100 419 1757 100 420 1830 99 421 1829 68 422 1829 68 423 1830 99 424 1828 70 425 1828 70 426 1830 99 427 1826 101 428 1828 70 429 1826 101 430 1870 71 431 1870 71 432 1826 101 433 1824 72 434 1824 72 435 1826 101 436 1825 102 437 1824 72 438 1825 102 439 1823 74 440 1823 74 441 1825 102 442 1822 76 443 1822 76 444 1825 102 445 1749 91 446 1749 91 447 1825 102 448 1750 93 449 1750 93 450 1825 102 451 1754 95 452 1754 95 453 1825 102 454 1755 97 455 1755 97 456 1825 102 457 1826 101 458 1755 97 459 1826 101 460 1830 99 461 580 103 462 280 104 463 578 105 464 578 105 465 280 104 466 576 106 467 578 105 468 576 106 469 577 107 470 577 107 471 576 106 472 1747 108 473 577 107 474 1747 108 475 1748 92 476 1748 92 477 1747 108 478 1746 109 479 1748 92 480 1746 109 481 1820 90 482 1820 90 483 1746 109 484 1745 89 485 1745 89 486 1746 109 487 1744 110 488 1745 89 489 1744 110 490 1817 88 491 1817 88 492 1744 110 493 1814 111 494 1817 88 495 1814 111 496 1816 112 497 1817 88 498 1816 112 499 1818 87 500 1818 87 501 1816 112 502 1858 113 503 1818 87 504 1858 113 505 327 114 506 1818 87 507 327 114 508 326 86 509 326 86 510 327 114 511 1860 115 512 326 86 513 1860 115 514 1874 85 515 1874 85 516 1860 115 517 1859 116 518 1874 85 519 1859 116 520 1862 84 521 1862 84 522 1859 116 523 1864 83 524 1864 83 525 1859 116 526 1861 117 527 1864 83 528 1861 117 529 176 118 530 176 118 531 1861 117 532 175 119 533 176 118 534 175 119 535 1880 120 536 1880 120 537 175 119 538 1881 121 539 1880 120 540 1881 121 541 1876 122 542 1876 122 543 1881 121 544 1852 123 545 1876 122 546 1852 123 547 1851 124 548 1851 124 549 1852 123 550 1854 125 551 1851 124 552 1854 125 553 1805 126 554 1851 124 555 1805 126 556 1850 127 557 1850 127 558 1805 126 559 1803 128 560 1803 128 561 1805 126 562 1804 129 563 1804 129 564 1805 126 565 1806 130 566 1806 130 567 1805 126 568 1854 125 569 1806 130 570 1854 125 571 1808 131 572 1808 131 573 1854 125 574 1853 132 575 1808 131 576 1853 132 577 1809 133 578 1809 133 579 1853 132 580 1857 134 581 1809 133 582 1857 134 583 1813 135 584 1813 135 585 1857 134 586 1815 136 587 1813 135 588 1815 136 589 1814 111 590 1814 111 591 1815 136 592 1816 112 593 1816 112 594 1815 136 595 1858 113 596 1858 113 597 1815 136 598 1857 134 599 1858 113 600 1857 134 601 1853 132 602 1858 113 603 1853 132 604 1856 137 605 1858 113 606 1856 137 607 1860 115 608 1858 113 609 1860 115 610 327 114 611 1860 115 612 1856 137 613 1859 116 614 1859 116 615 1856 137 616 1855 138 617 1855 138 618 1856 137 619 1853 132 620 1855 138 621 1853 132 622 1875 139 623 1875 139 624 1853 132 625 1854 125 626 1875 139 627 1854 125 628 178 140 629 178 140 630 1854 125 631 1852 123 632 178 140 633 1852 123 634 1881 121 635 178 140 636 1881 121 637 175 119 638 178 140 639 175 119 640 177 141 641 177 141 642 175 119 643 1861 117 644 177 141 645 1861 117 646 1859 116 647 177 141 648 1859 116 649 1855 138 650 177 141 651 1855 138 652 178 140 653 178 140 654 1855 138 655 1875 139 656 1886 142 657 1887 143 658 1888 144 659 1888 144 660 1887 143 661 331 145 662 1888 144 663 331 145 664 1811 146 665 1811 146 666 331 145 667 1810 147 668 1810 147 669 331 145 670 1807 148 671 1810 147 672 1807 148 673 1804 129 674 1810 147 675 1804 129 676 1806 130 677 1810 147 678 1806 130 679 1808 131 680 1810 147 681 1808 131 682 1809 133 683 1810 147 684 1809 133 685 1813 135 686 1810 147 687 1813 135 688 1811 146 689 1811 146 690 1813 135 691 1888 144 692 1888 144 693 1813 135 694 1812 149 695 1888 144 696 1812 149 697 1889 150 698 1889 150 699 1812 149 700 1814 111 701 1814 111 702 1812 149 703 1813 135 704 312 151 705 1735 152 706 574 153 707 574 153 708 1735 152 709 1738 154 710 1738 154 711 1735 152 712 1739 155 713 1738 154 714 1739 155 715 1889 150 716 1889 150 717 1739 155 718 1888 144 719 1888 144 720 1739 155 721 1886 142 722 1886 142 723 1739 155 724 1735 152 725 312 151 726 574 153 727 313 156 728 313 156 729 574 153 730 1932 157 731 313 156 732 1932 157 733 570 158 734 313 156 735 570 158 736 569 159 737 569 159 738 570 158 739 567 160 740 569 159 741 567 160 742 566 161 743 566 161 744 567 160 745 564 162 746 564 162 747 567 160 748 568 163 749 564 162 750 568 163 751 562 164 752 562 164 753 568 163 754 559 165 755 559 165 756 568 163 757 282 166 758 282 166 759 568 163 760 567 160 761 282 166 762 567 160 763 572 167 764 572 167 765 567 160 766 571 168 767 571 168 768 567 160 769 570 158 770 571 168 771 570 158 772 573 169 773 573 169 774 570 158 775 1932 157 776 573 169 777 1932 157 778 574 153 779 573 169 780 574 153 781 1740 170 782 1740 170 783 574 153 784 1738 154 785 1740 170 786 1738 154 787 1741 171 788 1741 171 789 1738 154 790 1889 150 791 1741 171 792 1889 150 793 1742 172 794 1742 172 795 1889 150 796 1814 111 797 1742 172 798 1814 111 799 1744 110 800 1742 172 801 1744 110 802 1743 173 803 1743 173 804 1744 110 805 1746 109 806 1743 173 807 1746 109 808 1747 108 809 1743 173 810 1747 108 811 575 174 812 575 174 813 1747 108 814 576 106 815 575 174 816 576 106 817 573 169 818 573 169 819 576 106 820 280 104 821 573 169 822 1740 170 823 575 174 824 575 174 825 1740 170 826 1741 171 827 575 174 828 1741 171 829 1743 173 830 1743 173 831 1741 171 832 1742 172 833 277 175 834 2135 176 835 1931 177 836 1931 177 837 2135 176 838 549 178 839 1931 177 840 549 178 841 550 179 842 550 179 843 549 178 844 319 180 845 550 179 846 319 180 847 282 166 848 550 179 849 282 166 850 281 181 851 281 181 852 282 166 853 572 167 854 281 181 855 572 167 856 283 182 857 283 182 858 572 167 859 571 168 860 283 182 861 571 168 862 280 104 863 283 182 864 280 104 865 281 181 866 281 181 867 280 104 868 580 103 869 281 181 870 580 103 871 550 179 872 550 179 873 580 103 874 1931 177 875 1931 177 876 580 103 877 579 183 878 579 183 879 580 103 880 578 105 881 579 183 882 578 105 883 582 184 884 582 184 885 578 105 886 1752 185 887 582 184 888 1752 185 889 584 186 890 584 186 891 1752 185 892 1751 94 893 584 186 894 1751 94 895 588 187 896 588 187 897 1751 94 898 1753 96 899 588 187 900 1753 96 901 1758 188 902 1758 188 903 1753 96 904 1756 98 905 1758 188 906 1756 98 907 1759 189 908 1759 189 909 1756 98 910 1757 100 911 1759 189 912 1757 100 913 1892 190 914 1892 190 915 1757 100 916 1829 68 917 1892 190 918 1829 68 919 1769 66 920 1892 190 921 1769 66 922 1767 61 923 1767 61 924 1769 66 925 618 65 926 1767 61 927 618 65 928 1768 62 929 582 184 930 584 186 931 587 191 932 587 191 933 584 186 934 588 187 935 587 191 936 588 187 937 589 192 938 589 192 939 588 187 940 1758 188 941 589 192 942 1758 188 943 591 193 944 591 193 945 1758 188 946 1759 189 947 591 193 948 1759 189 949 1763 194 950 591 193 951 1763 194 952 592 195 953 591 193 954 592 195 955 589 192 956 589 192 957 592 195 958 174 196 959 589 192 960 174 196 961 587 191 962 587 191 963 174 196 964 585 197 965 587 191 966 585 197 967 582 184 968 1760 198 969 1763 194 970 1759 189 971 1760 198 972 1759 189 973 1766 199 974 1766 199 975 1759 189 976 1892 190 977 1766 199 978 1892 190 979 1767 61 980 1766 199 981 1767 61 982 1760 198 983 1760 198 984 1767 61 985 1764 63 986 1760 198 987 1764 63 988 1765 200 989 1765 200 990 1764 63 991 601 33 992 1765 200 993 601 33 994 599 201 995 599 201 996 601 33 997 603 31 998 599 201 999 603 31 1000 605 202 1001 605 202 1002 603 31 1003 604 30 1004 605 202 1005 604 30 1006 2178 203 1007 2178 203 1008 604 30 1009 607 204 1010 2178 203 1011 607 204 1012 163 205 1013 163 205 1014 607 204 1015 161 206 1016 161 206 1017 607 204 1018 604 30 1019 161 206 1020 604 30 1021 606 207 1022 606 207 1023 604 30 1024 611 27 1025 606 207 1026 611 27 1027 182 7 1028 606 207 1029 182 7 1030 161 206 1031 161 206 1032 182 7 1033 2130 5 1034 161 206 1035 2130 5 1036 1679 208 1037 1679 208 1038 2130 5 1039 1676 4 1040 1679 208 1041 1676 4 1042 1683 209 1043 1683 209 1044 1676 4 1045 1680 210 1046 1683 209 1047 1680 210 1048 1682 211 1049 1682 211 1050 1680 210 1051 1681 212 1052 1682 211 1053 1681 212 1054 42 213 1055 42 213 1056 1681 212 1057 44 214 1058 42 213 1059 44 214 1060 1654 215 1061 42 213 1062 1654 215 1063 2208 216 1064 40 217 1065 1930 218 1066 43 219 1067 43 219 1068 1930 218 1069 1904 220 1070 43 219 1071 1904 220 1072 41 221 1073 41 221 1074 1904 220 1075 2131 222 1076 41 221 1077 2131 222 1078 334 223 1079 334 223 1080 2131 222 1081 167 224 1082 334 223 1083 167 224 1084 333 225 1085 333 225 1086 167 224 1087 2178 203 1088 333 225 1089 2178 203 1090 163 205 1091 333 225 1092 163 205 1093 334 223 1094 334 223 1095 163 205 1096 164 226 1097 164 226 1098 163 205 1099 161 206 1100 164 226 1101 161 206 1102 1679 208 1103 164 226 1104 1679 208 1105 334 223 1106 334 223 1107 1679 208 1108 1683 209 1109 334 223 1110 1683 209 1111 41 221 1112 41 221 1113 1683 209 1114 1682 211 1115 41 221 1116 1682 211 1117 43 219 1118 43 219 1119 1682 211 1120 42 213 1121 43 219 1122 42 213 1123 2208 216 1124 43 219 1125 2208 216 1126 2198 227 1127 2198 227 1128 2208 216 1129 1660 228 1130 2198 227 1131 1660 228 1132 93 229 1133 93 229 1134 1660 228 1135 92 230 1136 92 230 1137 1660 228 1138 1661 231 1139 92 230 1140 1661 231 1141 84 232 1142 84 232 1143 1661 231 1144 2146 233 1145 84 232 1146 2146 233 1147 2143 234 1148 2143 234 1149 2146 233 1150 2144 235 1151 2143 234 1152 2144 235 1153 273 236 1154 273 236 1155 2144 235 1156 272 237 1157 272 237 1158 2144 235 1159 271 238 1160 2208 216 1161 1654 215 1162 1660 228 1163 1660 228 1164 1654 215 1165 1657 239 1166 1660 228 1167 1657 239 1168 1658 240 1169 1660 228 1170 1658 240 1171 1661 231 1172 1661 231 1173 1658 240 1174 2146 233 1175 2146 233 1176 1658 240 1177 270 241 1178 2146 233 1179 270 241 1180 2144 235 1181 2144 235 1182 270 241 1183 1642 242 1184 2144 235 1185 1642 242 1186 1641 243 1187 2144 235 1188 1641 243 1189 271 238 1190 271 238 1191 1641 243 1192 1640 244 1193 271 238 1194 1640 244 1195 2147 245 1196 271 238 1197 2147 245 1198 272 237 1199 272 237 1200 2147 245 1201 2150 246 1202 272 237 1203 2150 246 1204 273 236 1205 273 236 1206 2150 246 1207 2145 247 1208 2145 247 1209 2150 246 1210 533 248 1211 2145 247 1212 533 248 1213 2149 249 1214 2149 249 1215 533 248 1216 532 250 1217 2149 249 1218 532 250 1219 536 251 1220 536 251 1221 532 250 1222 535 252 1223 535 252 1224 532 250 1225 534 253 1226 535 252 1227 534 253 1228 8 254 1229 535 252 1230 8 254 1231 10 255 1232 10 255 1233 8 254 1234 1936 256 1235 1936 256 1236 8 254 1237 9 257 1238 1936 256 1239 9 257 1240 1933 258 1241 1933 258 1242 9 257 1243 1934 259 1244 1933 258 1245 1934 259 1246 336 260 1247 1933 258 1248 336 260 1249 1935 261 1250 1935 261 1251 336 260 1252 397 262 1253 397 262 1254 336 260 1255 398 263 1256 536 251 1257 535 252 1258 539 264 1259 539 264 1260 535 252 1261 10 255 1262 539 264 1263 10 255 1264 538 265 1265 539 264 1266 538 265 1267 321 266 1268 321 266 1269 538 265 1270 547 267 1271 547 267 1272 538 265 1273 541 268 1274 547 267 1275 541 268 1276 544 269 1277 544 269 1278 541 268 1279 542 270 1280 544 269 1281 542 270 1282 543 271 1283 543 271 1284 542 270 1285 1933 258 1286 1933 258 1287 542 270 1288 541 268 1289 1933 258 1290 541 268 1291 1936 256 1292 1936 256 1293 541 268 1294 538 265 1295 1936 256 1296 538 265 1297 10 255 1298 1933 258 1299 1935 261 1300 543 271 1301 543 271 1302 1935 261 1303 675 272 1304 675 272 1305 1935 261 1306 397 262 1307 675 272 1308 397 262 1309 680 273 1310 675 272 1311 680 273 1312 672 274 1313 672 274 1314 680 273 1315 679 275 1316 679 275 1317 680 273 1318 681 276 1319 679 275 1320 681 276 1321 709 277 1322 679 275 1323 709 277 1324 677 278 1325 677 278 1326 709 277 1327 682 279 1328 677 278 1329 682 279 1330 684 280 1331 677 278 1332 684 280 1333 683 281 1334 677 278 1335 683 281 1336 678 282 1337 677 278 1338 678 282 1339 679 275 1340 679 275 1341 678 282 1342 671 283 1343 679 275 1344 671 283 1345 674 284 1346 679 275 1347 674 284 1348 672 274 1349 672 274 1350 674 284 1351 675 272 1352 675 272 1353 674 284 1354 676 285 1355 676 285 1356 674 284 1357 551 286 1358 676 285 1359 551 286 1360 546 287 1361 676 285 1362 546 287 1363 545 288 1364 545 288 1365 546 287 1366 544 269 1367 545 288 1368 544 269 1369 543 271 1370 545 288 1371 543 271 1372 675 272 1373 545 288 1374 675 272 1375 676 285 1376 536 251 1377 539 264 1378 324 289 1379 536 251 1380 324 289 1381 2133 290 1382 2133 290 1383 324 289 1384 323 291 1385 323 291 1386 324 289 1387 537 292 1388 537 292 1389 324 289 1390 539 264 1391 537 292 1392 539 264 1393 540 293 1394 540 293 1395 539 264 1396 321 266 1397 540 293 1398 321 266 1399 320 294 1400 320 294 1401 321 266 1402 547 267 1403 320 294 1404 547 267 1405 322 295 1406 322 295 1407 547 267 1408 544 269 1409 322 295 1410 544 269 1411 548 296 1412 548 296 1413 544 269 1414 546 287 1415 548 296 1416 546 287 1417 553 297 1418 553 297 1419 546 287 1420 551 286 1421 553 297 1422 551 286 1423 552 298 1424 553 297 1425 552 298 1426 554 299 1427 554 299 1428 552 298 1429 556 300 1430 554 299 1431 556 300 1432 560 301 1433 560 301 1434 556 300 1435 557 302 1436 557 302 1437 556 300 1438 558 303 1439 557 302 1440 558 303 1441 317 304 1442 557 302 1443 317 304 1444 561 305 1445 561 305 1446 317 304 1447 656 306 1448 561 305 1449 656 306 1450 563 307 1451 561 305 1452 563 307 1453 562 164 1454 561 305 1455 562 164 1456 559 165 1457 561 305 1458 559 165 1459 557 302 1460 557 302 1461 559 165 1462 560 301 1463 560 301 1464 559 165 1465 282 166 1466 560 301 1467 282 166 1468 554 299 1469 554 299 1470 282 166 1471 319 180 1472 551 286 1473 673 308 1474 552 298 1475 552 298 1476 673 308 1477 555 309 1478 552 298 1479 555 309 1480 556 300 1481 556 300 1482 555 309 1483 669 310 1484 556 300 1485 669 310 1486 668 311 1487 556 300 1488 668 311 1489 558 303 1490 558 303 1491 668 311 1492 664 312 1493 558 303 1494 664 312 1495 318 313 1496 318 313 1497 664 312 1498 661 314 1499 318 313 1500 661 314 1501 658 315 1502 318 313 1503 658 315 1504 316 316 1505 316 316 1506 658 315 1507 657 317 1508 316 316 1509 657 317 1510 656 306 1511 316 316 1512 656 306 1513 317 304 1514 316 316 1515 317 304 1516 558 303 1517 316 316 1518 558 303 1519 318 313 1520 551 286 1521 674 284 1522 673 308 1523 673 308 1524 674 284 1525 670 318 1526 673 308 1527 670 318 1528 555 309 1529 555 309 1530 670 318 1531 669 310 1532 669 310 1533 670 318 1534 665 319 1535 669 310 1536 665 319 1537 668 311 1538 668 311 1539 665 319 1540 664 312 1541 664 312 1542 665 319 1543 661 314 1544 661 314 1545 665 319 1546 667 320 1547 667 320 1548 665 319 1549 688 321 1550 688 321 1551 665 319 1552 666 322 1553 688 321 1554 666 322 1555 683 281 1556 683 281 1557 666 322 1558 678 282 1559 678 282 1560 666 322 1561 670 318 1562 670 318 1563 666 322 1564 665 319 1565 678 282 1566 670 318 1567 671 283 1568 671 283 1569 670 318 1570 674 284 1571 554 299 1572 319 180 1573 553 297 1574 553 297 1575 319 180 1576 549 178 1577 553 297 1578 549 178 1579 548 296 1580 548 296 1581 549 178 1582 2135 176 1583 548 296 1584 2135 176 1585 322 295 1586 322 295 1587 2135 176 1588 277 175 1589 322 295 1590 277 175 1591 320 294 1592 320 294 1593 277 175 1594 1915 323 1595 320 294 1596 1915 323 1597 1923 324 1598 1923 324 1599 1915 323 1600 1913 325 1601 1923 324 1602 1913 325 1603 1918 326 1604 1918 326 1605 1913 325 1606 1920 327 1607 1918 326 1608 1920 327 1609 1917 328 1610 1917 328 1611 1920 327 1612 1922 329 1613 1917 328 1614 1922 329 1615 1927 330 1616 1927 330 1617 1922 329 1618 83 331 1619 1927 330 1620 83 331 1621 38 332 1622 38 332 1623 83 331 1624 82 333 1625 82 333 1626 83 331 1627 1922 329 1628 82 333 1629 1922 329 1630 1921 334 1631 1921 334 1632 1922 329 1633 1920 327 1634 1921 334 1635 1920 327 1636 1908 335 1637 1908 335 1638 1920 327 1639 1919 336 1640 1908 335 1641 1919 336 1642 1907 337 1643 1907 337 1644 1919 336 1645 1909 338 1646 1907 337 1647 1909 338 1648 1912 339 1649 1912 339 1650 1909 338 1651 593 340 1652 1912 339 1653 593 340 1654 594 341 1655 594 341 1656 593 340 1657 592 195 1658 594 341 1659 592 195 1660 1762 342 1661 1762 342 1662 592 195 1663 1763 194 1664 1762 342 1665 1763 194 1666 1760 198 1667 1918 326 1668 1926 343 1669 1923 324 1670 1923 324 1671 1926 343 1672 1925 344 1673 1923 324 1674 1925 344 1675 320 294 1676 320 294 1677 1925 344 1678 540 293 1679 540 293 1680 1925 344 1681 1924 345 1682 540 293 1683 1924 345 1684 537 292 1685 537 292 1686 1924 345 1687 323 291 1688 323 291 1689 1924 345 1690 2132 346 1691 323 291 1692 2132 346 1693 2133 290 1694 2133 290 1695 2132 346 1696 2134 347 1697 2134 347 1698 2132 346 1699 1928 348 1700 2134 347 1701 1928 348 1702 86 349 1703 86 349 1704 1928 348 1705 1927 330 1706 1927 330 1707 1928 348 1708 1926 343 1709 1927 330 1710 1926 343 1711 1917 328 1712 1917 328 1713 1926 343 1714 1918 326 1715 1928 348 1716 2132 346 1717 1926 343 1718 1926 343 1719 2132 346 1720 1924 345 1721 1926 343 1722 1924 345 1723 1925 344 1724 1927 330 1725 38 332 1726 85 350 1727 85 350 1728 38 332 1729 93 229 1730 85 350 1731 93 229 1732 92 230 1733 85 350 1734 92 230 1735 84 232 1736 85 350 1737 84 232 1738 1927 330 1739 1927 330 1740 84 232 1741 2143 234 1742 1927 330 1743 2143 234 1744 86 349 1745 86 349 1746 2143 234 1747 273 236 1748 86 349 1749 273 236 1750 2134 347 1751 2134 347 1752 273 236 1753 2145 247 1754 2134 347 1755 2145 247 1756 2133 290 1757 2133 290 1758 2145 247 1759 2149 249 1760 2133 290 1761 2149 249 1762 536 251 1763 1908 335 1764 1907 337 1765 1929 351 1766 1929 351 1767 1907 337 1768 1902 352 1769 1902 352 1770 1907 337 1771 1912 339 1772 1902 352 1773 1912 339 1774 595 353 1775 595 353 1776 1912 339 1777 594 341 1778 595 353 1779 594 341 1780 596 354 1781 595 353 1782 596 354 1783 1902 352 1784 1902 352 1785 596 354 1786 598 355 1787 1902 352 1788 598 355 1789 1905 356 1790 1905 356 1791 598 355 1792 169 357 1793 169 357 1794 598 355 1795 596 354 1796 169 357 1797 596 354 1798 597 358 1799 597 358 1800 596 354 1801 599 201 1802 597 358 1803 599 201 1804 605 202 1805 597 358 1806 605 202 1807 169 357 1808 169 357 1809 605 202 1810 2178 203 1811 169 357 1812 2178 203 1813 166 359 1814 166 359 1815 2178 203 1816 167 224 1817 166 359 1818 167 224 1819 165 360 1820 166 359 1821 165 360 1822 169 357 1823 169 357 1824 165 360 1825 1906 361 1826 169 357 1827 1906 361 1828 1905 356 1829 1905 356 1830 1906 361 1831 2131 222 1832 1905 356 1833 2131 222 1834 1904 220 1835 1905 356 1836 1904 220 1837 1930 218 1838 1905 356 1839 1930 218 1840 1903 362 1841 1903 362 1842 1930 218 1843 1929 351 1844 1903 362 1845 1929 351 1846 1902 352 1847 1903 362 1848 1902 352 1849 1905 356 1850 165 360 1851 167 224 1852 168 363 1853 168 363 1854 167 224 1855 2131 222 1856 168 363 1857 2131 222 1858 1906 361 1859 168 363 1860 1906 361 1861 165 360 1862 1760 198 1863 1765 200 1864 1761 364 1865 1761 364 1866 1765 200 1867 599 201 1868 1761 364 1869 599 201 1870 600 365 1871 600 365 1872 599 201 1873 596 354 1874 600 365 1875 596 354 1876 594 341 1877 600 365 1878 594 341 1879 1761 364 1880 1761 364 1881 594 341 1882 1762 342 1883 1761 364 1884 1762 342 1885 1760 198 1886 1930 218 1887 40 217 1888 1929 351 1889 1929 351 1890 40 217 1891 1908 335 1892 1908 335 1893 40 217 1894 1921 334 1895 1921 334 1896 40 217 1897 82 333 1898 82 333 1899 40 217 1900 39 366 1901 82 333 1902 39 366 1903 38 332 1904 38 332 1905 39 366 1906 43 219 1907 43 219 1908 39 366 1909 40 217 1910 43 219 1911 2198 227 1912 38 332 1913 38 332 1914 2198 227 1915 93 229 1916 1842 367 1917 1840 368 1918 1843 369 1919 1879 370 1920 1841 371 1921 1867 372 1922 1867 372 1923 1841 371 1924 1837 373 1925 1837 373 1926 1841 371 1927 1838 374 1928 1838 374 1929 1841 371 1930 1840 368 1931 1838 374 1932 1840 368 1933 1842 367 1934 1838 374 1935 1842 367 1936 383 375 1937 1835 52 1938 1834 54 1939 1775 376 1940 1775 376 1941 1834 54 1942 1839 377 1943 1775 376 1944 1839 377 1945 1777 378 1946 1777 378 1947 1839 377 1948 1891 379 1949 1777 378 1950 1891 379 1951 1780 380 1952 1780 380 1953 1891 379 1954 1890 381 1955 1890 381 1956 1891 379 1957 382 382 1958 382 382 1959 1891 379 1960 383 375 1961 383 375 1962 1891 379 1963 1839 377 1964 383 375 1965 1839 377 1966 1838 374 1967 1838 374 1968 1839 377 1969 1834 54 1970 1838 374 1971 1834 54 1972 1837 373 1973 1837 373 1974 1834 54 1975 1836 56 1976 1837 373 1977 1836 56 1978 1867 372 1979 1867 372 1980 1836 56 1981 1868 57 1982 1867 372 1983 1868 57 1984 1863 383 1985 1863 383 1986 1868 57 1987 1864 83 1988 1863 383 1989 1864 83 1990 176 118 1991 1863 383 1992 176 118 1993 1867 372 1994 1867 372 1995 176 118 1996 1880 120 1997 1867 372 1998 1880 120 1999 1879 370 2000 1879 370 2001 1880 120 2002 1876 122 2003 1879 370 2004 1876 122 2005 1878 384 2006 1878 384 2007 1876 122 2008 1877 385 2009 1877 385 2010 1876 122 2011 1851 124 2012 1877 385 2013 1851 124 2014 1850 127 2015 1877 385 2016 1850 127 2017 1846 386 2018 1877 385 2019 1846 386 2020 1843 369 2021 1877 385 2022 1843 369 2023 1878 384 2024 1878 384 2025 1843 369 2026 1840 368 2027 1878 384 2028 1840 368 2029 1879 370 2030 1879 370 2031 1840 368 2032 1841 371 2033 1835 52 2034 1775 376 2035 1776 50 2036 1776 50 2037 1775 376 2038 1777 378 2039 1776 50 2040 1777 378 2041 1779 387 2042 1779 387 2043 1777 378 2044 1780 380 2045 1779 387 2046 1780 380 2047 1781 388 2048 1779 387 2049 1781 388 2050 1784 35 2051 1779 387 2052 1784 35 2053 1778 389 2054 1778 389 2055 1784 35 2056 621 37 2057 1778 389 2058 621 37 2059 1774 48 2060 1778 389 2061 1774 48 2062 1776 50 2063 1778 389 2064 1776 50 2065 1779 387 2066 2211 390 2067 50 391 2068 2212 392 2069 48 393 2070 2211 390 2071 2212 392 2072 48 393 2073 2212 392 2074 2214 394 2075 2214 394 2076 2212 392 2077 419 395 2078 419 395 2079 2212 392 2080 420 396 2081 419 395 2082 420 396 2083 416 397 2084 416 397 2085 420 396 2086 352 398 2087 416 397 2088 352 398 2089 415 399 2090 415 399 2091 352 398 2092 351 400 2093 351 400 2094 352 398 2095 79 401 2096 351 400 2097 79 401 2098 96 402 2099 351 400 2100 96 402 2101 94 403 2102 351 400 2103 94 403 2104 95 404 2105 351 400 2106 95 404 2107 413 405 2108 351 400 2109 413 405 2110 415 399 2111 415 399 2112 413 405 2113 414 406 2114 414 406 2115 413 405 2116 412 407 2117 414 406 2118 412 407 2119 68 408 2120 68 408 2121 412 407 2122 425 409 2123 68 408 2124 425 409 2125 431 410 2126 68 408 2127 431 410 2128 430 411 2129 430 411 2130 431 410 2131 428 412 2132 430 411 2133 428 412 2134 429 413 2135 429 413 2136 428 412 2137 2089 414 2138 2089 414 2139 428 412 2140 2087 415 2141 2089 414 2142 2087 415 2143 2086 416 2144 2086 416 2145 2087 415 2146 2091 417 2147 2086 416 2148 2091 417 2149 2085 418 2150 2085 418 2151 2091 417 2152 2084 419 2153 2085 418 2154 2084 419 2155 160 420 2156 2085 418 2157 160 420 2158 2082 421 2159 2082 421 2160 160 420 2161 2202 422 2162 2202 422 2163 160 420 2164 2181 423 2165 415 399 2166 414 406 2167 417 424 2168 415 399 2169 417 424 2170 416 397 2171 416 397 2172 417 424 2173 418 425 2174 416 397 2175 418 425 2176 419 395 2177 419 395 2178 418 425 2179 2214 394 2180 2214 394 2181 418 425 2182 2213 426 2183 2214 394 2184 2213 426 2185 48 393 2186 48 393 2187 2213 426 2188 2124 427 2189 48 393 2190 2124 427 2191 344 428 2192 344 428 2193 2124 427 2194 2125 429 2195 2125 429 2196 2124 427 2197 2128 430 2198 2128 430 2199 2124 427 2200 2123 431 2201 2128 430 2202 2123 431 2203 2126 432 2204 2126 432 2205 2123 431 2206 417 424 2207 2126 432 2208 417 424 2209 68 408 2210 68 408 2211 417 424 2212 414 406 2213 417 424 2214 2123 431 2215 418 425 2216 418 425 2217 2123 431 2218 2124 427 2219 418 425 2220 2124 427 2221 2213 426 2222 429 413 2223 433 433 2224 430 411 2225 430 411 2226 433 433 2227 69 434 2228 430 411 2229 69 434 2230 68 408 2231 68 408 2232 69 434 2233 2127 435 2234 68 408 2235 2127 435 2236 2126 432 2237 2126 432 2238 2127 435 2239 2128 430 2240 2128 430 2241 2127 435 2242 247 436 2243 247 436 2244 2127 435 2245 69 434 2246 247 436 2247 69 434 2248 433 433 2249 2122 437 2250 50 391 2251 49 438 2252 49 438 2253 50 391 2254 2211 390 2255 49 438 2256 2211 390 2257 2120 439 2258 2120 439 2259 2211 390 2260 2118 440 2261 2118 440 2262 2211 390 2263 48 393 2264 2118 440 2265 48 393 2266 343 441 2267 343 441 2268 48 393 2269 344 428 2270 343 441 2271 344 428 2272 12 442 2273 12 442 2274 344 428 2275 2125 429 2276 12 442 2277 2125 429 2278 13 443 2279 13 443 2280 2125 429 2281 2128 430 2282 13 443 2283 2128 430 2284 2152 444 2285 2152 444 2286 2128 430 2287 247 436 2288 2152 444 2289 247 436 2290 248 445 2291 248 445 2292 247 436 2293 433 433 2294 248 445 2295 433 433 2296 436 446 2297 436 446 2298 433 433 2299 432 447 2300 436 446 2301 432 447 2302 434 448 2303 434 448 2304 432 447 2305 2090 449 2306 434 448 2307 2090 449 2308 437 450 2309 437 450 2310 2090 449 2311 2074 451 2312 437 450 2313 2074 451 2314 2066 452 2315 2066 452 2316 2074 451 2317 2073 453 2318 2066 452 2319 2073 453 2320 2068 454 2321 2068 454 2322 2073 453 2323 2067 455 2324 2068 454 2325 2067 455 2326 2069 456 2327 2069 456 2328 2067 455 2329 2193 457 2330 2069 456 2331 2193 457 2332 73 458 2333 73 458 2334 2193 457 2335 74 459 2336 73 458 2337 74 459 2338 2190 460 2339 2190 460 2340 74 459 2341 60 461 2342 2190 460 2343 60 461 2344 2189 462 2345 437 450 2346 2066 452 2347 2065 463 2348 2065 463 2349 2066 452 2350 2068 454 2351 2065 463 2352 2068 454 2353 2070 464 2354 2070 464 2355 2068 454 2356 2069 456 2357 2070 464 2358 2069 456 2359 73 458 2360 2070 464 2361 73 458 2362 77 465 2363 77 465 2364 73 458 2365 2190 460 2366 77 465 2367 2190 460 2368 2189 462 2369 77 465 2370 2189 462 2371 2188 466 2372 77 465 2373 2188 466 2374 75 467 2375 77 465 2376 75 467 2377 2070 464 2378 2070 464 2379 75 467 2380 76 468 2381 2070 464 2382 76 468 2383 2065 463 2384 2090 449 2385 2083 469 2386 2074 451 2387 2074 451 2388 2083 469 2389 2077 470 2390 2077 470 2391 2083 469 2392 2086 416 2393 2077 470 2394 2086 416 2395 2085 418 2396 2077 470 2397 2085 418 2398 2082 421 2399 2077 470 2400 2082 421 2401 36 471 2402 36 471 2403 2082 421 2404 2202 422 2405 36 471 2406 2202 422 2407 2080 472 2408 36 471 2409 2080 472 2410 2076 473 2411 2076 473 2412 2080 472 2413 2078 474 2414 2076 473 2415 2078 474 2416 2079 475 2417 2076 473 2418 2079 475 2419 2071 476 2420 2071 476 2421 2079 475 2422 152 477 2423 2071 476 2424 152 477 2425 2072 478 2426 2072 478 2427 152 477 2428 2193 457 2429 2072 478 2430 2193 457 2431 2067 455 2432 2072 478 2433 2067 455 2434 2071 476 2435 2071 476 2436 2067 455 2437 2073 453 2438 2071 476 2439 2073 453 2440 2076 473 2441 2076 473 2442 2073 453 2443 2075 479 2444 2075 479 2445 2073 453 2446 2074 451 2447 2075 479 2448 2074 451 2449 2077 470 2450 2075 479 2451 2077 470 2452 2076 473 2453 2076 473 2454 2077 470 2455 36 471 2456 60 461 2457 2185 480 2458 2189 462 2459 2189 462 2460 2185 480 2461 2183 481 2462 2183 481 2463 2185 480 2464 2186 482 2465 2186 482 2466 2185 480 2467 60 461 2468 2186 482 2469 60 461 2470 61 483 2471 61 483 2472 60 461 2473 74 459 2474 61 483 2475 74 459 2476 154 484 2477 154 484 2478 74 459 2479 2193 457 2480 154 484 2481 2193 457 2482 152 477 2483 154 484 2484 152 477 2485 153 485 2486 153 485 2487 152 477 2488 2218 486 2489 153 485 2490 2218 486 2491 155 487 2492 155 487 2493 2218 486 2494 242 488 2495 155 487 2496 242 488 2497 975 489 2498 975 489 2499 242 488 2500 151 490 2501 975 489 2502 151 490 2503 974 491 2504 974 491 2505 151 490 2506 2166 492 2507 2166 492 2508 151 490 2509 242 488 2510 2166 492 2511 242 488 2512 241 493 2513 241 493 2514 242 488 2515 240 494 2516 241 493 2517 240 494 2518 2164 495 2519 241 493 2520 2164 495 2521 2166 492 2522 2166 492 2523 2164 495 2524 2165 496 2525 2166 492 2526 2165 496 2527 969 497 2528 2166 492 2529 969 497 2530 974 491 2531 974 491 2532 969 497 2533 970 498 2534 974 491 2535 970 498 2536 975 489 2537 975 489 2538 970 498 2539 973 499 2540 975 489 2541 973 499 2542 2182 500 2543 2182 500 2544 973 499 2545 968 501 2546 2182 500 2547 968 501 2548 2156 502 2549 2156 502 2550 968 501 2551 157 503 2552 61 483 2553 154 484 2554 2186 482 2555 2186 482 2556 154 484 2557 153 485 2558 2186 482 2559 153 485 2560 2187 504 2561 2187 504 2562 153 485 2563 155 487 2564 2187 504 2565 155 487 2566 975 489 2567 2187 504 2568 975 489 2569 2182 500 2570 2187 504 2571 2182 500 2572 2156 502 2573 2187 504 2574 2156 502 2575 2183 481 2576 2187 504 2577 2183 481 2578 2186 482 2579 149 505 2580 2164 495 2581 240 494 2582 149 505 2583 240 494 2584 147 506 2585 147 506 2586 240 494 2587 5 507 2588 5 507 2589 240 494 2590 242 488 2591 5 507 2592 242 488 2593 2218 486 2594 5 507 2595 2218 486 2596 150 508 2597 5 507 2598 150 508 2599 147 506 2600 147 506 2601 150 508 2602 148 509 2603 147 506 2604 148 509 2605 916 510 2606 147 506 2607 916 510 2608 149 505 2609 149 505 2610 916 510 2611 2163 511 2612 149 505 2613 2163 511 2614 2164 495 2615 2164 495 2616 2163 511 2617 234 512 2618 2164 495 2619 234 512 2620 2165 496 2621 2165 496 2622 234 512 2623 2158 513 2624 2158 513 2625 234 512 2626 233 514 2627 2158 513 2628 233 514 2629 920 515 2630 2158 513 2631 920 515 2632 919 516 2633 919 516 2634 920 515 2635 918 517 2636 918 517 2637 920 515 2638 921 518 2639 918 517 2640 921 518 2641 1579 519 2642 918 517 2643 1579 519 2644 923 520 2645 2161 521 2646 2160 522 2647 2157 523 2648 2157 523 2649 2160 522 2650 239 524 2651 2157 523 2652 239 524 2653 238 525 2654 238 525 2655 239 524 2656 969 497 2657 238 525 2658 969 497 2659 2165 496 2660 238 525 2661 2165 496 2662 2158 513 2663 238 525 2664 2158 513 2665 919 516 2666 238 525 2667 919 516 2668 2157 523 2669 2157 523 2670 919 516 2671 922 526 2672 922 526 2673 919 516 2674 918 517 2675 922 526 2676 918 517 2677 232 527 2678 232 527 2679 918 517 2680 923 520 2681 232 527 2682 923 520 2683 925 528 2684 925 528 2685 923 520 2686 924 529 2687 925 528 2688 924 529 2689 1572 530 2690 925 528 2691 1572 530 2692 1569 531 2693 925 528 2694 1569 531 2695 1568 532 2696 925 528 2697 1568 532 2698 926 533 2699 926 533 2700 1568 532 2701 929 534 2702 929 534 2703 1568 532 2704 2195 535 2705 929 534 2706 2195 535 2707 70 536 2708 929 534 2709 70 536 2710 1046 537 2711 1046 537 2712 70 536 2713 1047 538 2714 1047 538 2715 70 536 2716 1564 539 2717 1047 538 2718 1564 539 2719 1049 540 2720 1049 540 2721 1564 539 2722 1048 541 2723 1049 540 2724 1048 541 2725 1050 542 2726 1049 540 2727 1050 542 2728 1052 543 2729 1052 543 2730 1050 542 2731 1051 544 2732 1051 544 2733 1050 542 2734 7 545 2735 1051 544 2736 7 545 2737 6 546 2738 6 546 2739 7 545 2740 1162 547 2741 923 520 2742 1579 519 2743 1577 548 2744 923 520 2745 1577 548 2746 924 529 2747 924 529 2748 1577 548 2749 1572 530 2750 1572 530 2751 1577 548 2752 1573 549 2753 1572 530 2754 1573 549 2755 1570 550 2756 1572 530 2757 1570 550 2758 1571 551 2759 1572 530 2760 1571 551 2761 1569 531 2762 1569 531 2763 1571 551 2764 126 552 2765 1569 531 2766 126 552 2767 1568 532 2768 1568 532 2769 126 552 2770 122 553 2771 1568 532 2772 122 553 2773 2195 535 2774 2195 535 2775 122 553 2776 1565 554 2777 2195 535 2778 1565 554 2779 70 536 2780 70 536 2781 1565 554 2782 1564 539 2783 1564 539 2784 1565 554 2785 1054 555 2786 1564 539 2787 1054 555 2788 1048 541 2789 1048 541 2790 1054 555 2791 1050 542 2792 1050 542 2793 1054 555 2794 1053 556 2795 1050 542 2796 1053 556 2797 1057 557 2798 1050 542 2799 1057 557 2800 7 545 2801 7 545 2802 1057 557 2803 1085 558 2804 7 545 2805 1085 558 2806 1084 559 2807 7 545 2808 1084 559 2809 1163 560 2810 7 545 2811 1163 560 2812 1162 547 2813 1162 547 2814 1163 560 2815 1087 561 2816 1162 547 2817 1087 561 2818 1161 562 2819 1162 547 2820 1161 562 2821 6 546 2822 6 546 2823 1161 562 2824 230 563 2825 6 546 2826 230 563 2827 1566 564 2828 1566 564 2829 230 563 2830 2094 565 2831 1566 564 2832 2094 565 2833 380 566 2834 380 566 2835 2094 565 2836 1023 567 2837 119 568 2838 1080 569 2839 1058 570 2840 1058 570 2841 1080 569 2842 1085 558 2843 1058 570 2844 1085 558 2845 1056 571 2846 1056 571 2847 1085 558 2848 1057 557 2849 1056 571 2850 1057 557 2851 1053 556 2852 1056 571 2853 1053 556 2854 1055 572 2855 1055 572 2856 1053 556 2857 120 573 2858 120 573 2859 1053 556 2860 1054 555 2861 120 573 2862 1054 555 2863 121 574 2864 121 574 2865 1054 555 2866 1565 554 2867 121 574 2868 1565 554 2869 122 553 2870 121 574 2871 122 553 2872 123 575 2873 123 575 2874 122 553 2875 126 552 2876 123 575 2877 126 552 2878 1571 551 2879 123 575 2880 1571 551 2881 124 576 2882 124 576 2883 1571 551 2884 1570 550 2885 124 576 2886 1570 550 2887 1575 577 2888 1086 578 2889 1087 561 2890 1082 579 2891 1082 579 2892 1087 561 2893 1163 560 2894 1082 579 2895 1163 560 2896 1083 580 2897 1083 580 2898 1163 560 2899 1084 559 2900 1083 580 2901 1084 559 2902 1085 558 2903 1083 580 2904 1085 558 2905 1080 569 2906 1026 581 2907 1025 582 2908 227 583 2909 227 583 2910 1025 582 2911 228 584 2912 227 583 2913 228 584 2914 225 585 2915 225 585 2916 228 584 2917 2095 586 2918 225 585 2919 2095 586 2920 222 587 2921 225 585 2922 222 587 2923 224 588 2924 224 588 2925 222 587 2926 1160 589 2927 1160 589 2928 222 587 2929 1087 561 2930 1087 561 2931 222 587 2932 1161 562 2933 1161 562 2934 222 587 2935 2095 586 2936 1161 562 2937 2095 586 2938 230 563 2939 230 563 2940 2095 586 2941 2094 565 2942 2094 565 2943 2095 586 2944 1023 567 2945 1023 567 2946 2095 586 2947 228 584 2948 1023 567 2949 228 584 2950 1025 582 2951 1026 581 2952 1024 590 2953 1025 582 2954 1025 582 2955 1024 590 2956 1022 591 2957 1025 582 2958 1022 591 2959 1023 567 2960 1023 567 2961 1022 591 2962 1020 592 2963 1023 567 2964 1020 592 2965 380 566 2966 380 566 2967 1020 592 2968 379 593 2969 380 566 2970 379 593 2971 378 594 2972 378 594 2973 379 593 2974 377 595 2975 378 594 2976 377 595 2977 1045 596 2978 1045 596 2979 377 595 2980 1028 597 2981 1028 597 2982 377 595 2983 379 593 2984 1028 597 2985 379 593 2986 1027 598 2987 1027 598 2988 379 593 2989 1020 592 2990 1027 598 2991 1020 592 2992 1019 599 2993 1019 599 2994 1020 592 2995 1022 591 2996 1019 599 2997 1022 591 2998 1021 600 2999 1021 600 3000 1022 591 3001 1024 590 3002 1021 600 3003 1024 590 3004 297 601 3005 1021 600 3006 297 601 3007 301 602 3008 1021 600 3009 301 602 3010 1019 599 3011 1019 599 3012 301 602 3013 1016 603 3014 1019 599 3015 1016 603 3016 1018 604 3017 1018 604 3018 1016 603 3019 1029 605 3020 1018 604 3021 1029 605 3022 1028 597 3023 1018 604 3024 1028 597 3025 1019 599 3026 1019 599 3027 1028 597 3028 1027 598 3029 951 606 3030 950 607 3031 1012 608 3032 1012 608 3033 950 607 3034 1013 609 3035 1013 609 3036 950 607 3037 948 610 3038 1013 609 3039 948 610 3040 1014 611 3041 1013 609 3042 1014 611 3043 1015 612 3044 1015 612 3045 1014 611 3046 1017 613 3047 1017 613 3048 1014 611 3049 944 614 3050 1017 613 3051 944 614 3052 1029 605 3053 1017 613 3054 1029 605 3055 1016 603 3056 1017 613 3057 1016 603 3058 1015 612 3059 1015 612 3060 1016 603 3061 301 602 3062 1015 612 3063 301 602 3064 300 615 3065 300 615 3066 301 602 3067 297 601 3068 300 615 3069 297 601 3070 1011 616 3071 1011 616 3072 297 601 3073 1010 617 3074 1011 616 3075 1010 617 3076 1008 618 3077 1008 618 3078 1010 617 3079 1006 619 3080 1008 618 3081 1006 619 3082 1003 620 3083 1008 618 3084 1003 620 3085 1009 621 3086 1008 618 3087 1009 621 3088 1011 616 3089 1011 616 3090 1009 621 3091 1013 609 3092 1013 609 3093 1009 621 3094 1012 608 3095 1003 620 3096 1000 622 3097 1009 621 3098 1009 621 3099 1000 622 3100 1030 623 3101 1009 621 3102 1030 623 3103 1012 608 3104 1012 608 3105 1030 623 3106 951 606 3107 951 606 3108 1030 623 3109 1031 624 3110 951 606 3111 1031 624 3112 954 625 3113 951 606 3114 954 625 3115 949 626 3116 951 606 3117 949 626 3118 950 607 3119 950 607 3120 949 626 3121 947 627 3122 950 607 3123 947 627 3124 948 610 3125 948 610 3126 947 627 3127 946 628 3128 948 610 3129 946 628 3130 1014 611 3131 1014 611 3132 946 628 3133 944 614 3134 944 614 3135 946 628 3136 945 629 3137 944 614 3138 945 629 3139 941 630 3140 938 631 3141 935 632 3142 940 633 3143 940 633 3144 935 632 3145 943 634 3146 943 634 3147 935 632 3148 1029 605 3149 943 634 3150 1029 605 3151 944 614 3152 943 634 3153 944 614 3154 940 633 3155 940 633 3156 944 614 3157 941 630 3158 940 633 3159 941 630 3160 942 635 3161 942 635 3162 941 630 3163 302 636 3164 302 636 3165 941 630 3166 945 629 3167 302 636 3168 945 629 3169 304 637 3170 304 637 3171 945 629 3172 946 628 3173 304 637 3174 946 628 3175 947 627 3176 304 637 3177 947 627 3178 305 638 3179 305 638 3180 947 627 3181 949 626 3182 305 638 3183 949 626 3184 952 639 3185 952 639 3186 949 626 3187 954 625 3188 952 639 3189 954 625 3190 1032 640 3191 1032 640 3192 954 625 3193 1031 624 3194 1032 640 3195 1031 624 3196 1036 641 3197 1036 641 3198 1031 624 3199 1033 642 3200 1036 641 3201 1033 642 3202 1035 643 3203 1035 643 3204 1033 642 3205 1043 644 3206 1035 643 3207 1043 644 3208 994 645 3209 994 645 3210 1043 644 3211 995 646 3212 995 646 3213 1043 644 3214 997 647 3215 997 647 3216 1043 644 3217 1033 642 3218 997 647 3219 1033 642 3220 1031 624 3221 997 647 3222 1031 624 3223 998 648 3224 998 648 3225 1031 624 3226 1030 623 3227 998 648 3228 1030 623 3229 1001 649 3230 1001 649 3231 1030 623 3232 1000 622 3233 1001 649 3234 1000 622 3235 1003 620 3236 953 650 3237 942 635 3238 306 651 3239 306 651 3240 942 635 3241 302 636 3242 306 651 3243 302 636 3244 303 652 3245 303 652 3246 302 636 3247 304 637 3248 303 652 3249 304 637 3250 305 638 3251 303 652 3252 305 638 3253 306 651 3254 306 651 3255 305 638 3256 952 639 3257 306 651 3258 952 639 3259 953 650 3260 953 650 3261 952 639 3262 956 653 3263 953 650 3264 956 653 3265 958 654 3266 958 654 3267 956 653 3268 957 655 3269 958 654 3270 957 655 3271 961 656 3272 961 656 3273 957 655 3274 960 657 3275 960 657 3276 957 655 3277 956 653 3278 960 657 3279 956 653 3280 959 658 3281 959 658 3282 956 653 3283 1034 659 3284 959 658 3285 1034 659 3286 1039 660 3287 1039 660 3288 1034 659 3289 1036 641 3290 1039 660 3291 1036 641 3292 1037 661 3293 1037 661 3294 1036 641 3295 1035 643 3296 1037 661 3297 1035 643 3298 993 662 3299 993 662 3300 1035 643 3301 994 645 3302 993 662 3303 994 645 3304 992 663 3305 992 663 3306 994 645 3307 721 664 3308 992 663 3309 721 664 3310 719 665 3311 992 663 3312 719 665 3313 718 666 3314 992 663 3315 718 666 3316 986 667 3317 986 667 3318 718 666 3319 987 668 3320 986 667 3321 987 668 3322 985 669 3323 985 669 3324 987 668 3325 457 670 3326 985 669 3327 457 670 3328 453 671 3329 453 671 3330 457 670 3331 452 672 3332 995 646 3333 726 673 3334 994 645 3335 994 645 3336 726 673 3337 725 674 3338 994 645 3339 725 674 3340 721 664 3341 721 664 3342 725 674 3343 720 675 3344 721 664 3345 720 675 3346 719 665 3347 719 665 3348 720 675 3349 716 676 3350 719 665 3351 716 676 3352 718 666 3353 718 666 3354 716 676 3355 717 677 3356 718 666 3357 717 677 3358 987 668 3359 987 668 3360 717 677 3361 988 678 3362 987 668 3363 988 678 3364 457 670 3365 457 670 3366 988 678 3367 454 679 3368 457 670 3369 454 679 3370 452 672 3371 452 672 3372 454 679 3373 455 680 3374 452 672 3375 455 680 3376 456 681 3377 456 681 3378 455 680 3379 54 682 3380 456 681 3381 54 682 3382 53 683 3383 53 683 3384 54 682 3385 448 684 3386 53 683 3387 448 684 3388 447 685 3389 447 685 3390 448 684 3391 449 686 3392 447 685 3393 449 686 3394 445 687 3395 445 687 3396 449 686 3397 446 688 3398 446 688 3399 449 686 3400 448 684 3401 446 688 3402 448 684 3403 55 689 3404 55 689 3405 448 684 3406 54 682 3407 55 689 3408 54 682 3409 52 690 3410 52 690 3411 54 682 3412 51 691 3413 52 690 3414 51 691 3415 2109 692 3416 2109 692 3417 51 691 3418 342 693 3419 2109 692 3420 342 693 3421 2110 694 3422 2110 694 3423 342 693 3424 338 695 3425 2110 694 3426 338 695 3427 2105 696 3428 338 695 3429 342 693 3430 339 697 3431 339 697 3432 342 693 3433 337 698 3434 337 698 3435 342 693 3436 51 691 3437 337 698 3438 51 691 3439 2129 699 3440 2129 699 3441 51 691 3442 54 682 3443 2129 699 3444 54 682 3445 464 700 3446 464 700 3447 54 682 3448 462 701 3449 462 701 3450 54 682 3451 455 680 3452 462 701 3453 455 680 3454 459 702 3455 459 702 3456 455 680 3457 454 679 3458 459 702 3459 454 679 3460 458 703 3461 458 703 3462 454 679 3463 988 678 3464 458 703 3465 988 678 3466 715 704 3467 715 704 3468 988 678 3469 717 677 3470 715 704 3471 717 677 3472 716 676 3473 715 704 3474 716 676 3475 723 705 3476 723 705 3477 716 676 3478 720 675 3479 723 705 3480 720 675 3481 705 706 3482 705 706 3483 720 675 3484 722 707 3485 705 706 3486 722 707 3487 704 708 3488 704 708 3489 722 707 3490 703 709 3491 704 708 3492 703 709 3493 700 710 3494 700 710 3495 703 709 3496 729 711 3497 700 710 3498 729 711 3499 699 712 3500 699 712 3501 729 711 3502 728 713 3503 699 712 3504 728 713 3505 731 714 3506 731 714 3507 728 713 3508 289 715 3509 731 714 3510 289 715 3511 291 716 3512 731 714 3513 291 716 3514 696 717 3515 696 717 3516 291 716 3517 288 718 3518 696 717 3519 288 718 3520 697 719 3521 697 719 3522 288 718 3523 692 720 3524 662 721 3525 685 722 3526 689 723 3527 689 723 3528 685 722 3529 687 724 3530 689 723 3531 687 724 3532 701 725 3533 701 725 3534 687 724 3535 700 710 3536 701 725 3537 700 710 3538 698 726 3539 698 726 3540 700 710 3541 699 712 3542 698 726 3543 699 712 3544 731 714 3545 698 726 3546 731 714 3547 696 717 3548 698 726 3549 696 717 3550 697 719 3551 698 726 3552 697 719 3553 701 725 3554 701 725 3555 697 719 3556 690 727 3557 701 725 3558 690 727 3559 689 723 3560 689 723 3561 690 727 3562 691 728 3563 691 728 3564 690 727 3565 697 719 3566 697 719 3567 692 720 3568 691 728 3569 691 728 3570 692 720 3571 693 729 3572 691 728 3573 693 729 3574 694 730 3575 694 730 3576 693 729 3577 653 731 3578 694 730 3579 653 731 3580 660 732 3581 694 730 3582 660 732 3583 691 728 3584 691 728 3585 660 732 3586 659 733 3587 691 728 3588 659 733 3589 689 723 3590 689 723 3591 659 733 3592 663 734 3593 689 723 3594 663 734 3595 662 721 3596 662 721 3597 663 734 3598 661 314 3599 662 721 3600 661 314 3601 667 320 3602 662 721 3603 667 320 3604 685 722 3605 685 722 3606 667 320 3607 688 321 3608 685 722 3609 688 321 3610 683 281 3611 685 722 3612 683 281 3613 686 735 3614 686 735 3615 683 281 3616 706 736 3617 706 736 3618 683 281 3619 684 280 3620 706 736 3621 684 280 3622 707 737 3623 707 737 3624 684 280 3625 682 279 3626 707 737 3627 682 279 3628 708 738 3629 708 738 3630 682 279 3631 709 277 3632 708 738 3633 709 277 3634 710 739 3635 710 739 3636 709 277 3637 681 276 3638 710 739 3639 681 276 3640 711 740 3641 711 740 3642 681 276 3643 680 273 3644 711 740 3645 680 273 3646 712 741 3647 712 741 3648 680 273 3649 397 262 3650 712 741 3651 397 262 3652 399 742 3653 399 742 3654 397 262 3655 1951 743 3656 1951 743 3657 397 262 3658 398 263 3659 1951 743 3660 1949 744 3661 399 742 3662 399 742 3663 1949 744 3664 467 745 3665 399 742 3666 467 745 3667 712 741 3668 712 741 3669 467 745 3670 466 746 3671 712 741 3672 466 746 3673 711 740 3674 711 740 3675 466 746 3676 713 747 3677 711 740 3678 713 747 3679 710 739 3680 710 739 3681 713 747 3682 461 748 3683 710 739 3684 461 748 3685 708 738 3686 708 738 3687 461 748 3688 460 749 3689 708 738 3690 460 749 3691 715 704 3692 715 704 3693 460 749 3694 458 703 3695 458 703 3696 460 749 3697 459 702 3698 459 702 3699 460 749 3700 461 748 3701 459 702 3702 461 748 3703 713 747 3704 459 702 3705 713 747 3706 463 750 3707 459 702 3708 463 750 3709 462 701 3710 462 701 3711 463 750 3712 464 700 3713 464 700 3714 463 750 3715 465 751 3716 465 751 3717 463 750 3718 466 746 3719 466 746 3720 463 750 3721 713 747 3722 466 746 3723 467 745 3724 465 751 3725 465 751 3726 467 745 3727 468 752 3728 468 752 3729 467 745 3730 1949 744 3731 468 752 3732 1949 744 3733 1950 753 3734 468 752 3735 1950 753 3736 469 754 3737 469 754 3738 1950 753 3739 470 755 3740 469 754 3741 470 755 3742 339 697 3743 469 754 3744 339 697 3745 337 698 3746 469 754 3747 337 698 3748 2129 699 3749 469 754 3750 2129 699 3751 464 700 3752 469 754 3753 464 700 3754 465 751 3755 469 754 3756 465 751 3757 468 752 3758 707 737 3759 708 738 3760 714 756 3761 714 756 3762 708 738 3763 715 704 3764 714 756 3765 715 704 3766 723 705 3767 714 756 3768 723 705 3769 707 737 3770 707 737 3771 723 705 3772 705 706 3773 705 706 3774 704 708 3775 707 737 3776 707 737 3777 704 708 3778 706 736 3779 706 736 3780 704 708 3781 686 735 3782 686 735 3783 704 708 3784 702 757 3785 686 735 3786 702 757 3787 685 722 3788 685 722 3789 702 757 3790 687 724 3791 687 724 3792 702 757 3793 700 710 3794 700 710 3795 702 757 3796 704 708 3797 338 695 3798 339 697 3799 2105 696 3800 2105 696 3801 339 697 3802 341 758 3803 2105 696 3804 341 758 3805 2103 759 3806 2105 696 3807 2103 759 3808 2106 760 3809 2105 696 3810 2106 760 3811 2110 694 3812 2110 694 3813 2106 760 3814 2107 761 3815 2110 694 3816 2107 761 3817 2109 692 3818 2109 692 3819 2107 761 3820 2108 762 3821 2109 692 3822 2108 762 3823 2112 763 3824 2112 763 3825 2108 762 3826 2116 764 3827 2116 764 3828 2108 762 3829 2107 761 3830 2116 764 3831 2107 761 3832 2117 765 3833 2117 765 3834 2107 761 3835 2106 760 3836 2117 765 3837 2106 760 3838 2104 766 3839 2104 766 3840 2106 760 3841 2103 759 3842 2104 766 3843 2103 759 3844 2119 767 3845 2119 767 3846 2103 759 3847 2101 768 3848 2119 767 3849 2101 768 3850 2102 769 3851 2102 769 3852 2101 768 3853 2057 770 3854 2102 769 3855 2057 770 3856 2121 771 3857 2102 769 3858 2121 771 3859 348 772 3860 2102 769 3861 348 772 3862 2122 437 3863 2122 437 3864 348 772 3865 81 773 3866 2122 437 3867 81 773 3868 2199 774 3869 2122 437 3870 2199 774 3871 50 391 3872 50 391 3873 2199 774 3874 2212 392 3875 2212 392 3876 2199 774 3877 81 773 3878 2212 392 3879 81 773 3880 420 396 3881 420 396 3882 81 773 3883 78 775 3884 420 396 3885 78 775 3886 352 398 3887 352 398 3888 78 775 3889 79 401 3890 79 401 3891 78 775 3892 80 776 3893 2114 777 3894 307 778 3895 2111 779 3896 2114 777 3897 2111 779 3898 2112 763 3899 2112 763 3900 2111 779 3901 2109 692 3902 2109 692 3903 2111 779 3904 52 690 3905 52 690 3906 2111 779 3907 55 689 3908 55 689 3909 2111 779 3910 307 778 3911 55 689 3912 307 778 3913 446 688 3914 446 688 3915 307 778 3916 308 780 3917 308 780 3918 307 778 3919 309 781 3920 309 781 3921 307 778 3922 2114 777 3923 309 781 3924 2114 777 3925 2229 782 3926 2229 782 3927 2114 777 3928 2112 763 3929 2229 782 3930 2112 763 3931 2113 783 3932 2113 783 3933 2112 763 3934 2116 764 3935 2113 783 3936 2116 764 3937 343 441 3938 343 441 3939 2116 764 3940 2118 440 3941 2118 440 3942 2116 764 3943 2117 765 3944 2118 440 3945 2117 765 3946 2120 439 3947 2120 439 3948 2117 765 3949 2104 766 3950 2120 439 3951 2104 766 3952 49 438 3953 49 438 3954 2104 766 3955 2119 767 3956 49 438 3957 2119 767 3958 2122 437 3959 2122 437 3960 2119 767 3961 2102 769 3962 437 450 3963 435 784 3964 434 448 3965 434 448 3966 435 784 3967 438 785 3968 434 448 3969 438 785 3970 436 446 3971 436 446 3972 438 785 3973 248 445 3974 248 445 3975 438 785 3976 439 786 3977 248 445 3978 439 786 3979 246 787 3980 246 787 3981 439 786 3982 245 788 3983 246 787 3984 245 788 3985 311 789 3986 311 789 3987 245 788 3988 446 688 3989 311 789 3990 446 688 3991 308 780 3992 311 789 3993 308 780 3994 309 781 3995 311 789 3996 309 781 3997 310 790 3998 310 790 3999 309 781 4000 2229 782 4001 310 790 4002 2229 782 4003 2115 791 4004 2115 791 4005 2229 782 4006 2113 783 4007 2115 791 4008 2113 783 4009 11 792 4010 11 792 4011 2113 783 4012 343 441 4013 11 792 4014 343 441 4015 12 442 4016 11 792 4017 12 442 4018 14 793 4019 14 793 4020 12 442 4021 13 443 4022 14 793 4023 13 443 4024 2153 794 4025 2153 794 4026 13 443 4027 2152 444 4028 2153 794 4029 2152 444 4030 2154 795 4031 2154 795 4032 2152 444 4033 248 445 4034 2154 795 4035 248 445 4036 246 787 4037 2154 795 4038 246 787 4039 2155 796 4040 2155 796 4041 246 787 4042 311 789 4043 2155 796 4044 311 789 4045 310 790 4046 2155 796 4047 310 790 4048 15 797 4049 2155 796 4050 15 797 4051 2154 795 4052 2154 795 4053 15 797 4054 2153 794 4055 2153 794 4056 15 797 4057 14 793 4058 14 793 4059 15 797 4060 2115 791 4061 2115 791 4062 15 797 4063 310 790 4064 441 798 4065 440 799 4066 2064 800 4067 2064 800 4068 440 799 4069 435 784 4070 435 784 4071 440 799 4072 438 785 4073 438 785 4074 440 799 4075 439 786 4076 439 786 4077 440 799 4078 442 801 4079 439 786 4080 442 801 4081 245 788 4082 245 788 4083 442 801 4084 446 688 4085 446 688 4086 442 801 4087 445 687 4088 445 687 4089 442 801 4090 440 799 4091 435 784 4092 437 450 4093 2065 463 4094 435 784 4095 2065 463 4096 2064 800 4097 2064 800 4098 2065 463 4099 76 468 4100 2064 800 4101 76 468 4102 441 798 4103 441 798 4104 76 468 4105 75 467 4106 441 798 4107 75 467 4108 2063 802 4109 2063 802 4110 75 467 4111 2188 466 4112 2063 802 4113 2188 466 4114 2200 803 4115 2200 803 4116 2188 466 4117 0 804 4118 2200 803 4119 0 804 4120 2061 805 4121 2061 805 4122 0 804 4123 2184 806 4124 2061 805 4125 2184 806 4126 156 807 4127 156 807 4128 2184 806 4129 2156 502 4130 156 807 4131 2156 502 4132 1 808 4133 156 807 4134 1 808 4135 2061 805 4136 2061 805 4137 1 808 4138 2062 809 4139 2061 805 4140 2062 809 4141 2059 810 4142 2061 805 4143 2059 810 4144 2060 811 4145 2060 811 4146 2059 810 4147 450 812 4148 2060 811 4149 450 812 4150 447 685 4151 447 685 4152 450 812 4153 53 683 4154 53 683 4155 450 812 4156 456 681 4157 456 681 4158 450 812 4159 452 672 4160 452 672 4161 450 812 4162 453 671 4163 453 671 4164 450 812 4165 451 813 4166 451 813 4167 450 812 4168 2059 810 4169 451 813 4170 2059 810 4171 983 814 4172 983 814 4173 2059 810 4174 2062 809 4175 983 814 4176 2062 809 4177 984 815 4178 984 815 4179 2062 809 4180 1 808 4181 984 815 4182 1 808 4183 157 503 4184 157 503 4185 1 808 4186 2156 502 4187 2060 811 4188 447 685 4189 2061 805 4190 2061 805 4191 447 685 4192 444 816 4193 2061 805 4194 444 816 4195 2200 803 4196 2200 803 4197 444 816 4198 445 687 4199 445 687 4200 444 816 4201 447 685 4202 2156 502 4203 2184 806 4204 2183 481 4205 2183 481 4206 2184 806 4207 2189 462 4208 2189 462 4209 2184 806 4210 0 804 4211 2189 462 4212 0 804 4213 2188 466 4214 2200 803 4215 445 687 4216 443 817 4217 443 817 4218 445 687 4219 440 799 4220 443 817 4221 440 799 4222 441 798 4223 443 817 4224 441 798 4225 2063 802 4226 443 817 4227 2063 802 4228 2200 803 4229 983 814 4230 982 818 4231 451 813 4232 451 813 4233 982 818 4234 453 671 4235 453 671 4236 982 818 4237 985 669 4238 985 669 4239 982 818 4240 989 819 4241 985 669 4242 989 819 4243 986 667 4244 986 667 4245 989 819 4246 990 820 4247 986 667 4248 990 820 4249 991 821 4250 986 667 4251 991 821 4252 992 663 4253 992 663 4254 991 821 4255 1040 822 4256 992 663 4257 1040 822 4258 993 662 4259 993 662 4260 1040 822 4261 1037 661 4262 1037 661 4263 1040 822 4264 1039 660 4265 1039 660 4266 1040 822 4267 1041 823 4268 1041 823 4269 1040 822 4270 991 821 4271 1041 823 4272 991 821 4273 990 820 4274 1041 823 4275 990 820 4276 978 824 4277 978 824 4278 990 820 4279 981 825 4280 981 825 4281 990 820 4282 989 819 4283 981 825 4284 989 819 4285 982 818 4286 981 825 4287 982 818 4288 979 826 4289 981 825 4290 979 826 4291 976 827 4292 976 827 4293 979 826 4294 244 828 4295 976 827 4296 244 828 4297 980 829 4298 980 829 4299 244 828 4300 243 830 4301 980 829 4302 243 830 4303 966 831 4304 980 829 4305 966 831 4306 967 832 4307 980 829 4308 967 832 4309 965 833 4310 980 829 4311 965 833 4312 976 827 4313 976 827 4314 965 833 4315 977 834 4316 976 827 4317 977 834 4318 1042 835 4319 976 827 4320 1042 835 4321 978 824 4322 976 827 4323 978 824 4324 981 825 4325 972 836 4326 964 837 4327 967 832 4328 967 832 4329 964 837 4330 965 833 4331 965 833 4332 964 837 4333 977 834 4334 977 834 4335 964 837 4336 962 838 4337 977 834 4338 962 838 4339 1042 835 4340 1042 835 4341 962 838 4342 1038 839 4343 1042 835 4344 1038 839 4345 1039 660 4346 1042 835 4347 1039 660 4348 1041 823 4349 1042 835 4350 1041 823 4351 978 824 4352 982 818 4353 983 814 4354 979 826 4355 979 826 4356 983 814 4357 984 815 4358 979 826 4359 984 815 4360 244 828 4361 244 828 4362 984 815 4363 243 830 4364 243 830 4365 984 815 4366 157 503 4367 243 830 4368 157 503 4369 968 501 4370 243 830 4371 968 501 4372 966 831 4373 966 831 4374 968 501 4375 967 832 4376 967 832 4377 968 501 4378 973 499 4379 967 832 4380 973 499 4381 970 498 4382 967 832 4383 970 498 4384 972 836 4385 972 836 4386 970 498 4387 971 840 4388 972 836 4389 971 840 4390 964 837 4391 964 837 4392 971 840 4393 963 841 4394 964 837 4395 963 841 4396 960 657 4397 960 657 4398 963 841 4399 961 656 4400 961 656 4401 963 841 4402 971 840 4403 961 656 4404 971 840 4405 236 842 4406 236 842 4407 971 840 4408 237 843 4409 237 843 4410 971 840 4411 235 844 4412 235 844 4413 971 840 4414 970 498 4415 235 844 4416 970 498 4417 969 497 4418 235 844 4419 969 497 4420 239 524 4421 235 844 4422 239 524 4423 237 843 4424 237 843 4425 239 524 4426 2160 522 4427 237 843 4428 2160 522 4429 236 842 4430 236 842 4431 2160 522 4432 2159 845 4433 236 842 4434 2159 845 4435 961 656 4436 961 656 4437 2159 845 4438 1044 846 4439 961 656 4440 1044 846 4441 958 654 4442 958 654 4443 1044 846 4444 942 635 4445 958 654 4446 942 635 4447 953 650 4448 964 837 4449 960 657 4450 962 838 4451 962 838 4452 960 657 4453 1038 839 4454 1038 839 4455 960 657 4456 959 658 4457 1038 839 4458 959 658 4459 1039 660 4460 2160 522 4461 2161 521 4462 2159 845 4463 2159 845 4464 2161 521 4465 2162 847 4466 2159 845 4467 2162 847 4468 1044 846 4469 1044 846 4470 2162 847 4471 939 848 4472 1044 846 4473 939 848 4474 942 635 4475 942 635 4476 939 848 4477 940 633 4478 940 633 4479 939 848 4480 2162 847 4481 940 633 4482 2162 847 4483 938 631 4484 938 631 4485 2162 847 4486 2161 521 4487 2157 523 4488 922 526 4489 2161 521 4490 2161 521 4491 922 526 4492 232 527 4493 2161 521 4494 232 527 4495 231 849 4496 231 849 4497 232 527 4498 925 528 4499 231 849 4500 925 528 4501 926 533 4502 231 849 4503 926 533 4504 927 850 4505 231 849 4506 927 850 4507 2161 521 4508 2161 521 4509 927 850 4510 936 851 4511 2161 521 4512 936 851 4513 938 631 4514 938 631 4515 936 851 4516 934 852 4517 938 631 4518 934 852 4519 935 632 4520 935 632 4521 934 852 4522 937 853 4523 935 632 4524 937 853 4525 1029 605 4526 1029 605 4527 937 853 4528 1028 597 4529 1028 597 4530 937 853 4531 1045 596 4532 1045 596 4533 937 853 4534 934 852 4535 1045 596 4536 934 852 4537 932 854 4538 932 854 4539 934 852 4540 936 851 4541 932 854 4542 936 851 4543 927 850 4544 932 854 4545 927 850 4546 928 855 4547 928 855 4548 927 850 4549 926 533 4550 928 855 4551 926 533 4552 929 534 4553 928 855 4554 929 534 4555 1046 537 4556 928 855 4557 1046 537 4558 930 856 4559 928 855 4560 930 856 4561 932 854 4562 932 854 4563 930 856 4564 931 857 4565 931 857 4566 930 856 4567 1046 537 4568 931 857 4569 1046 537 4570 1047 538 4571 931 857 4572 1047 538 4573 1049 540 4574 931 857 4575 1049 540 4576 381 858 4577 381 858 4578 1049 540 4579 1567 859 4580 1567 859 4581 1049 540 4582 1052 543 4583 1566 564 4584 380 566 4585 1567 859 4586 1567 859 4587 380 566 4588 381 858 4589 381 858 4590 380 566 4591 378 594 4592 381 858 4593 378 594 4594 933 860 4595 933 860 4596 378 594 4597 1045 596 4598 933 860 4599 1045 596 4600 932 854 4601 933 860 4602 932 854 4603 931 857 4604 933 860 4605 931 857 4606 381 858 4607 1567 859 4608 1052 543 4609 1566 564 4610 1566 564 4611 1052 543 4612 1051 544 4613 1566 564 4614 1051 544 4615 6 546 4616 1501 861 4617 1495 862 4618 1492 863 4619 1407 864 4620 1406 865 4621 1404 866 4622 1404 866 4623 1406 865 4624 1403 867 4625 1404 866 4626 1403 867 4627 1414 868 4628 1414 868 4629 1403 867 4630 1411 869 4631 1411 869 4632 1403 867 4633 1489 870 4634 1411 869 4635 1489 870 4636 1415 871 4637 1415 871 4638 1489 870 4639 1488 872 4640 1488 872 4641 1489 870 4642 1485 873 4643 1488 872 4644 1485 873 4645 1493 874 4646 1488 872 4647 1493 874 4648 1486 875 4649 1486 875 4650 1493 874 4651 1494 876 4652 1486 875 4653 1494 876 4654 1497 877 4655 1497 877 4656 1494 876 4657 395 878 4658 395 878 4659 1494 876 4660 1496 879 4661 395 878 4662 1496 879 4663 394 880 4664 394 880 4665 1496 879 4666 1499 881 4667 1499 881 4668 1496 879 4669 1495 862 4670 1499 881 4671 1495 862 4672 1503 882 4673 1503 882 4674 1495 862 4675 1498 883 4676 1498 883 4677 1495 862 4678 1501 861 4679 1498 883 4680 1501 861 4681 129 884 4682 129 884 4683 1501 861 4684 111 885 4685 111 885 4686 1501 861 4687 109 886 4688 109 886 4689 1501 861 4690 1492 863 4691 109 886 4692 1492 863 4693 2216 887 4694 2216 887 4695 1492 863 4696 1491 888 4697 2216 887 4698 1491 888 4699 1490 889 4700 1490 889 4701 1491 888 4702 1493 874 4703 1493 874 4704 1491 888 4705 1494 876 4706 1494 876 4707 1491 888 4708 1500 890 4709 1500 890 4710 1491 888 4711 1492 863 4712 1500 890 4713 1492 863 4714 1495 862 4715 1415 871 4716 1488 872 4717 1416 891 4718 1416 891 4719 1488 872 4720 1487 892 4721 1487 892 4722 1488 872 4723 1484 893 4724 1484 893 4725 1488 872 4726 1486 875 4727 1484 893 4728 1486 875 4729 1497 877 4730 1484 893 4731 1497 877 4732 1513 894 4733 1513 894 4734 1497 877 4735 395 878 4736 1513 894 4737 395 878 4738 1511 895 4739 1511 895 4740 395 878 4741 394 880 4742 1511 895 4743 394 880 4744 396 896 4745 396 896 4746 394 880 4747 1505 897 4748 1505 897 4749 394 880 4750 1499 881 4751 1505 897 4752 1499 881 4753 1503 882 4754 1505 897 4755 1503 882 4756 1504 898 4757 1504 898 4758 1503 882 4759 1502 899 4760 1502 899 4761 1503 882 4762 1498 883 4763 1502 899 4764 1498 883 4765 129 884 4766 1502 899 4767 129 884 4768 127 900 4769 127 900 4770 129 884 4771 128 901 4772 128 901 4773 129 884 4774 111 885 4775 128 901 4776 111 885 4777 109 886 4778 128 901 4779 109 886 4780 1529 902 4781 1529 902 4782 109 886 4783 89 903 4784 89 903 4785 109 886 4786 90 904 4787 89 903 4788 90 904 4789 87 905 4790 87 905 4791 90 904 4792 1552 906 4793 1552 906 4794 90 904 4795 1550 907 4796 1550 907 4797 90 904 4798 2215 908 4799 2215 908 4800 90 904 4801 109 886 4802 2215 908 4803 109 886 4804 110 909 4805 110 909 4806 109 886 4807 2216 887 4808 110 909 4809 2216 887 4810 105 910 4811 880 911 4812 881 912 4813 1413 913 4814 880 911 4815 1413 913 4816 882 914 4817 882 914 4818 1413 913 4819 1412 915 4820 882 914 4821 1412 915 4822 1417 916 4823 1417 916 4824 1412 915 4825 1482 917 4826 1482 917 4827 1412 915 4828 1416 891 4829 1482 917 4830 1416 891 4831 1481 918 4832 1481 918 4833 1416 891 4834 1487 892 4835 1481 918 4836 1487 892 4837 1484 893 4838 1481 918 4839 1484 893 4840 1477 919 4841 1477 919 4842 1484 893 4843 1483 920 4844 1483 920 4845 1484 893 4846 1513 894 4847 1483 920 4848 1513 894 4849 1510 921 4850 1510 921 4851 1513 894 4852 1511 895 4853 1510 921 4854 1511 895 4855 1509 922 4856 1509 922 4857 1511 895 4858 396 896 4859 1509 922 4860 396 896 4861 1508 923 4862 1508 923 4863 396 896 4864 1505 897 4865 1508 923 4866 1505 897 4867 1504 898 4868 1508 923 4869 1504 898 4870 1506 924 4871 1506 924 4872 1504 898 4873 1526 925 4874 1526 925 4875 1504 898 4876 1502 899 4877 1526 925 4878 1502 899 4879 1528 926 4880 1528 926 4881 1502 899 4882 127 900 4883 1528 926 4884 127 900 4885 128 901 4886 1528 926 4887 128 901 4888 1527 927 4889 1527 927 4890 128 901 4891 1529 902 4892 1527 927 4893 1529 902 4894 1530 928 4895 1530 928 4896 1529 902 4897 89 903 4898 1530 928 4899 89 903 4900 91 929 4901 91 929 4902 89 903 4903 87 905 4904 91 929 4905 87 905 4906 88 930 4907 110 909 4908 105 910 4909 2215 908 4910 2215 908 4911 105 910 4912 1550 907 4913 1550 907 4914 105 910 4915 106 931 4916 106 931 4917 105 910 4918 1549 932 4919 1549 932 4920 105 910 4921 108 933 4922 1549 932 4923 108 933 4924 1544 934 4925 1549 932 4926 1544 934 4927 1547 935 4928 1547 935 4929 1544 934 4930 1545 936 4931 1545 936 4932 1544 934 4933 1392 937 4934 1392 937 4935 1544 934 4936 1543 938 4937 1392 937 4938 1543 938 4939 1391 939 4940 1391 939 4941 1543 938 4942 1394 940 4943 1394 940 4944 1543 938 4945 1542 941 4946 1394 940 4947 1542 941 4948 1395 942 4949 1395 942 4950 1542 941 4951 1398 943 4952 1395 942 4953 1398 943 4954 1397 944 4955 1395 942 4956 1397 944 4957 1396 945 4958 1396 945 4959 1397 944 4960 102 946 4961 102 946 4962 1397 944 4963 1399 947 4964 102 946 4965 1399 947 4966 1406 865 4967 102 946 4968 1406 865 4969 1584 948 4970 1584 948 4971 1406 865 4972 1405 949 4973 1405 949 4974 1406 865 4975 1407 864 4976 1405 949 4977 1407 864 4978 1410 950 4979 1405 949 4980 1410 950 4981 1408 951 4982 1408 951 4983 1410 950 4984 874 952 4985 874 952 4986 1410 950 4987 875 953 4988 875 953 4989 1410 950 4990 1409 954 4991 1409 954 4992 1410 950 4993 1407 864 4994 1409 954 4995 1407 864 4996 878 955 4997 878 955 4998 1407 864 4999 1414 868 5000 1414 868 5001 1407 864 5002 1404 866 5003 1389 956 5004 1391 939 5005 1393 957 5006 1393 957 5007 1391 939 5008 1394 940 5009 1393 957 5010 1394 940 5011 103 958 5012 103 958 5013 1394 940 5014 1395 942 5015 103 958 5016 1395 942 5017 1396 945 5018 103 958 5019 1396 945 5020 1583 959 5021 1583 959 5022 1396 945 5023 102 946 5024 1583 959 5025 102 946 5026 1584 948 5027 1583 959 5028 1584 948 5029 873 960 5030 873 960 5031 1584 948 5032 1405 949 5033 873 960 5034 1405 949 5035 1408 951 5036 873 960 5037 1408 951 5038 872 961 5039 872 961 5040 1408 951 5041 874 952 5042 872 961 5043 874 952 5044 133 962 5045 133 962 5046 874 952 5047 876 963 5048 876 963 5049 874 952 5050 875 953 5051 876 963 5052 875 953 5053 132 964 5054 876 963 5055 132 964 5056 72 965 5057 72 965 5058 132 964 5059 131 966 5060 131 966 5061 132 964 5062 130 967 5063 130 967 5064 132 964 5065 877 968 5066 130 967 5067 877 968 5068 135 969 5069 135 969 5070 877 968 5071 879 970 5072 879 970 5073 877 968 5074 1409 954 5075 879 970 5076 1409 954 5077 878 955 5078 879 970 5079 878 955 5080 881 912 5081 881 912 5082 878 955 5083 1414 868 5084 881 912 5085 1414 868 5086 1413 913 5087 1413 913 5088 1414 868 5089 1412 915 5090 1412 915 5091 1414 868 5092 1411 869 5093 1412 915 5094 1411 869 5095 1415 871 5096 1412 915 5097 1415 871 5098 1416 891 5099 881 912 5100 880 911 5101 879 970 5102 879 970 5103 880 911 5104 392 971 5105 879 970 5106 392 971 5107 391 972 5108 879 970 5109 391 972 5110 135 969 5111 135 969 5112 391 972 5113 130 967 5114 130 967 5115 391 972 5116 2194 973 5117 130 967 5118 2194 973 5119 131 966 5120 131 966 5121 2194 973 5122 71 974 5123 131 966 5124 71 974 5125 2203 975 5126 131 966 5127 2203 975 5128 72 965 5129 72 965 5130 2203 975 5131 56 976 5132 72 965 5133 56 976 5134 876 963 5135 876 963 5136 56 976 5137 57 977 5138 876 963 5139 57 977 5140 133 962 5141 133 962 5142 57 977 5143 58 978 5144 58 978 5145 57 977 5146 56 976 5147 58 978 5148 56 976 5149 2204 979 5150 2204 979 5151 56 976 5152 2203 975 5153 2204 979 5154 2203 975 5155 2180 980 5156 2180 980 5157 2203 975 5158 2181 423 5159 2204 979 5160 2180 980 5161 58 978 5162 58 978 5163 2180 980 5164 59 981 5165 58 978 5166 59 981 5167 867 982 5168 58 978 5169 867 982 5170 866 983 5171 866 983 5172 867 982 5173 862 984 5174 866 983 5175 862 984 5176 865 985 5177 865 985 5178 862 984 5179 1248 986 5180 1248 986 5181 862 984 5182 864 987 5183 1248 986 5184 864 987 5185 1247 988 5186 1248 986 5187 1247 988 5188 1250 989 5189 1250 989 5190 1247 988 5191 1249 990 5192 1249 990 5193 1247 988 5194 1292 991 5195 1262 992 5196 1263 993 5197 1256 994 5198 1256 994 5199 1263 993 5200 100 995 5201 1256 994 5202 100 995 5203 1253 996 5204 1256 994 5205 1253 996 5206 1257 997 5207 1257 997 5208 1253 996 5209 1251 998 5210 1251 998 5211 1253 996 5212 1255 999 5213 1251 998 5214 1255 999 5215 1250 989 5216 1250 989 5217 1255 999 5218 1248 986 5219 1248 986 5220 1255 999 5221 865 985 5222 865 985 5223 1255 999 5224 868 1000 5225 868 1000 5226 1255 999 5227 1253 996 5228 868 1000 5229 1253 996 5230 1254 1001 5231 1254 1001 5232 1253 996 5233 99 1002 5234 99 1002 5235 1253 996 5236 100 995 5237 99 1002 5238 100 995 5239 97 1003 5240 97 1003 5241 100 995 5242 1263 993 5243 97 1003 5244 1263 993 5245 384 1004 5246 384 1004 5247 1263 993 5248 1265 1005 5249 384 1004 5250 1265 1005 5251 1385 1006 5252 384 1004 5253 1385 1006 5254 1390 1007 5255 1390 1007 5256 1385 1006 5257 1387 1008 5258 1390 1007 5259 1387 1008 5260 1388 1009 5261 1388 1009 5262 1387 1008 5263 1183 1010 5264 1183 1010 5265 1387 1008 5266 1188 1011 5267 1183 1010 5268 1188 1011 5269 1184 1012 5270 1183 1010 5271 1184 1012 5272 1181 1013 5273 1181 1013 5274 1184 1012 5275 1182 1014 5276 1181 1013 5277 1182 1014 5278 1546 1015 5279 1181 1013 5280 1546 1015 5281 1547 935 5282 1181 1013 5283 1547 935 5284 1545 936 5285 1181 1013 5286 1545 936 5287 1183 1010 5288 1183 1010 5289 1545 936 5290 1392 937 5291 1249 990 5292 1252 1016 5293 1250 989 5294 1250 989 5295 1252 1016 5296 1251 998 5297 1251 998 5298 1252 1016 5299 1312 1017 5300 1251 998 5301 1312 1017 5302 1257 997 5303 1257 997 5304 1312 1017 5305 1256 994 5306 1256 994 5307 1312 1017 5308 1258 1018 5309 1256 994 5310 1258 1018 5311 1259 1019 5312 1256 994 5313 1259 1019 5314 1262 992 5315 1262 992 5316 1259 1019 5317 1260 1020 5318 1262 992 5319 1260 1020 5320 1261 1021 5321 1261 1021 5322 1260 1020 5323 1264 1022 5324 1261 1021 5325 1264 1022 5326 1192 1023 5327 1192 1023 5328 1264 1022 5329 1190 1024 5330 1192 1023 5331 1190 1024 5332 1189 1025 5333 1189 1025 5334 1190 1024 5335 1187 1026 5336 1187 1026 5337 1190 1024 5338 1386 1027 5339 1187 1026 5340 1386 1027 5341 1185 1028 5342 1187 1026 5343 1185 1028 5344 1186 1029 5345 1186 1029 5346 1185 1028 5347 213 1030 5348 1186 1029 5349 213 1030 5350 215 1031 5351 1186 1029 5352 215 1031 5353 1182 1014 5354 1186 1029 5355 1182 1014 5356 1184 1012 5357 1186 1029 5358 1184 1012 5359 1187 1026 5360 1187 1026 5361 1184 1012 5362 1188 1011 5363 1187 1026 5364 1188 1011 5365 1387 1008 5366 1187 1026 5367 1387 1008 5368 1189 1025 5369 1189 1025 5370 1387 1008 5371 1192 1023 5372 1192 1023 5373 1387 1008 5374 1385 1006 5375 1192 1023 5376 1385 1006 5377 1261 1021 5378 1261 1021 5379 1385 1006 5380 1265 1005 5381 1261 1021 5382 1265 1005 5383 1262 992 5384 1262 992 5385 1265 1005 5386 1263 993 5387 1183 1010 5388 1392 937 5389 1388 1009 5390 1388 1009 5391 1392 937 5392 1391 939 5393 1388 1009 5394 1391 939 5395 1389 956 5396 1388 1009 5397 1389 956 5398 1390 1007 5399 1390 1007 5400 1389 956 5401 384 1004 5402 384 1004 5403 1389 956 5404 104 1032 5405 384 1004 5406 104 1032 5407 101 1033 5408 384 1004 5409 101 1033 5410 97 1003 5411 97 1003 5412 101 1033 5413 98 1034 5414 97 1003 5415 98 1034 5416 1585 1035 5417 97 1003 5418 1585 1035 5419 99 1002 5420 99 1002 5421 1585 1035 5422 869 1036 5423 99 1002 5424 869 1036 5425 1254 1001 5426 1254 1001 5427 869 1036 5428 870 1037 5429 1254 1001 5430 870 1037 5431 868 1000 5432 868 1000 5433 870 1037 5434 865 985 5435 865 985 5436 870 1037 5437 866 983 5438 866 983 5439 870 1037 5440 58 978 5441 58 978 5442 870 1037 5443 871 1038 5444 58 978 5445 871 1038 5446 133 962 5447 133 962 5448 871 1038 5449 872 961 5450 872 961 5451 871 1038 5452 870 1037 5453 872 961 5454 870 1037 5455 869 1036 5456 872 961 5457 869 1036 5458 1585 1035 5459 872 961 5460 1585 1035 5461 873 960 5462 873 960 5463 1585 1035 5464 1583 959 5465 1583 959 5466 1585 1035 5467 98 1034 5468 1583 959 5469 98 1034 5470 101 1033 5471 1583 959 5472 101 1033 5473 104 1032 5474 1583 959 5475 104 1032 5476 103 958 5477 103 958 5478 104 1032 5479 1393 957 5480 1393 957 5481 104 1032 5482 1389 956 5483 1154 1039 5484 1153 1040 5485 1144 1041 5486 200 1042 5487 63 1043 5488 1100 1044 5489 1100 1044 5490 63 1043 5491 199 1045 5492 1100 1044 5493 199 1045 5494 1095 1046 5495 1095 1046 5496 199 1045 5497 1093 1047 5498 1093 1047 5499 199 1045 5500 1094 1048 5501 1094 1048 5502 199 1045 5503 63 1043 5504 1094 1048 5505 63 1043 5506 62 1049 5507 62 1049 5508 63 1043 5509 2206 1050 5510 2206 1050 5511 63 1043 5512 2205 1051 5513 2206 1050 5514 2205 1051 5515 65 1052 5516 2206 1050 5517 65 1052 5518 1139 1053 5519 2206 1050 5520 1139 1053 5521 1142 1054 5522 2206 1050 5523 1142 1054 5524 64 1055 5525 2206 1050 5526 64 1055 5527 62 1049 5528 62 1049 5529 64 1055 5530 1144 1041 5531 1144 1041 5532 64 1055 5533 1142 1054 5534 1144 1041 5535 1142 1054 5536 1141 1056 5537 1144 1041 5538 1141 1056 5539 1154 1039 5540 1154 1039 5541 1141 1056 5542 1143 1057 5543 1154 1039 5544 1143 1057 5545 198 1058 5546 1154 1039 5547 198 1058 5548 1151 1059 5549 1154 1039 5550 1151 1059 5551 1103 1060 5552 1154 1039 5553 1103 1060 5554 1153 1040 5555 1153 1040 5556 1103 1060 5557 1102 1061 5558 1153 1040 5559 1102 1061 5560 1155 1062 5561 1155 1062 5562 1102 1061 5563 1093 1047 5564 1155 1062 5565 1093 1047 5566 1094 1048 5567 1155 1062 5568 1094 1048 5569 1153 1040 5570 1153 1040 5571 1094 1048 5572 1156 1063 5573 1156 1063 5574 1094 1048 5575 62 1049 5576 1156 1063 5577 62 1049 5578 1144 1041 5579 1156 1063 5580 1144 1041 5581 1153 1040 5582 1143 1057 5583 1141 1056 5584 1146 1064 5585 1143 1057 5586 1146 1064 5587 198 1058 5588 198 1058 5589 1146 1064 5590 2167 1065 5591 198 1058 5592 2167 1065 5593 1152 1066 5594 198 1058 5595 1152 1066 5596 1151 1059 5597 1151 1059 5598 1152 1066 5599 1105 1067 5600 1151 1059 5601 1105 1067 5602 1103 1060 5603 1103 1060 5604 1105 1067 5605 1102 1061 5606 1102 1061 5607 1105 1067 5608 1104 1068 5609 1102 1061 5610 1104 1068 5611 1107 1069 5612 1102 1061 5613 1107 1069 5614 1089 1070 5615 1102 1061 5616 1089 1070 5617 1093 1047 5618 1093 1047 5619 1089 1070 5620 1090 1071 5621 1090 1071 5622 1089 1070 5623 1107 1069 5624 1090 1071 5625 1107 1069 5626 1159 1072 5627 1090 1071 5628 1159 1072 5629 1088 1073 5630 1090 1071 5631 1088 1073 5632 1091 1074 5633 1091 1074 5634 1088 1073 5635 1157 1075 5636 1157 1075 5637 1088 1073 5638 1078 1076 5639 1157 1075 5640 1078 1076 5641 1079 1077 5642 1157 1075 5643 1079 1077 5644 1075 1078 5645 1075 1078 5646 1079 1077 5647 1076 1079 5648 1076 1079 5649 1079 1077 5650 1081 1080 5651 1076 1079 5652 1081 1080 5653 118 1081 5654 1076 1079 5655 118 1081 5656 1077 1082 5657 1076 1079 5658 1077 1082 5659 1067 1083 5660 1076 1079 5661 1067 1083 5662 1066 1084 5663 1066 1084 5664 1067 1083 5665 1069 1085 5666 1069 1085 5667 1067 1083 5668 1063 1086 5669 1063 1086 5670 1067 1083 5671 1077 1082 5672 1063 1086 5673 1077 1082 5674 1062 1087 5675 1062 1087 5676 1077 1082 5677 119 568 5678 119 568 5679 1077 1082 5680 118 1081 5681 119 568 5682 118 1081 5683 1080 569 5684 1080 569 5685 118 1081 5686 1081 1080 5687 1080 569 5688 1081 1080 5689 1079 1077 5690 1080 569 5691 1079 1077 5692 1083 580 5693 1083 580 5694 1079 1077 5695 1082 579 5696 1082 579 5697 1079 1077 5698 1078 1076 5699 1082 579 5700 1078 1076 5701 1088 1073 5702 1082 579 5703 1088 1073 5704 1086 578 5705 1086 578 5706 1088 1073 5707 226 1088 5708 226 1088 5709 1088 1073 5710 1159 1072 5711 226 1088 5712 1159 1072 5713 1107 1069 5714 226 1088 5715 1107 1069 5716 1106 1089 5717 1106 1089 5718 1107 1069 5719 1104 1068 5720 1106 1089 5721 1104 1068 5722 223 1090 5723 223 1090 5724 1104 1068 5725 1108 1091 5726 1108 1091 5727 1104 1068 5728 1105 1067 5729 1108 1091 5730 1105 1067 5731 1152 1066 5732 1108 1091 5733 1152 1066 5734 1109 1092 5735 1109 1092 5736 1152 1066 5737 2167 1065 5738 1109 1092 5739 2167 1065 5740 2168 1093 5741 2168 1093 5742 2167 1065 5743 216 1094 5744 216 1094 5745 2167 1065 5746 1146 1064 5747 216 1094 5748 1146 1064 5749 1145 1095 5750 216 1094 5751 1145 1095 5752 1147 1096 5753 1147 1096 5754 1145 1095 5755 1136 1097 5756 1136 1097 5757 1145 1095 5758 1138 1098 5759 1136 1097 5760 1138 1098 5761 1140 1099 5762 1136 1097 5763 1140 1099 5764 1137 1100 5765 1137 1100 5766 1140 1099 5767 197 1101 5768 197 1101 5769 1140 1099 5770 196 1102 5771 197 1101 5772 196 1102 5773 1383 1103 5774 1146 1064 5775 1141 1056 5776 1145 1095 5777 1145 1095 5778 1141 1056 5779 1138 1098 5780 1138 1098 5781 1141 1056 5782 1142 1054 5783 1138 1098 5784 1142 1054 5785 1139 1053 5786 1138 1098 5787 1139 1053 5788 1140 1099 5789 1140 1099 5790 1139 1053 5791 196 1102 5792 1556 1104 5793 1063 1086 5794 1061 1105 5795 1061 1105 5796 1063 1086 5797 1059 1106 5798 1059 1106 5799 1063 1086 5800 1062 1087 5801 1059 1106 5802 1062 1087 5803 119 568 5804 1059 1106 5805 119 568 5806 1058 570 5807 1059 1106 5808 1058 570 5809 1056 571 5810 1059 1106 5811 1056 571 5812 1060 1107 5813 1060 1107 5814 1056 571 5815 1561 1108 5816 1561 1108 5817 1056 571 5818 1055 572 5819 1561 1108 5820 1055 572 5821 120 573 5822 1561 1108 5823 120 573 5824 1560 1109 5825 1561 1108 5826 1560 1109 5827 1562 1110 5828 1561 1108 5829 1562 1110 5830 1563 1111 5831 1561 1108 5832 1563 1111 5833 1559 1112 5834 1559 1112 5835 1563 1111 5836 1557 1113 5837 1559 1112 5838 1557 1113 5839 1061 1105 5840 1559 1112 5841 1061 1105 5842 1059 1106 5843 1559 1112 5844 1059 1106 5845 1060 1107 5846 1559 1112 5847 1060 1107 5848 1561 1108 5849 1061 1105 5850 1557 1113 5851 1556 1104 5852 1556 1104 5853 1557 1113 5854 1167 1114 5855 1556 1104 5856 1167 1114 5857 1165 1115 5858 1556 1104 5859 1165 1115 5860 1064 1116 5861 1556 1104 5862 1064 1116 5863 1063 1086 5864 1063 1086 5865 1064 1116 5866 1069 1085 5867 1069 1085 5868 1064 1116 5869 1165 1115 5870 1069 1085 5871 1165 1115 5872 1068 1117 5873 1068 1117 5874 1165 1115 5875 1166 1118 5876 1068 1117 5877 1166 1118 5878 1164 1119 5879 1164 1119 5880 1166 1118 5881 204 1120 5882 1164 1119 5883 204 1120 5884 203 1121 5885 203 1121 5886 204 1120 5887 205 1122 5888 205 1122 5889 204 1120 5890 1166 1118 5891 205 1122 5892 1166 1118 5893 1170 1123 5894 1170 1123 5895 1166 1118 5896 1165 1115 5897 1170 1123 5898 1165 1115 5899 1167 1114 5900 1170 1123 5901 1167 1114 5902 1168 1124 5903 1168 1124 5904 1167 1114 5905 1557 1113 5906 1168 1124 5907 1557 1113 5908 116 1125 5909 116 1125 5910 1557 1113 5911 1558 1126 5912 1558 1126 5913 1557 1113 5914 1563 1111 5915 1558 1126 5916 1563 1111 5917 117 1127 5918 117 1127 5919 1563 1111 5920 1562 1110 5921 117 1127 5922 1562 1110 5923 112 1128 5924 117 1127 5925 112 1128 5926 1558 1126 5927 1558 1126 5928 112 1128 5929 116 1125 5930 116 1125 5931 112 1128 5932 115 1129 5933 116 1125 5934 115 1129 5935 1168 1124 5936 1168 1124 5937 115 1129 5938 1169 1130 5939 1168 1124 5940 1169 1130 5941 1170 1123 5942 1170 1123 5943 1169 1130 5944 1172 1131 5945 88 930 5946 87 905 5947 125 1132 5948 125 1132 5949 87 905 5950 113 1133 5951 125 1132 5952 113 1133 5953 112 1128 5954 125 1132 5955 112 1128 5956 114 1134 5957 114 1134 5958 112 1128 5959 1562 1110 5960 114 1134 5961 1562 1110 5962 123 575 5963 123 575 5964 1562 1110 5965 1560 1109 5966 123 575 5967 1560 1109 5968 120 573 5969 123 575 5970 120 573 5971 121 574 5972 1549 932 5973 1547 935 5974 106 931 5975 106 931 5976 1547 935 5977 1548 1135 5978 106 931 5979 1548 1135 5980 1550 907 5981 1550 907 5982 1548 1135 5983 1551 1136 5984 1550 907 5985 1551 1136 5986 1554 1137 5987 1550 907 5988 1554 1137 5989 1552 906 5990 1552 906 5991 1554 1137 5992 87 905 5993 87 905 5994 1554 1137 5995 1553 1138 5996 87 905 5997 1553 1138 5998 2197 1139 5999 87 905 6000 2197 1139 6001 113 1133 6002 113 1133 6003 2197 1139 6004 112 1128 6005 112 1128 6006 2197 1139 6007 2196 1140 6008 112 1128 6009 2196 1140 6010 115 1129 6011 115 1129 6012 2196 1140 6013 1169 1130 6014 1169 1130 6015 2196 1140 6016 2197 1139 6017 1169 1130 6018 2197 1139 6019 1172 1131 6020 1172 1131 6021 2197 1139 6022 1553 1138 6023 1172 1131 6024 1553 1138 6025 1554 1137 6026 1172 1131 6027 1554 1137 6028 1175 1141 6029 1175 1141 6030 1554 1137 6031 1555 1142 6032 1555 1142 6033 1554 1137 6034 1551 1136 6035 1555 1142 6036 1551 1136 6037 1548 1135 6038 1555 1142 6039 1548 1135 6040 1180 1143 6041 1180 1143 6042 1548 1135 6043 1547 935 6044 1180 1143 6045 1547 935 6046 1546 1015 6047 1180 1143 6048 1546 1015 6049 1179 1144 6050 1179 1144 6051 1546 1015 6052 1182 1014 6053 1179 1144 6054 1182 1014 6055 215 1031 6056 1179 1144 6057 215 1031 6058 214 1145 6059 214 1145 6060 215 1031 6061 213 1030 6062 214 1145 6063 213 1030 6064 1178 1146 6065 214 1145 6066 1178 1146 6067 1176 1147 6068 1178 1146 6069 1349 1148 6070 1176 1147 6071 1176 1147 6072 1349 1148 6073 1353 1149 6074 1176 1147 6075 1353 1149 6076 1174 1150 6077 1174 1150 6078 1353 1149 6079 205 1122 6080 1174 1150 6081 205 1122 6082 1171 1151 6083 1171 1151 6084 205 1122 6085 1170 1123 6086 1171 1151 6087 1170 1123 6088 1172 1131 6089 1171 1151 6090 1172 1131 6091 1175 1141 6092 1171 1151 6093 1175 1141 6094 1173 1152 6095 1171 1151 6096 1173 1152 6097 1174 1150 6098 1174 1150 6099 1173 1152 6100 1176 1147 6101 1176 1147 6102 1173 1152 6103 1177 1153 6104 1176 1147 6105 1177 1153 6106 1179 1144 6107 1176 1147 6108 1179 1144 6109 214 1145 6110 1180 1143 6111 1179 1144 6112 1555 1142 6113 1555 1142 6114 1179 1144 6115 1177 1153 6116 1555 1142 6117 1177 1153 6118 1173 1152 6119 1555 1142 6120 1173 1152 6121 1175 1141 6122 1073 1154 6123 1072 1155 6124 2171 1156 6125 2171 1156 6126 1072 1155 6127 201 1157 6128 2171 1156 6129 201 1157 6130 1098 1158 6131 1098 1158 6132 201 1157 6133 2170 1159 6134 2170 1159 6135 201 1157 6136 202 1160 6137 2170 1159 6138 202 1160 6139 207 1161 6140 207 1161 6141 202 1160 6142 1355 1162 6143 1355 1162 6144 202 1160 6145 201 1157 6146 1355 1162 6147 201 1157 6148 206 1163 6149 206 1163 6150 201 1157 6151 203 1121 6152 206 1163 6153 203 1121 6154 205 1122 6155 206 1163 6156 205 1122 6157 1355 1162 6158 1355 1162 6159 205 1122 6160 1356 1164 6161 1356 1164 6162 205 1122 6163 1353 1149 6164 1356 1164 6165 1353 1149 6166 1348 1165 6167 1356 1164 6168 1348 1165 6169 1352 1166 6170 1356 1164 6171 1352 1166 6172 1355 1162 6173 1355 1162 6174 1352 1166 6175 1357 1167 6176 1357 1167 6177 1352 1166 6178 1354 1168 6179 1354 1168 6180 1352 1166 6181 1358 1169 6182 1358 1169 6183 1352 1166 6184 1348 1165 6185 1358 1169 6186 1348 1165 6187 1347 1170 6188 1358 1169 6189 1347 1170 6190 1360 1171 6191 1360 1171 6192 1347 1170 6193 1362 1172 6194 1360 1171 6195 1362 1172 6196 1363 1173 6197 1360 1171 6198 1363 1173 6199 1361 1174 6200 1360 1171 6201 1361 1174 6202 1359 1175 6203 1360 1171 6204 1359 1175 6205 1377 1176 6206 1377 1176 6207 1359 1175 6208 1378 1177 6209 1377 1176 6210 1378 1177 6211 1354 1168 6212 1377 1176 6213 1354 1168 6214 1360 1171 6215 1360 1171 6216 1354 1168 6217 1358 1169 6218 764 1178 6219 763 1179 6220 1384 1180 6221 1384 1180 6222 763 1179 6223 1381 1181 6224 1384 1180 6225 1381 1181 6226 1378 1177 6227 1378 1177 6228 1381 1181 6229 1379 1182 6230 1378 1177 6231 1379 1182 6232 1354 1168 6233 1354 1168 6234 1379 1182 6235 67 1183 6236 1354 1168 6237 67 1183 6238 1357 1167 6239 1357 1167 6240 67 1183 6241 210 1184 6242 1357 1167 6243 210 1184 6244 1355 1162 6245 1355 1162 6246 210 1184 6247 208 1185 6248 1355 1162 6249 208 1185 6250 207 1161 6251 207 1161 6252 208 1185 6253 2169 1186 6254 207 1161 6255 2169 1186 6256 2170 1159 6257 2170 1159 6258 2169 1186 6259 200 1042 6260 2170 1159 6261 200 1042 6262 1098 1158 6263 1098 1158 6264 200 1042 6265 1100 1044 6266 1098 1158 6267 1100 1044 6268 1099 1187 6269 1099 1187 6270 1100 1044 6271 1095 1046 6272 1099 1187 6273 1095 1046 6274 1098 1158 6275 1098 1158 6276 1095 1046 6277 1097 1188 6278 1098 1158 6279 1097 1188 6280 2171 1156 6281 2171 1156 6282 1097 1188 6283 1101 1189 6284 2171 1156 6285 1101 1189 6286 1073 1154 6287 1073 1154 6288 1101 1189 6289 1158 1190 6290 1158 1190 6291 1101 1189 6292 1097 1188 6293 1158 1190 6294 1097 1188 6295 1096 1191 6296 1096 1191 6297 1097 1188 6298 1095 1046 6299 1096 1191 6300 1095 1046 6301 1092 1192 6302 1092 1192 6303 1095 1046 6304 1093 1047 6305 1092 1192 6306 1093 1047 6307 1090 1071 6308 1092 1192 6309 1090 1071 6310 1096 1191 6311 1096 1191 6312 1090 1071 6313 1091 1074 6314 208 1185 6315 210 1184 6316 209 1193 6317 209 1193 6318 210 1184 6319 67 1183 6320 209 1193 6321 67 1183 6322 66 1194 6323 66 1194 6324 67 1183 6325 1380 1195 6326 1380 1195 6327 67 1183 6328 1379 1182 6329 1380 1195 6330 1379 1182 6331 1382 1196 6332 1382 1196 6333 1379 1182 6334 1381 1181 6335 1382 1196 6336 1381 1181 6337 762 1197 6338 762 1197 6339 1381 1181 6340 763 1179 6341 762 1197 6342 763 1179 6343 760 1198 6344 762 1197 6345 760 1198 6346 1383 1103 6347 762 1197 6348 1383 1103 6349 1382 1196 6350 1382 1196 6351 1383 1103 6352 196 1102 6353 1382 1196 6354 196 1102 6355 1380 1195 6356 1380 1195 6357 196 1102 6358 1139 1053 6359 1380 1195 6360 1139 1053 6361 66 1194 6362 66 1194 6363 1139 1053 6364 65 1052 6365 66 1194 6366 65 1052 6367 209 1193 6368 209 1193 6369 65 1052 6370 2205 1051 6371 209 1193 6372 2205 1051 6373 2169 1186 6374 209 1193 6375 2169 1186 6376 208 1185 6377 1091 1074 6378 1157 1075 6379 1096 1191 6380 1096 1191 6381 1157 1075 6382 1158 1190 6383 1158 1190 6384 1157 1075 6385 1074 1199 6386 1158 1190 6387 1074 1199 6388 1073 1154 6389 1073 1154 6390 1074 1199 6391 1066 1084 6392 1073 1154 6393 1066 1084 6394 1065 1200 6395 1065 1200 6396 1066 1084 6397 1069 1085 6398 1065 1200 6399 1069 1085 6400 1070 1201 6401 1070 1201 6402 1069 1085 6403 1068 1117 6404 1070 1201 6405 1068 1117 6406 1164 1119 6407 1070 1201 6408 1164 1119 6409 1071 1202 6410 1071 1202 6411 1164 1119 6412 203 1121 6413 1071 1202 6414 203 1121 6415 201 1157 6416 1071 1202 6417 201 1157 6418 1070 1201 6419 1070 1201 6420 201 1157 6421 1072 1155 6422 1070 1201 6423 1072 1155 6424 1073 1154 6425 1070 1201 6426 1073 1154 6427 1065 1200 6428 1157 1075 6429 1075 1078 6430 1074 1199 6431 1074 1199 6432 1075 1078 6433 1076 1079 6434 1074 1199 6435 1076 1079 6436 1066 1084 6437 2177 3 6438 192 1203 6439 195 20 6440 195 20 6441 192 1203 6442 754 1204 6443 195 20 6444 754 1204 6445 1699 1205 6446 1699 1205 6447 754 1204 6448 752 1206 6449 1699 1205 6450 752 1206 6451 755 1207 6452 755 1207 6453 752 1206 6454 757 1208 6455 757 1208 6456 752 1206 6457 751 1209 6458 757 1208 6459 751 1209 6460 197 1101 6461 757 1208 6462 197 1101 6463 761 1210 6464 761 1210 6465 197 1101 6466 1383 1103 6467 761 1210 6468 1383 1103 6469 760 1198 6470 761 1210 6471 760 1198 6472 757 1208 6473 757 1208 6474 760 1198 6475 756 1211 6476 757 1208 6477 756 1211 6478 194 1212 6479 757 1208 6480 194 1212 6481 755 1207 6482 755 1207 6483 194 1212 6484 183 1213 6485 755 1207 6486 183 1213 6487 1699 1205 6488 1699 1205 6489 183 1213 6490 195 20 6491 195 20 6492 183 1213 6493 184 1214 6494 195 20 6495 184 1214 6496 2173 18 6497 2173 18 6498 184 1214 6499 1695 1215 6500 2173 18 6501 1695 1215 6502 1694 16 6503 1694 16 6504 1695 1215 6505 1696 1216 6506 1694 16 6507 1696 1216 6508 1693 14 6509 1693 14 6510 1696 1216 6511 1691 12 6512 1691 12 6513 1696 1216 6514 1690 1217 6515 1691 12 6516 1690 1217 6517 1692 1218 6518 1692 1218 6519 1690 1217 6520 764 1178 6521 1692 1218 6522 764 1178 6523 766 1219 6524 766 1219 6525 764 1178 6526 767 1220 6527 766 1219 6528 767 1220 6529 1372 1221 6530 1372 1221 6531 767 1220 6532 1359 1175 6533 184 1214 6534 1697 1222 6535 1695 1215 6536 1695 1215 6537 1697 1222 6538 1696 1216 6539 1696 1216 6540 1697 1222 6541 1698 1223 6542 1696 1216 6543 1698 1223 6544 765 1224 6545 1696 1216 6546 765 1224 6547 1690 1217 6548 1690 1217 6549 765 1224 6550 764 1178 6551 764 1178 6552 765 1224 6553 763 1179 6554 763 1179 6555 765 1224 6556 1698 1223 6557 183 1213 6558 194 1212 6559 184 1214 6560 184 1214 6561 194 1212 6562 185 1225 6563 185 1225 6564 194 1212 6565 756 1211 6566 185 1225 6567 756 1211 6568 759 1226 6569 759 1226 6570 756 1211 6571 760 1198 6572 759 1226 6573 760 1198 6574 758 1227 6575 758 1227 6576 760 1198 6577 763 1179 6578 758 1227 6579 763 1179 6580 1698 1223 6581 758 1227 6582 1698 1223 6583 759 1226 6584 759 1226 6585 1698 1223 6586 1697 1222 6587 759 1226 6588 1697 1222 6589 184 1214 6590 759 1226 6591 184 1214 6592 185 1225 6593 1372 1221 6594 1370 1228 6595 1371 1229 6596 1371 1229 6597 1370 1228 6598 769 1230 6599 1371 1229 6600 769 1230 6601 768 1231 6602 768 1231 6603 769 1230 6604 772 1232 6605 768 1231 6606 772 1232 6607 770 1233 6608 768 1231 6609 770 1233 6610 1678 1234 6611 768 1231 6612 1678 1234 6613 1684 1235 6614 768 1231 6615 1684 1235 6616 1687 1236 6617 1687 1236 6618 1684 1235 6619 1686 1237 6620 1687 1236 6621 1686 1237 6622 766 1219 6623 766 1219 6624 1686 1237 6625 1692 1218 6626 1692 1218 6627 1686 1237 6628 1691 12 6629 1691 12 6630 1686 1237 6631 1685 10 6632 1685 10 6633 1686 1237 6634 1684 1235 6635 1685 10 6636 1684 1235 6637 162 8 6638 162 8 6639 1684 1235 6640 1677 6 6641 1677 6 6642 1684 1235 6643 1676 4 6644 1676 4 6645 1684 1235 6646 1678 1234 6647 1676 4 6648 1678 1234 6649 770 1233 6650 1676 4 6651 770 1233 6652 1680 210 6653 1680 210 6654 770 1233 6655 1681 212 6656 1681 212 6657 770 1233 6658 46 1238 6659 46 1238 6660 770 1233 6661 771 1239 6662 771 1239 6663 770 1233 6664 772 1232 6665 771 1239 6666 772 1232 6667 769 1230 6668 771 1239 6669 769 1230 6670 1373 1240 6671 1373 1240 6672 769 1230 6673 1370 1228 6674 1373 1240 6675 1370 1228 6676 1364 1241 6677 1364 1241 6678 1370 1228 6679 1363 1173 6680 1363 1173 6681 1370 1228 6682 1361 1174 6683 1361 1174 6684 1370 1228 6685 1359 1175 6686 1359 1175 6687 1370 1228 6688 1372 1221 6689 1372 1221 6690 1371 1229 6691 766 1219 6692 766 1219 6693 1371 1229 6694 768 1231 6695 766 1219 6696 768 1231 6697 1687 1236 6698 1983 1242 6699 1980 1243 6700 1976 1244 6701 2103 759 6702 341 758 6703 2101 768 6704 2101 768 6705 341 758 6706 340 1245 6707 2101 768 6708 340 1245 6709 2057 770 6710 2057 770 6711 340 1245 6712 2100 1246 6713 2057 770 6714 2100 1246 6715 483 1247 6716 483 1247 6717 2100 1246 6718 479 1248 6719 483 1247 6720 479 1248 6721 482 1249 6722 482 1249 6723 479 1248 6724 481 1250 6725 482 1249 6726 481 1250 6727 2050 1251 6728 2050 1251 6729 481 1250 6730 1977 1252 6731 2050 1251 6732 1977 1252 6733 2051 1253 6734 2051 1253 6735 1977 1252 6736 2049 1254 6737 2051 1253 6738 2049 1254 6739 1982 1255 6740 1982 1255 6741 2049 1254 6742 1978 1256 6743 1978 1256 6744 2049 1254 6745 1977 1252 6746 1978 1256 6747 1977 1252 6748 1974 1257 6749 1974 1257 6750 1977 1252 6751 2052 1258 6752 1974 1257 6753 2052 1258 6754 1972 1259 6755 1974 1257 6756 1972 1259 6757 1978 1256 6758 1978 1256 6759 1972 1259 6760 1979 1260 6761 1978 1256 6762 1979 1260 6763 1980 1243 6764 1980 1243 6765 1979 1260 6766 1976 1244 6767 1976 1244 6768 1979 1260 6769 1972 1259 6770 1976 1244 6771 1972 1259 6772 1975 1261 6773 1975 1261 6774 1972 1259 6775 1970 1262 6776 1975 1261 6777 1970 1262 6778 2023 1263 6779 1975 1261 6780 2023 1263 6781 2022 1264 6782 1975 1261 6783 2022 1264 6784 1976 1244 6785 1976 1244 6786 2022 1264 6787 1983 1242 6788 1983 1242 6789 2022 1264 6790 1984 1265 6791 1983 1242 6792 1984 1265 6793 1985 1266 6794 1983 1242 6795 1985 1266 6796 1980 1243 6797 341 758 6798 339 697 6799 340 1245 6800 340 1245 6801 339 697 6802 2228 1267 6803 340 1245 6804 2228 1267 6805 2227 1268 6806 340 1245 6807 2227 1268 6808 2100 1246 6809 2100 1246 6810 2227 1268 6811 2226 1269 6812 2100 1246 6813 2226 1269 6814 480 1270 6815 2100 1246 6816 480 1270 6817 479 1248 6818 479 1248 6819 480 1270 6820 475 1271 6821 475 1271 6822 480 1270 6823 474 1272 6824 475 1271 6825 474 1272 6826 476 1273 6827 475 1271 6828 476 1273 6829 477 1274 6830 477 1274 6831 476 1273 6832 1969 1275 6833 477 1274 6834 1969 1275 6835 2052 1258 6836 2052 1258 6837 1969 1275 6838 1973 1276 6839 2052 1258 6840 1973 1276 6841 1972 1259 6842 1972 1259 6843 1973 1276 6844 1970 1262 6845 1970 1262 6846 1973 1276 6847 1969 1275 6848 1970 1262 6849 1969 1275 6850 1966 1277 6851 1966 1277 6852 1969 1275 6853 26 1278 6854 1966 1277 6855 26 1278 6856 1968 1279 6857 1966 1277 6858 1968 1279 6859 1970 1262 6860 1970 1262 6861 1968 1279 6862 1971 1280 6863 1970 1262 6864 1971 1280 6865 2023 1263 6866 2023 1263 6867 1971 1280 6868 2021 1281 6869 2023 1263 6870 2021 1281 6871 2022 1264 6872 339 697 6873 470 755 6874 2228 1267 6875 2228 1267 6876 470 755 6877 471 1282 6878 2228 1267 6879 471 1282 6880 2224 1283 6881 2228 1267 6882 2224 1283 6883 2227 1268 6884 2227 1268 6885 2224 1283 6886 2226 1269 6887 2226 1269 6888 2224 1283 6889 2225 1284 6890 2226 1269 6891 2225 1284 6892 480 1270 6893 480 1270 6894 2225 1284 6895 474 1272 6896 474 1272 6897 2225 1284 6898 472 1285 6899 472 1285 6900 2225 1284 6901 2224 1283 6902 472 1285 6903 2224 1283 6904 471 1282 6905 472 1285 6906 471 1282 6907 2058 1286 6908 2058 1286 6909 471 1282 6910 1953 1287 6911 1953 1287 6912 471 1282 6913 470 755 6914 1953 1287 6915 470 755 6916 1950 753 6917 1953 1287 6918 1950 753 6919 1949 744 6920 1953 1287 6921 1949 744 6922 1952 1288 6923 1953 1287 6924 1952 1288 6925 2058 1286 6926 2058 1286 6927 1952 1288 6928 22 1289 6929 2058 1286 6930 22 1289 6931 473 1290 6932 2058 1286 6933 473 1290 6934 472 1285 6935 472 1285 6936 473 1290 6937 474 1272 6938 474 1272 6939 473 1290 6940 476 1273 6941 476 1273 6942 473 1290 6943 24 1291 6944 24 1291 6945 473 1290 6946 22 1289 6947 24 1291 6948 22 1289 6949 25 1292 6950 25 1292 6951 22 1289 6952 23 1293 6953 25 1292 6954 23 1293 6955 1955 1294 6956 1955 1294 6957 23 1293 6958 1945 1295 6959 1955 1294 6960 1945 1295 6961 1946 1296 6962 1946 1296 6963 1945 1295 6964 1944 1297 6965 1946 1296 6966 1944 1297 6967 1943 1298 6968 26 1278 6969 1969 1275 6970 2053 1299 6971 2053 1299 6972 1969 1275 6973 476 1273 6974 2053 1299 6975 476 1273 6976 24 1291 6977 2053 1299 6978 24 1291 6979 26 1278 6980 26 1278 6981 24 1291 6982 25 1292 6983 26 1278 6984 25 1292 6985 1955 1294 6986 26 1278 6987 1955 1294 6988 1967 1300 6989 26 1278 6990 1967 1300 6991 1968 1279 6992 1968 1279 6993 1967 1300 6994 1964 1301 6995 1968 1279 6996 1964 1301 6997 2017 1302 6998 1968 1279 6999 2017 1302 7000 2019 1303 7001 1968 1279 7002 2019 1303 7003 1971 1280 7004 1971 1280 7005 2019 1303 7006 2021 1281 7007 2021 1281 7008 2019 1303 7009 2018 1304 7010 2018 1304 7011 2019 1303 7012 2017 1302 7013 2018 1304 7014 2017 1302 7015 1965 1305 7016 1965 1305 7017 2017 1302 7018 1964 1301 7019 1965 1305 7020 1964 1301 7021 1962 1306 7022 1962 1306 7023 1964 1301 7024 1960 1307 7025 1960 1307 7026 1964 1301 7027 1963 1308 7028 1960 1307 7029 1963 1308 7030 364 1309 7031 1960 1307 7032 364 1309 7033 1959 1310 7034 1959 1310 7035 364 1309 7036 366 1311 7037 366 1311 7038 364 1309 7039 365 1312 7040 366 1311 7041 365 1312 7042 1946 1296 7043 366 1311 7044 1946 1296 7045 1943 1298 7046 364 1309 7047 1963 1308 7048 1954 1313 7049 1954 1313 7050 1963 1308 7051 1964 1301 7052 1954 1313 7053 1964 1301 7054 1967 1300 7055 1954 1313 7056 1967 1300 7057 1955 1294 7058 1954 1313 7059 1955 1294 7060 1946 1296 7061 1954 1313 7062 1946 1296 7063 365 1312 7064 1954 1313 7065 365 1312 7066 364 1309 7067 1952 1288 7068 1949 744 7069 1948 1314 7070 1948 1314 7071 1949 744 7072 1951 743 7073 1948 1314 7074 1951 743 7075 398 263 7076 1948 1314 7077 398 263 7078 1947 1315 7079 1947 1315 7080 398 263 7081 336 260 7082 1947 1315 7083 336 260 7084 335 1316 7085 335 1316 7086 336 260 7087 1934 259 7088 335 1316 7089 1934 259 7090 1938 1317 7091 335 1316 7092 1938 1317 7093 1937 1318 7094 335 1316 7095 1937 1318 7096 1947 1315 7097 1947 1315 7098 1937 1318 7099 1944 1297 7100 1947 1315 7101 1944 1297 7102 1945 1295 7103 1947 1315 7104 1945 1295 7105 1948 1314 7106 1948 1314 7107 1945 1295 7108 23 1293 7109 1948 1314 7110 23 1293 7111 22 1289 7112 1948 1314 7113 22 1289 7114 1952 1288 7115 2020 1319 7116 254 1320 7117 253 1321 7118 253 1321 7119 254 1320 7120 255 1322 7121 253 1321 7122 255 1322 7123 2029 1323 7124 253 1321 7125 2029 1323 7126 2026 1324 7127 253 1321 7128 2026 1324 7129 2025 1325 7130 253 1321 7131 2025 1325 7132 2020 1319 7133 2020 1319 7134 2025 1325 7135 2021 1281 7136 2020 1319 7137 2021 1281 7138 2018 1304 7139 2020 1319 7140 2018 1304 7141 254 1320 7142 254 1320 7143 2018 1304 7144 2015 1326 7145 254 1320 7146 2015 1326 7147 255 1322 7148 255 1322 7149 2015 1326 7150 2045 1327 7151 255 1322 7152 2045 1327 7153 2043 1328 7154 255 1322 7155 2043 1328 7156 2030 1329 7157 255 1322 7158 2030 1329 7159 2029 1323 7160 2029 1323 7161 2030 1329 7162 2031 1330 7163 2029 1323 7164 2031 1330 7165 2026 1324 7166 2026 1324 7167 2031 1330 7168 2027 1331 7169 2026 1324 7170 2027 1331 7171 2025 1325 7172 2025 1325 7173 2027 1331 7174 2024 1332 7175 2025 1325 7176 2024 1332 7177 2021 1281 7178 2021 1281 7179 2024 1332 7180 2022 1264 7181 2022 1264 7182 2024 1332 7183 2027 1331 7184 2022 1264 7185 2027 1331 7186 1984 1265 7187 1997 1333 7188 512 1334 7189 1993 1335 7190 1993 1335 7191 512 1334 7192 1992 1336 7193 1992 1336 7194 512 1334 7195 511 1337 7196 1992 1336 7197 511 1337 7198 1987 1338 7199 1992 1336 7200 1987 1338 7201 1990 1339 7202 1990 1339 7203 1987 1338 7204 1989 1340 7205 1990 1339 7206 1989 1340 7207 2033 1341 7208 2033 1341 7209 1989 1340 7210 2031 1330 7211 2033 1341 7212 2031 1330 7213 2032 1342 7214 2032 1342 7215 2031 1330 7216 2030 1329 7217 2032 1342 7218 2030 1329 7219 2043 1328 7220 2032 1342 7221 2043 1328 7222 370 1343 7223 2032 1342 7224 370 1343 7225 2035 1344 7226 2032 1342 7227 2035 1344 7228 2033 1341 7229 2033 1341 7230 2035 1344 7231 2034 1345 7232 2033 1341 7233 2034 1345 7234 1990 1339 7235 1990 1339 7236 2034 1345 7237 1991 1346 7238 1990 1339 7239 1991 1346 7240 1992 1336 7241 1992 1336 7242 1991 1346 7243 1993 1335 7244 1993 1335 7245 1991 1346 7246 269 1347 7247 269 1347 7248 1991 1346 7249 268 1348 7250 268 1348 7251 1991 1346 7252 2036 1349 7253 268 1348 7254 2036 1349 7255 2038 1350 7256 2038 1350 7257 2036 1349 7258 2034 1345 7259 2034 1345 7260 2036 1349 7261 1991 1346 7262 2045 1327 7263 371 1351 7264 2043 1328 7265 2043 1328 7266 371 1351 7267 367 1352 7268 2043 1328 7269 367 1352 7270 370 1343 7271 370 1343 7272 367 1352 7273 369 1353 7274 370 1343 7275 369 1353 7276 2035 1344 7277 2035 1344 7278 369 1353 7279 2037 1354 7280 2035 1344 7281 2037 1354 7282 2038 1350 7283 2038 1350 7284 2037 1354 7285 2042 1355 7286 2038 1350 7287 2042 1355 7288 268 1348 7289 268 1348 7290 2042 1355 7291 267 1356 7292 268 1348 7293 267 1356 7294 269 1347 7295 269 1347 7296 267 1356 7297 1994 1357 7298 269 1347 7299 1994 1357 7300 1993 1335 7301 1993 1335 7302 1994 1357 7303 1997 1333 7304 1997 1333 7305 1994 1357 7306 1996 1358 7307 1996 1358 7308 1994 1357 7309 1995 1359 7310 1996 1358 7311 1995 1359 7312 1998 1360 7313 1998 1360 7314 1995 1359 7315 2047 1361 7316 1998 1360 7317 2047 1361 7318 2004 1362 7319 2004 1362 7320 2047 1361 7321 2007 1363 7322 2004 1362 7323 2007 1363 7324 2005 1364 7325 2005 1364 7326 2007 1363 7327 2008 1365 7328 2005 1364 7329 2008 1365 7330 2006 1366 7331 2006 1366 7332 2008 1365 7333 2014 1367 7334 2006 1366 7335 2014 1367 7336 1958 1368 7337 1958 1368 7338 2014 1367 7339 2013 1369 7340 1958 1368 7341 2013 1369 7342 1960 1307 7343 1958 1368 7344 1960 1307 7345 1959 1310 7346 1958 1368 7347 1959 1310 7348 1957 1370 7349 1957 1370 7350 1959 1310 7351 366 1311 7352 1957 1370 7353 366 1311 7354 1943 1298 7355 1957 1370 7356 1943 1298 7357 1942 1371 7358 1994 1357 7359 267 1356 7360 1995 1359 7361 1995 1359 7362 267 1356 7363 2041 1372 7364 1995 1359 7365 2041 1372 7366 2047 1361 7367 2047 1361 7368 2041 1372 7369 2007 1363 7370 2007 1363 7371 2041 1372 7372 2040 1373 7373 2040 1373 7374 2041 1372 7375 267 1356 7376 2040 1373 7377 267 1356 7378 2042 1355 7379 2040 1373 7380 2042 1355 7381 2037 1354 7382 2040 1373 7383 2037 1354 7384 2010 1374 7385 2040 1373 7386 2010 1374 7387 2007 1363 7388 2007 1363 7389 2010 1374 7390 2008 1365 7391 2008 1365 7392 2010 1374 7393 2009 1375 7394 2008 1365 7395 2009 1375 7396 2014 1367 7397 2014 1367 7398 2009 1375 7399 2012 1376 7400 2014 1367 7401 2012 1376 7402 2013 1369 7403 2013 1369 7404 2012 1376 7405 1961 1377 7406 2013 1369 7407 1961 1377 7408 1960 1307 7409 1960 1307 7410 1961 1377 7411 1962 1306 7412 1962 1306 7413 1961 1377 7414 2016 1378 7415 1962 1306 7416 2016 1378 7417 1965 1305 7418 1965 1305 7419 2016 1378 7420 2018 1304 7421 2018 1304 7422 2016 1378 7423 2015 1326 7424 2015 1326 7425 2016 1378 7426 2045 1327 7427 2045 1327 7428 2016 1378 7429 2044 1379 7430 2045 1327 7431 2044 1379 7432 2046 1380 7433 2045 1327 7434 2046 1380 7435 371 1351 7436 371 1351 7437 2046 1380 7438 367 1352 7439 367 1352 7440 2046 1380 7441 368 1381 7442 367 1352 7443 368 1381 7444 369 1353 7445 369 1353 7446 368 1381 7447 2037 1354 7448 2037 1354 7449 368 1381 7450 2039 1382 7451 2037 1354 7452 2039 1382 7453 2010 1374 7454 2010 1374 7455 2039 1382 7456 2009 1375 7457 2009 1375 7458 2039 1382 7459 2011 1383 7460 2011 1383 7461 2039 1382 7462 368 1381 7463 2011 1383 7464 368 1381 7465 2046 1380 7466 2011 1383 7467 2046 1380 7468 2012 1376 7469 2011 1383 7470 2012 1376 7471 2009 1375 7472 2046 1380 7473 2044 1379 7474 2012 1376 7475 2012 1376 7476 2044 1379 7477 2016 1378 7478 2012 1376 7479 2016 1378 7480 1961 1377 7481 1958 1368 7482 1957 1370 7483 2006 1366 7484 2006 1366 7485 1957 1370 7486 2002 1384 7487 2006 1366 7488 2002 1384 7489 2005 1364 7490 2005 1364 7491 2002 1384 7492 2001 1385 7493 2005 1364 7494 2001 1385 7495 2000 1386 7496 2005 1364 7497 2000 1386 7498 2004 1362 7499 2004 1362 7500 2000 1386 7501 1998 1360 7502 1998 1360 7503 2000 1386 7504 520 1387 7505 520 1387 7506 2000 1386 7507 524 1388 7508 520 1387 7509 524 1388 7510 522 1389 7511 522 1389 7512 524 1388 7513 525 1390 7514 522 1389 7515 525 1390 7516 527 1391 7517 527 1391 7518 525 1390 7519 526 1392 7520 527 1391 7521 526 1392 7522 265 1393 7523 265 1393 7524 526 1392 7525 530 1394 7526 530 1394 7527 526 1392 7528 529 1395 7529 529 1395 7530 526 1392 7531 528 1396 7532 528 1396 7533 526 1392 7534 1940 1397 7535 1940 1397 7536 526 1392 7537 1939 1398 7538 1939 1398 7539 526 1392 7540 525 1390 7541 1939 1398 7542 525 1390 7543 2003 1399 7544 1939 1398 7545 2003 1399 7546 1940 1397 7547 1940 1397 7548 2003 1399 7549 1941 1400 7550 1941 1400 7551 2003 1399 7552 1956 1401 7553 1941 1400 7554 1956 1401 7555 1942 1371 7556 1942 1371 7557 1956 1401 7558 1957 1370 7559 1957 1370 7560 1956 1401 7561 2002 1384 7562 2002 1384 7563 1956 1401 7564 2001 1385 7565 2001 1385 7566 1956 1401 7567 2003 1399 7568 2001 1385 7569 2003 1399 7570 524 1388 7571 2001 1385 7572 524 1388 7573 2000 1386 7574 1934 259 7575 9 257 7576 1938 1317 7577 1938 1317 7578 9 257 7579 531 1402 7580 531 1402 7581 9 257 7582 8 254 7583 531 1402 7584 8 254 7585 534 253 7586 531 1402 7587 534 253 7588 529 1395 7589 529 1395 7590 534 253 7591 532 250 7592 529 1395 7593 532 250 7594 533 248 7595 529 1395 7596 533 248 7597 530 1394 7598 530 1394 7599 533 248 7600 2151 1403 7601 530 1394 7602 2151 1403 7603 265 1393 7604 265 1393 7605 2151 1403 7606 264 1404 7607 265 1393 7608 264 1404 7609 527 1391 7610 527 1391 7611 264 1404 7612 523 1405 7613 527 1391 7614 523 1405 7615 522 1389 7616 522 1389 7617 523 1405 7618 521 1406 7619 522 1389 7620 521 1406 7621 520 1387 7622 520 1387 7623 521 1406 7624 518 1407 7625 520 1387 7626 518 1407 7627 1998 1360 7628 1998 1360 7629 518 1407 7630 1999 1408 7631 1998 1360 7632 1999 1408 7633 1996 1358 7634 1996 1358 7635 1999 1408 7636 514 1409 7637 1996 1358 7638 514 1409 7639 1997 1333 7640 1997 1333 7641 514 1409 7642 513 1410 7643 1997 1333 7644 513 1410 7645 512 1334 7646 512 1334 7647 513 1410 7648 510 1411 7649 512 1334 7650 510 1411 7651 511 1337 7652 511 1337 7653 510 1411 7654 1988 1412 7655 511 1337 7656 1988 1412 7657 1987 1338 7658 1987 1338 7659 1988 1412 7660 1985 1266 7661 1987 1338 7662 1985 1266 7663 1986 1413 7664 1986 1413 7665 1985 1266 7666 1984 1265 7667 1986 1413 7668 1984 1265 7669 2027 1331 7670 508 1414 7671 507 1415 7672 510 1411 7673 508 1414 7674 510 1411 7675 516 1416 7676 516 1416 7677 510 1411 7678 513 1410 7679 516 1416 7680 513 1410 7681 515 1417 7682 515 1417 7683 513 1410 7684 514 1409 7685 515 1417 7686 514 1409 7687 519 1418 7688 519 1418 7689 514 1409 7690 1999 1408 7691 519 1418 7692 1999 1408 7693 518 1407 7694 519 1418 7695 518 1407 7696 521 1406 7697 519 1418 7698 521 1406 7699 2054 1419 7700 2054 1419 7701 521 1406 7702 523 1405 7703 2054 1419 7704 523 1405 7705 264 1404 7706 2054 1419 7707 264 1404 7708 263 1420 7709 263 1420 7710 264 1404 7711 266 1421 7712 266 1421 7713 264 1404 7714 2151 1403 7715 266 1421 7716 2151 1403 7717 4 1422 7718 266 1421 7719 4 1422 7720 261 1423 7721 261 1423 7722 4 1422 7723 2217 1424 7724 261 1423 7725 2217 1424 7726 260 1425 7727 260 1425 7728 2217 1424 7729 258 1426 7730 260 1425 7731 258 1426 7732 375 1427 7733 375 1427 7734 258 1426 7735 2217 1424 7736 375 1427 7737 2217 1424 7738 2097 1428 7739 2097 1428 7740 2217 1424 7741 2096 1429 7742 2097 1428 7743 2096 1429 7744 2098 1430 7745 2098 1430 7746 2096 1429 7747 1674 1431 7748 2098 1430 7749 1674 1431 7750 2099 1432 7751 2099 1432 7752 1674 1431 7753 357 1433 7754 2099 1432 7755 357 1433 7756 16 1434 7757 16 1434 7758 357 1433 7759 346 1435 7760 16 1434 7761 346 1435 7762 405 1436 7763 16 1434 7764 405 1436 7765 17 1437 7766 260 1425 7767 259 1438 7768 2055 1439 7769 260 1425 7770 2055 1439 7771 261 1423 7772 261 1423 7773 2055 1439 7774 263 1420 7775 263 1420 7776 2055 1439 7777 517 1440 7778 263 1420 7779 517 1440 7780 2054 1419 7781 2054 1419 7782 517 1440 7783 519 1418 7784 519 1418 7785 517 1440 7786 372 1441 7787 519 1418 7788 372 1441 7789 515 1417 7790 515 1417 7791 372 1441 7792 374 1442 7793 515 1417 7794 374 1442 7795 516 1416 7796 516 1416 7797 374 1442 7798 508 1414 7799 508 1414 7800 374 1442 7801 373 1443 7802 373 1443 7803 374 1442 7804 256 1444 7805 373 1443 7806 256 1444 7807 497 1445 7808 497 1445 7809 256 1444 7810 257 1446 7811 497 1445 7812 257 1446 7813 498 1447 7814 497 1445 7815 498 1447 7816 499 1448 7817 499 1448 7818 498 1447 7819 355 1449 7820 355 1449 7821 498 1447 7822 21 1450 7823 355 1449 7824 21 1450 7825 18 1451 7826 355 1449 7827 18 1451 7828 20 1452 7829 355 1449 7830 20 1452 7831 500 1453 7832 355 1449 7833 500 1453 7834 499 1448 7835 499 1448 7836 500 1453 7837 492 1454 7838 499 1448 7839 492 1454 7840 491 1455 7841 499 1448 7842 491 1455 7843 502 1456 7844 499 1448 7845 502 1456 7846 501 1457 7847 499 1448 7848 501 1457 7849 497 1445 7850 497 1445 7851 501 1457 7852 509 1458 7853 497 1445 7854 509 1458 7855 373 1443 7856 373 1443 7857 509 1458 7858 507 1415 7859 373 1443 7860 507 1415 7861 508 1414 7862 354 1459 7863 20 1452 7864 356 1460 7865 356 1460 7866 20 1452 7867 18 1451 7868 356 1460 7869 18 1451 7870 19 1461 7871 19 1461 7872 18 1451 7873 21 1450 7874 19 1461 7875 21 1450 7876 251 1462 7877 251 1462 7878 21 1450 7879 249 1463 7880 251 1462 7881 249 1463 7882 16 1434 7883 251 1462 7884 16 1434 7885 19 1461 7886 19 1461 7887 16 1434 7888 17 1437 7889 19 1461 7890 17 1437 7891 405 1436 7892 19 1461 7893 405 1436 7894 356 1460 7895 356 1460 7896 405 1436 7897 354 1459 7898 2055 1439 7899 259 1438 7900 517 1440 7901 517 1440 7902 259 1438 7903 372 1441 7904 372 1441 7905 259 1438 7906 374 1442 7907 374 1442 7908 259 1438 7909 375 1427 7910 375 1427 7911 259 1438 7912 260 1425 7913 491 1455 7914 2051 1253 7915 502 1456 7916 502 1456 7917 2051 1253 7918 1982 1255 7919 502 1456 7920 1982 1255 7921 501 1457 7922 501 1457 7923 1982 1255 7924 503 1464 7925 501 1457 7926 503 1464 7927 509 1458 7928 509 1458 7929 503 1464 7930 507 1415 7931 507 1415 7932 503 1464 7933 504 1465 7934 507 1415 7935 504 1465 7936 505 1466 7937 505 1466 7938 504 1465 7939 1980 1243 7940 505 1466 7941 1980 1243 7942 1985 1266 7943 505 1466 7944 1985 1266 7945 506 1467 7946 506 1467 7947 1985 1266 7948 1988 1412 7949 506 1467 7950 1988 1412 7951 510 1411 7952 506 1467 7953 510 1411 7954 507 1415 7955 506 1467 7956 507 1415 7957 505 1466 7958 353 1468 7959 496 1469 7960 354 1459 7961 354 1459 7962 496 1469 7963 495 1470 7964 354 1459 7965 495 1470 7966 20 1452 7967 20 1452 7968 495 1470 7969 500 1453 7970 500 1453 7971 495 1470 7972 496 1469 7973 500 1453 7974 496 1469 7975 492 1454 7976 492 1454 7977 496 1469 7978 489 1471 7979 492 1454 7980 489 1471 7981 491 1455 7982 491 1455 7983 489 1471 7984 490 1472 7985 491 1455 7986 490 1472 7987 2051 1253 7988 2051 1253 7989 490 1472 7990 484 1473 7991 2051 1253 7992 484 1473 7993 2050 1251 7994 2050 1251 7995 484 1473 7996 482 1249 7997 482 1249 7998 484 1473 7999 488 1474 8000 488 1474 8001 484 1473 8002 490 1472 8003 488 1474 8004 490 1472 8005 489 1471 8006 488 1474 8007 489 1471 8008 494 1475 8009 494 1475 8010 489 1471 8011 496 1469 8012 494 1475 8013 496 1469 8014 493 1476 8015 493 1476 8016 496 1469 8017 353 1468 8018 503 1464 8019 1982 1255 8020 1981 1477 8021 1981 1477 8022 1982 1255 8023 1978 1256 8024 1981 1477 8025 1978 1256 8026 1980 1243 8027 1981 1477 8028 1980 1243 8029 504 1465 8030 1981 1477 8031 504 1465 8032 503 1464 8033 493 1476 8034 81 773 8035 494 1475 8036 494 1475 8037 81 773 8038 485 1478 8039 494 1475 8040 485 1478 8041 488 1474 8042 488 1474 8043 485 1478 8044 486 1479 8045 486 1479 8046 485 1478 8047 81 773 8048 486 1479 8049 81 773 8050 348 772 8051 486 1479 8052 348 772 8053 347 1480 8054 347 1480 8055 348 772 8056 2121 771 8057 347 1480 8058 2121 771 8059 2057 770 8060 347 1480 8061 2057 770 8062 2056 1481 8063 2056 1481 8064 2057 770 8065 483 1247 8066 2056 1481 8067 483 1247 8068 482 1249 8069 2056 1481 8070 482 1249 8071 487 1482 8072 487 1482 8073 482 1249 8074 488 1474 8075 487 1482 8076 488 1474 8077 486 1479 8078 487 1482 8079 486 1479 8080 347 1480 8081 487 1482 8082 347 1480 8083 2056 1481 8084 78 775 8085 81 773 8086 80 776 8087 80 776 8088 81 773 8089 493 1476 8090 80 776 8091 493 1476 8092 353 1468 8093 80 776 8094 353 1468 8095 79 401 8096 79 401 8097 353 1468 8098 354 1459 8099 79 401 8100 354 1459 8101 349 1483 8102 349 1483 8103 354 1459 8104 405 1436 8105 349 1483 8106 405 1436 8107 403 1484 8108 403 1484 8109 405 1436 8110 346 1435 8111 403 1484 8112 346 1435 8113 358 1485 8114 358 1485 8115 346 1435 8116 357 1433 8117 358 1485 8118 357 1433 8119 400 1486 8120 400 1486 8121 357 1433 8122 1674 1431 8123 400 1486 8124 1674 1431 8125 1672 1487 8126 1672 1487 8127 1674 1431 8128 2096 1429 8129 1672 1487 8130 2096 1429 8131 1673 1488 8132 1673 1488 8133 2096 1429 8134 2217 1424 8135 1673 1488 8136 2217 1424 8137 1670 1489 8138 1673 1488 8139 1670 1489 8140 1672 1487 8141 1672 1487 8142 1670 1489 8143 1671 1490 8144 1671 1490 8145 1670 1489 8146 1669 1491 8147 1671 1490 8148 1669 1491 8149 1588 1492 8150 1671 1490 8151 1588 1492 8152 1586 1493 8153 1671 1490 8154 1586 1493 8155 1587 1494 8156 1587 1494 8157 1586 1493 8158 842 1495 8159 1587 1494 8160 842 1495 8161 847 1496 8162 1587 1494 8163 847 1496 8164 846 1497 8165 1587 1494 8166 846 1497 8167 401 1498 8168 401 1498 8169 846 1497 8170 400 1486 8171 400 1486 8172 846 1497 8173 358 1485 8174 358 1485 8175 846 1497 8176 403 1484 8177 403 1484 8178 846 1497 8179 402 1499 8180 1671 1490 8181 1587 1494 8182 1672 1487 8183 1672 1487 8184 1587 1494 8185 401 1498 8186 1672 1487 8187 401 1498 8188 400 1486 8189 402 1499 8190 404 1500 8191 403 1484 8192 403 1484 8193 404 1500 8194 350 1501 8195 350 1501 8196 404 1500 8197 94 403 8198 350 1501 8199 94 403 8200 96 402 8201 350 1501 8202 96 402 8203 79 401 8204 350 1501 8205 79 401 8206 349 1483 8207 350 1501 8208 349 1483 8209 403 1484 8210 837 1502 8211 842 1495 8212 841 1503 8213 841 1503 8214 842 1495 8215 1586 1493 8216 841 1503 8217 1586 1493 8218 1590 1504 8219 1590 1504 8220 1586 1493 8221 1588 1492 8222 1590 1504 8223 1588 1492 8224 1669 1491 8225 1590 1504 8226 1669 1491 8227 1589 1505 8228 1589 1505 8229 1669 1491 8230 1591 1506 8231 1591 1506 8232 1669 1491 8233 1662 1507 8234 1591 1506 8235 1662 1507 8236 1636 1508 8237 1636 1508 8238 1662 1507 8239 1663 1509 8240 1636 1508 8241 1663 1509 8242 1637 1510 8243 1637 1510 8244 1663 1509 8245 3 1511 8246 1637 1510 8247 3 1511 8248 2147 245 8249 1637 1510 8250 2147 245 8251 1640 244 8252 3 1511 8253 1663 1509 8254 4 1422 8255 4 1422 8256 1663 1509 8257 1662 1507 8258 4 1422 8259 1662 1507 8260 2 1512 8261 2 1512 8262 1662 1507 8263 1669 1491 8264 2 1512 8265 1669 1491 8266 1670 1489 8267 2 1512 8268 1670 1489 8269 2217 1424 8270 2 1512 8271 2217 1424 8272 4 1422 8273 3 1511 8274 4 1422 8275 2148 1513 8276 2148 1513 8277 4 1422 8278 2151 1403 8279 2148 1513 8280 2151 1403 8281 533 248 8282 2148 1513 8283 533 248 8284 2150 246 8285 2148 1513 8286 2150 246 8287 2147 245 8288 2148 1513 8289 2147 245 8290 3 1511 8291 1796 1514 8292 1799 1515 8293 1848 1516 8294 1802 1517 8295 1800 1518 8296 1797 1519 8297 1797 1519 8298 1800 1518 8299 330 1520 8300 1797 1519 8301 330 1520 8302 1893 1521 8303 1893 1521 8304 330 1520 8305 329 1522 8306 1893 1521 8307 329 1522 8308 332 1523 8309 1893 1521 8310 332 1523 8311 1733 1524 8312 1893 1521 8313 1733 1524 8314 1801 1525 8315 1893 1521 8316 1801 1525 8317 1797 1519 8318 1797 1519 8319 1801 1525 8320 1798 1526 8321 1797 1519 8322 1798 1526 8323 1799 1515 8324 1799 1515 8325 1798 1526 8326 1731 1527 8327 1799 1515 8328 1731 1527 8329 1730 1528 8330 1730 1528 8331 1731 1527 8332 1732 1529 8333 1730 1528 8334 1732 1529 8335 1729 1530 8336 1729 1530 8337 1732 1529 8338 1727 1531 8339 1729 1530 8340 1727 1531 8341 1726 1532 8342 1726 1532 8343 1727 1531 8344 1897 1533 8345 1726 1532 8346 1897 1533 8347 1792 1534 8348 1726 1532 8349 1792 1534 8350 1729 1530 8351 1729 1530 8352 1792 1534 8353 1793 1535 8354 1729 1530 8355 1793 1535 8356 1730 1528 8357 1730 1528 8358 1793 1535 8359 1794 1536 8360 1730 1528 8361 1794 1536 8362 1799 1515 8363 1799 1515 8364 1794 1536 8365 1795 1537 8366 1799 1515 8367 1795 1537 8368 1848 1516 8369 1848 1516 8370 1795 1537 8371 1845 1538 8372 1848 1516 8373 1845 1538 8374 1847 1539 8375 1848 1516 8376 1847 1539 8377 1849 1540 8378 1848 1516 8379 1849 1540 8380 1796 1514 8381 1796 1514 8382 1849 1540 8383 1802 1517 8384 1796 1514 8385 1802 1517 8386 1797 1519 8387 1796 1514 8388 1797 1519 8389 1799 1515 8390 1798 1526 8391 1801 1525 8392 1734 1541 8393 1734 1541 8394 1801 1525 8395 1733 1524 8396 1734 1541 8397 1733 1524 8398 1736 1542 8399 1734 1541 8400 1736 1542 8401 1737 1543 8402 1734 1541 8403 1737 1543 8404 1728 1544 8405 1728 1544 8406 1737 1543 8407 1724 1545 8408 1728 1544 8409 1724 1545 8410 1727 1531 8411 1728 1544 8412 1727 1531 8413 1732 1529 8414 1728 1544 8415 1732 1529 8416 1734 1541 8417 1734 1541 8418 1732 1529 8419 1731 1527 8420 1734 1541 8421 1731 1527 8422 1798 1526 8423 1794 1536 8424 1787 1546 8425 1795 1537 8426 1795 1537 8427 1787 1546 8428 1845 1538 8429 1845 1538 8430 1787 1546 8431 1883 1547 8432 1845 1538 8433 1883 1547 8434 1847 1539 8435 1847 1539 8436 1883 1547 8437 1844 1548 8438 1844 1548 8439 1883 1547 8440 1885 1549 8441 1885 1549 8442 1883 1547 8443 1884 1550 8444 1885 1549 8445 1884 1550 8446 382 382 8447 382 382 8448 1884 1550 8449 1890 381 8450 1890 381 8451 1884 1550 8452 1882 1551 8453 1890 381 8454 1882 1551 8455 1780 380 8456 1780 380 8457 1882 1551 8458 1781 388 8459 1781 388 8460 1882 1551 8461 1782 1552 8462 1781 388 8463 1782 1552 8464 1783 1553 8465 1781 388 8466 1783 1553 8467 1784 35 8468 1784 35 8469 1783 1553 8470 622 36 8471 622 36 8472 1783 1553 8473 624 1554 8474 624 1554 8475 1783 1553 8476 1788 1555 8477 1788 1555 8478 1783 1553 8479 1782 1552 8480 1788 1555 8481 1782 1552 8482 1786 1556 8483 1786 1556 8484 1782 1552 8485 1785 1557 8486 1786 1556 8487 1785 1557 8488 1787 1546 8489 1787 1546 8490 1785 1557 8491 1883 1547 8492 1883 1547 8493 1785 1557 8494 1882 1551 8495 1882 1551 8496 1785 1557 8497 1782 1552 8498 383 375 8499 1842 367 8500 382 382 8501 382 382 8502 1842 367 8503 1885 1549 8504 1885 1549 8505 1842 367 8506 1843 369 8507 1885 1549 8508 1843 369 8509 1844 1548 8510 1844 1548 8511 1843 369 8512 1847 1539 8513 1847 1539 8514 1843 369 8515 1846 386 8516 1847 1539 8517 1846 386 8518 1850 127 8519 1847 1539 8520 1850 127 8521 1849 1540 8522 1849 1540 8523 1850 127 8524 1803 128 8525 1849 1540 8526 1803 128 8527 1802 1517 8528 1802 1517 8529 1803 128 8530 1800 1518 8531 1800 1518 8532 1803 128 8533 1804 129 8534 1800 1518 8535 1804 129 8536 1807 148 8537 1800 1518 8538 1807 148 8539 330 1520 8540 330 1520 8541 1807 148 8542 329 1522 8543 329 1522 8544 1807 148 8545 331 145 8546 329 1522 8547 331 145 8548 1887 143 8549 329 1522 8550 1887 143 8551 332 1523 8552 332 1523 8553 1887 143 8554 1886 142 8555 332 1523 8556 1886 142 8557 1733 1524 8558 1733 1524 8559 1886 142 8560 1736 1542 8561 1736 1542 8562 1886 142 8563 1735 152 8564 1736 1542 8565 1735 152 8566 312 151 8567 1736 1542 8568 312 151 8569 1737 1543 8570 1737 1543 8571 312 151 8572 313 156 8573 1737 1543 8574 313 156 8575 314 1558 8576 314 1558 8577 313 156 8578 1715 1559 8579 1715 1559 8580 313 156 8581 569 159 8582 1715 1559 8583 569 159 8584 566 161 8585 1715 1559 8586 566 161 8587 565 1560 8588 565 1560 8589 566 161 8590 564 162 8591 565 1560 8592 564 162 8593 1709 1561 8594 564 162 8595 562 164 8596 1709 1561 8597 1709 1561 8598 562 164 8599 1708 1562 8600 1708 1562 8601 562 164 8602 651 1563 8603 651 1563 8604 562 164 8605 563 307 8606 651 1563 8607 563 307 8608 1705 1564 8609 1705 1564 8610 563 307 8611 656 306 8612 1705 1564 8613 656 306 8614 654 1565 8615 654 1565 8616 656 306 8617 657 317 8618 654 1565 8619 657 317 8620 658 315 8621 654 1565 8622 658 315 8623 655 1566 8624 655 1566 8625 658 315 8626 661 314 8627 655 1566 8628 661 314 8629 663 734 8630 655 1566 8631 663 734 8632 659 733 8633 655 1566 8634 659 733 8635 660 732 8636 655 1566 8637 660 732 8638 654 1565 8639 654 1565 8640 660 732 8641 653 731 8642 654 1565 8643 653 731 8644 652 1567 8645 654 1565 8646 652 1567 8647 1705 1564 8648 1705 1564 8649 652 1567 8650 651 1563 8651 651 1563 8652 652 1567 8653 1706 1568 8654 651 1563 8655 1706 1568 8656 1708 1562 8657 1708 1562 8658 1706 1568 8659 1707 1569 8660 1708 1562 8661 1707 1569 8662 1709 1561 8663 1709 1561 8664 1707 1569 8665 1711 1570 8666 1709 1561 8667 1711 1570 8668 565 1560 8669 565 1560 8670 1711 1570 8671 1713 1571 8672 565 1560 8673 1713 1571 8674 1715 1559 8675 1715 1559 8676 1713 1571 8677 1714 1572 8678 1715 1559 8679 1714 1572 8680 1716 1573 8681 1715 1559 8682 1716 1573 8683 314 1558 8684 314 1558 8685 1716 1573 8686 1737 1543 8687 1737 1543 8688 1716 1573 8689 1725 1574 8690 652 1567 8691 650 1575 8692 649 1576 8693 649 1576 8694 650 1575 8695 695 1577 8696 649 1576 8697 695 1577 8698 644 1578 8699 644 1578 8700 695 1577 8701 645 1579 8702 644 1578 8703 645 1579 8704 647 1580 8705 647 1580 8706 645 1579 8707 646 1581 8708 647 1580 8709 646 1581 8710 642 1582 8711 642 1582 8712 646 1581 8713 638 1583 8714 638 1583 8715 646 1581 8716 639 1584 8717 638 1583 8718 639 1584 8719 635 1585 8720 638 1583 8721 635 1585 8722 640 1586 8723 640 1586 8724 635 1585 8725 634 1587 8726 640 1586 8727 634 1587 8728 1719 1588 8729 640 1586 8730 1719 1588 8731 1720 1589 8732 1720 1589 8733 1719 1588 8734 1898 1590 8735 1720 1589 8736 1898 1590 8737 1723 1591 8738 1720 1589 8739 1723 1591 8740 1721 1592 8741 1721 1592 8742 1723 1591 8743 1725 1574 8744 1721 1592 8745 1725 1574 8746 315 1593 8747 315 1593 8748 1725 1574 8749 1716 1573 8750 315 1593 8751 1716 1573 8752 1714 1572 8753 315 1593 8754 1714 1572 8755 1712 1594 8756 1712 1594 8757 1714 1572 8758 1713 1571 8759 1712 1594 8760 1713 1571 8761 1717 1595 8762 1717 1595 8763 1713 1571 8764 1711 1570 8765 1717 1595 8766 1711 1570 8767 1710 1596 8768 1710 1596 8769 1711 1570 8770 1707 1569 8771 1710 1596 8772 1707 1569 8773 648 1597 8774 648 1597 8775 1707 1569 8776 649 1576 8777 649 1576 8778 1707 1569 8779 1706 1568 8780 649 1576 8781 1706 1568 8782 652 1567 8783 644 1578 8784 647 1580 8785 649 1576 8786 649 1576 8787 647 1580 8788 648 1597 8789 648 1597 8790 647 1580 8791 1710 1596 8792 1710 1596 8793 647 1580 8794 643 1598 8795 1710 1596 8796 643 1598 8797 1717 1595 8798 1717 1595 8799 643 1598 8800 1718 1599 8801 1717 1595 8802 1718 1599 8803 1722 1600 8804 1717 1595 8805 1722 1600 8806 1712 1594 8807 1712 1594 8808 1722 1600 8809 315 1593 8810 315 1593 8811 1722 1600 8812 1721 1592 8813 1721 1592 8814 1722 1600 8815 1720 1589 8816 1720 1589 8817 1722 1600 8818 1718 1599 8819 1720 1589 8820 1718 1599 8821 641 1601 8822 1720 1589 8823 641 1601 8824 640 1586 8825 640 1586 8826 641 1601 8827 638 1583 8828 638 1583 8829 641 1601 8830 642 1582 8831 642 1582 8832 641 1601 8833 1718 1599 8834 642 1582 8835 1718 1599 8836 643 1598 8837 642 1582 8838 643 1598 8839 647 1580 8840 652 1567 8841 653 731 8842 693 729 8843 652 1567 8844 693 729 8845 650 1575 8846 650 1575 8847 693 729 8848 692 720 8849 650 1575 8850 692 720 8851 695 1577 8852 695 1577 8853 692 720 8854 288 718 8855 695 1577 8856 288 718 8857 645 1579 8858 645 1579 8859 288 718 8860 291 716 8861 645 1579 8862 291 716 8863 646 1581 8864 646 1581 8865 291 716 8866 639 1584 8867 639 1584 8868 291 716 8869 637 1602 8870 639 1584 8871 637 1602 8872 635 1585 8873 635 1585 8874 637 1602 8875 738 1603 8876 635 1585 8877 738 1603 8878 636 1604 8879 635 1585 8880 636 1604 8881 633 1605 8882 635 1585 8883 633 1605 8884 634 1587 8885 634 1587 8886 633 1605 8887 1894 1606 8888 634 1587 8889 1894 1606 8890 1719 1588 8891 1719 1588 8892 1894 1606 8893 1897 1533 8894 1719 1588 8895 1897 1533 8896 1898 1590 8897 1898 1590 8898 1897 1533 8899 1727 1531 8900 1898 1590 8901 1727 1531 8902 1723 1591 8903 1723 1591 8904 1727 1531 8905 1724 1545 8906 1723 1591 8907 1724 1545 8908 1725 1574 8909 1725 1574 8910 1724 1545 8911 1737 1543 8912 726 673 8913 995 646 8914 727 1607 8915 727 1607 8916 995 646 8917 730 1608 8918 727 1607 8919 730 1608 8920 728 713 8921 728 713 8922 730 1608 8923 733 1609 8924 728 713 8925 733 1609 8926 289 715 8927 289 715 8928 733 1609 8929 734 1610 8930 289 715 8931 734 1610 8932 291 716 8933 291 716 8934 734 1610 8935 290 1611 8936 291 716 8937 290 1611 8938 637 1602 8939 637 1602 8940 290 1611 8941 737 1612 8942 637 1602 8943 737 1612 8944 738 1603 8945 738 1603 8946 737 1612 8947 739 1613 8948 738 1603 8949 739 1613 8950 636 1604 8951 636 1604 8952 739 1613 8953 1899 1614 8954 636 1604 8955 1899 1614 8956 633 1605 8957 633 1605 8958 1899 1614 8959 630 1615 8960 633 1605 8961 630 1615 8962 628 1616 8963 628 1616 8964 630 1615 8965 631 1617 8966 631 1617 8967 630 1615 8968 1899 1614 8969 631 1617 8970 1899 1614 8971 285 1618 8972 285 1618 8973 1899 1614 8974 739 1613 8975 285 1618 8976 739 1613 8977 286 1619 8978 286 1619 8979 739 1613 8980 742 1620 8981 286 1619 8982 742 1620 8983 741 1621 8984 741 1621 8985 742 1620 8986 740 1622 8987 741 1621 8988 740 1622 8989 284 1623 8990 284 1623 8991 740 1622 8992 744 1624 8993 284 1623 8994 744 1624 8995 747 1625 8996 747 1625 8997 744 1624 8998 745 1626 8999 747 1625 9000 745 1626 9001 1125 1627 9002 1125 1627 9003 745 1626 9004 1123 1628 9005 1125 1627 9006 1123 1628 9007 1122 1629 9008 997 647 9009 996 1630 9010 995 646 9011 995 646 9012 996 1630 9013 999 1631 9014 995 646 9015 999 1631 9016 730 1608 9017 730 1608 9018 999 1631 9019 733 1609 9020 733 1609 9021 999 1631 9022 732 1632 9023 733 1609 9024 732 1632 9025 734 1610 9026 734 1610 9027 732 1632 9028 735 1633 9029 734 1610 9030 735 1633 9031 290 1611 9032 290 1611 9033 735 1633 9034 737 1612 9035 737 1612 9036 735 1633 9037 743 1634 9038 737 1612 9039 743 1634 9040 739 1613 9041 739 1613 9042 743 1634 9043 742 1620 9044 742 1620 9045 743 1634 9046 736 1635 9047 742 1620 9048 736 1635 9049 1007 1636 9050 1007 1636 9051 736 1635 9052 1006 619 9053 1006 619 9054 736 1635 9055 1004 1637 9056 1006 619 9057 1004 1637 9058 1003 620 9059 1003 620 9060 1004 1637 9061 1005 1638 9062 1003 620 9063 1005 1638 9064 1002 1639 9065 1003 620 9066 1002 1639 9067 1001 649 9068 1001 649 9069 1002 1639 9070 996 1630 9071 1001 649 9072 996 1630 9073 998 648 9074 998 648 9075 996 1630 9076 997 647 9077 743 1634 9078 735 1633 9079 736 1635 9080 736 1635 9081 735 1633 9082 1004 1637 9083 1004 1637 9084 735 1633 9085 1005 1638 9086 1005 1638 9087 735 1633 9088 732 1632 9089 1005 1638 9090 732 1632 9091 1002 1639 9092 1002 1639 9093 732 1632 9094 999 1631 9095 1002 1639 9096 999 1631 9097 996 1630 9098 1900 1640 9099 1901 1641 9100 631 1617 9101 1900 1640 9102 631 1617 9103 2142 1642 9104 2142 1642 9105 631 1617 9106 285 1618 9107 2142 1642 9108 285 1618 9109 286 1619 9110 2142 1642 9111 286 1619 9112 741 1621 9113 2142 1642 9114 741 1621 9115 284 1623 9116 2142 1642 9117 284 1623 9118 287 1643 9119 2142 1642 9120 287 1643 9121 750 1644 9122 2142 1642 9123 750 1644 9124 2141 1645 9125 2142 1642 9126 2141 1645 9127 1900 1640 9128 1900 1640 9129 2141 1645 9130 191 1646 9131 1900 1640 9132 191 1646 9133 190 1 9134 1900 1640 9135 190 1 9136 1901 1641 9137 1901 1641 9138 190 1 9139 626 1647 9140 626 1647 9141 190 1 9142 193 38 9143 626 1647 9144 193 38 9145 622 36 9146 626 1647 9147 622 36 9148 624 1554 9149 2177 3 9150 190 1 9151 192 1203 9152 192 1203 9153 190 1 9154 191 1646 9155 192 1203 9156 191 1646 9157 754 1204 9158 754 1204 9159 191 1646 9160 2141 1645 9161 754 1204 9162 2141 1645 9163 752 1206 9164 752 1206 9165 2141 1645 9166 750 1644 9167 752 1206 9168 750 1644 9169 753 1648 9170 752 1206 9171 753 1648 9172 751 1209 9173 751 1209 9174 753 1648 9175 197 1101 9176 197 1101 9177 753 1648 9178 1133 1649 9179 197 1101 9180 1133 1649 9181 1132 1650 9182 197 1101 9183 1132 1650 9184 1137 1100 9185 1137 1100 9186 1132 1650 9187 1134 1651 9188 1137 1100 9189 1134 1651 9190 1136 1097 9191 1136 1097 9192 1134 1651 9193 1147 1096 9194 1147 1096 9195 1134 1651 9196 1135 1652 9197 1147 1096 9198 1135 1652 9199 217 1653 9200 1147 1096 9201 217 1653 9202 216 1094 9203 216 1094 9204 217 1653 9205 218 1654 9206 216 1094 9207 218 1654 9208 2168 1093 9209 2168 1093 9210 218 1654 9211 1109 1092 9212 1109 1092 9213 218 1654 9214 1110 1655 9215 1109 1092 9216 1110 1655 9217 1108 1091 9218 1108 1091 9219 1110 1655 9220 1112 1656 9221 1108 1091 9222 1112 1656 9223 1113 1657 9224 1108 1091 9225 1113 1657 9226 223 1090 9227 223 1090 9228 1113 1657 9229 224 588 9230 223 1090 9231 224 588 9232 1106 1089 9233 1106 1089 9234 224 588 9235 226 1088 9236 226 1088 9237 224 588 9238 1160 589 9239 226 1088 9240 1160 589 9241 1087 561 9242 226 1088 9243 1087 561 9244 1086 578 9245 217 1653 9246 1135 1652 9247 1111 1658 9248 217 1653 9249 1111 1658 9250 218 1654 9251 218 1654 9252 1111 1658 9253 1110 1655 9254 1110 1655 9255 1111 1658 9256 1112 1656 9257 1112 1656 9258 1111 1658 9259 1115 1659 9260 1112 1656 9261 1115 1659 9262 1114 1660 9263 1112 1656 9264 1114 1660 9265 1113 1657 9266 1113 1657 9267 1114 1660 9268 224 588 9269 224 588 9270 1114 1660 9271 1117 1661 9272 224 588 9273 1117 1661 9274 229 1662 9275 224 588 9276 229 1662 9277 225 585 9278 225 585 9279 229 1662 9280 221 1663 9281 221 1663 9282 229 1662 9283 220 1664 9284 221 1663 9285 220 1664 9286 219 1665 9287 219 1665 9288 220 1664 9289 2140 1666 9290 219 1665 9291 2140 1666 9292 293 1667 9293 293 1667 9294 2140 1666 9295 1124 1668 9296 1124 1668 9297 2140 1666 9298 1120 1669 9299 1124 1668 9300 1120 1669 9301 1121 1670 9302 1124 1668 9303 1121 1670 9304 1122 1629 9305 1122 1629 9306 1121 1670 9307 1127 1671 9308 1122 1629 9309 1127 1671 9310 1125 1627 9311 1125 1627 9312 1127 1671 9313 746 1672 9314 1125 1627 9315 746 1672 9316 747 1625 9317 747 1625 9318 746 1672 9319 749 1673 9320 747 1625 9321 749 1673 9322 748 1674 9323 748 1674 9324 749 1673 9325 1133 1649 9326 748 1674 9327 1133 1649 9328 753 1648 9329 748 1674 9330 753 1648 9331 750 1644 9332 748 1674 9333 750 1644 9334 287 1643 9335 748 1674 9336 287 1643 9337 747 1625 9338 747 1625 9339 287 1643 9340 284 1623 9341 1111 1658 9342 1148 1675 9343 1115 1659 9344 1115 1659 9345 1148 1675 9346 1149 1676 9347 1115 1659 9348 1149 1676 9349 1114 1660 9350 1114 1660 9351 1149 1676 9352 1116 1677 9353 1114 1660 9354 1116 1677 9355 1118 1678 9356 1114 1660 9357 1118 1678 9358 1117 1661 9359 1117 1661 9360 1118 1678 9361 229 1662 9362 229 1662 9363 1118 1678 9364 1119 1679 9365 229 1662 9366 1119 1679 9367 220 1664 9368 220 1664 9369 1119 1679 9370 1120 1669 9371 220 1664 9372 1120 1669 9373 2140 1666 9374 1119 1679 9375 1118 1678 9376 1120 1669 9377 1120 1669 9378 1118 1678 9379 1121 1670 9380 1121 1670 9381 1118 1678 9382 1150 1680 9383 1121 1670 9384 1150 1680 9385 1127 1671 9386 1127 1671 9387 1150 1680 9388 1128 1681 9389 1128 1681 9390 1150 1680 9391 1116 1677 9392 1116 1677 9393 1150 1680 9394 1118 1678 9395 1111 1658 9396 1135 1652 9397 1148 1675 9398 1148 1675 9399 1135 1652 9400 1134 1651 9401 1148 1675 9402 1134 1651 9403 1131 1682 9404 1131 1682 9405 1134 1651 9406 1130 1683 9407 1130 1683 9408 1134 1651 9409 1132 1650 9410 1130 1683 9411 1132 1650 9412 1133 1649 9413 1130 1683 9414 1133 1649 9415 749 1673 9416 1130 1683 9417 749 1673 9418 1129 1684 9419 1129 1684 9420 749 1673 9421 746 1672 9422 1129 1684 9423 746 1672 9424 1127 1671 9425 1129 1684 9426 1127 1671 9427 1128 1681 9428 1129 1684 9429 1128 1681 9430 1131 1682 9431 1129 1684 9432 1131 1682 9433 1130 1683 9434 1116 1677 9435 1149 1676 9436 1128 1681 9437 1128 1681 9438 1149 1676 9439 1148 1675 9440 1128 1681 9441 1148 1675 9442 1131 1682 9443 1123 1628 9444 1126 1685 9445 1122 1629 9446 1122 1629 9447 1126 1685 9448 1124 1668 9449 1124 1668 9450 1126 1685 9451 292 1686 9452 1124 1668 9453 292 1686 9454 293 1667 9455 293 1667 9456 292 1686 9457 2139 1687 9458 293 1667 9459 2139 1687 9460 219 1665 9461 219 1665 9462 2139 1687 9463 2136 1688 9464 219 1665 9465 2136 1688 9466 221 1663 9467 221 1663 9468 2136 1688 9469 2137 1689 9470 221 1663 9471 2137 1689 9472 225 585 9473 225 585 9474 2137 1689 9475 227 583 9476 227 583 9477 2137 1689 9478 2136 1688 9479 227 583 9480 2136 1688 9481 1026 581 9482 1026 581 9483 2136 1688 9484 298 1690 9485 1026 581 9486 298 1690 9487 1024 590 9488 1024 590 9489 298 1690 9490 299 1691 9491 1024 590 9492 299 1691 9493 297 601 9494 297 601 9495 299 1691 9496 1704 1692 9497 297 601 9498 1704 1692 9499 1010 617 9500 1010 617 9501 1704 1692 9502 294 1693 9503 1010 617 9504 294 1693 9505 1006 619 9506 1006 619 9507 294 1693 9508 1703 1694 9509 1006 619 9510 1703 1694 9511 1007 1636 9512 1007 1636 9513 1703 1694 9514 742 1620 9515 742 1620 9516 1703 1694 9517 740 1622 9518 740 1622 9519 1703 1694 9520 1702 1695 9521 1702 1695 9522 1703 1694 9523 294 1693 9524 1702 1695 9525 294 1693 9526 1704 1692 9527 1702 1695 9528 1704 1692 9529 1700 1696 9530 1702 1695 9531 1700 1696 9532 744 1624 9533 1702 1695 9534 744 1624 9535 740 1622 9536 744 1624 9537 1700 1696 9538 745 1626 9539 745 1626 9540 1700 1696 9541 1123 1628 9542 1123 1628 9543 1700 1696 9544 1701 1697 9545 1123 1628 9546 1701 1697 9547 1126 1685 9548 1126 1685 9549 1701 1697 9550 292 1686 9551 292 1686 9552 1701 1697 9553 296 1698 9554 292 1686 9555 296 1698 9556 2139 1687 9557 2139 1687 9558 296 1698 9559 2138 1699 9560 2139 1687 9561 2138 1699 9562 2136 1688 9563 2136 1688 9564 2138 1699 9565 298 1690 9566 298 1690 9567 2138 1699 9568 295 1700 9569 298 1690 9570 295 1700 9571 299 1691 9572 299 1691 9573 295 1700 9574 1704 1692 9575 1704 1692 9576 295 1700 9577 296 1698 9578 296 1698 9579 295 1700 9580 2138 1699 9581 296 1698 9582 1701 1697 9583 1704 1692 9584 1704 1692 9585 1701 1697 9586 1700 1696 9587 571 168 9588 573 169 9589 280 104 9590 11 792 9591 14 793 9592 2115 791 9593 2003 1399 9594 525 1390 9595 524 1388 9596 212 1701 9597 1344 1702 9598 1351 1703 9599 212 1701 9600 1343 1704 9601 1344 1702 9602 1344 1702 9603 1343 1704 9604 1367 1705 9605 1344 1702 9606 1367 1705 9607 1345 1706 9608 1345 1706 9609 1367 1705 9610 1366 1707 9611 1345 1706 9612 1366 1707 9613 1365 1708 9614 1345 1706 9615 1365 1708 9616 1375 1709 9617 1345 1706 9618 1375 1709 9619 1346 1710 9620 1346 1710 9621 1375 1709 9622 1374 1711 9623 1346 1710 9624 1374 1711 9625 1350 1712 9626 1346 1710 9627 1350 1712 9628 1351 1703 9629 1346 1710 9630 1351 1703 9631 1344 1702 9632 1346 1710 9633 1344 1702 9634 1345 1706 9635 213 1030 9636 1351 1703 9637 1178 1146 9638 1178 1146 9639 1351 1703 9640 1350 1712 9641 1178 1146 9642 1350 1712 9643 1349 1148 9644 1349 1148 9645 1350 1712 9646 1353 1149 9647 1353 1149 9648 1350 1712 9649 1348 1165 9650 1348 1165 9651 1350 1712 9652 1347 1170 9653 1347 1170 9654 1350 1712 9655 1374 1711 9656 1347 1170 9657 1374 1711 9658 1362 1172 9659 1362 1172 9660 1374 1711 9661 1375 1709 9662 1362 1172 9663 1375 1709 9664 1363 1173 9665 1363 1173 9666 1375 1709 9667 1365 1708 9668 1363 1173 9669 1365 1708 9670 777 1713 9671 1363 1173 9672 777 1713 9673 1364 1241 9674 1364 1241 9675 777 1713 9676 774 1714 9677 1364 1241 9678 774 1714 9679 1373 1240 9680 1373 1240 9681 774 1714 9682 771 1239 9683 771 1239 9684 774 1714 9685 773 1715 9686 771 1239 9687 773 1715 9688 776 1716 9689 771 1239 9690 776 1716 9691 46 1238 9692 46 1238 9693 776 1716 9694 45 1717 9695 46 1238 9696 45 1717 9697 1681 212 9698 1681 212 9699 45 1717 9700 44 214 9701 44 214 9702 45 1717 9703 47 1718 9704 44 214 9705 47 1718 9706 1654 215 9707 1654 215 9708 47 1718 9709 1655 1719 9710 1654 215 9711 1655 1719 9712 1657 239 9713 1657 239 9714 1655 1719 9715 1658 240 9716 1658 240 9717 1655 1719 9718 1656 1720 9719 1658 240 9720 1656 1720 9721 1659 1721 9722 1658 240 9723 1659 1721 9724 270 241 9725 270 241 9726 1659 1721 9727 1642 242 9728 1642 242 9729 1659 1721 9730 1645 1722 9731 45 1717 9732 776 1716 9733 47 1718 9734 47 1718 9735 776 1716 9736 274 1723 9737 47 1718 9738 274 1723 9739 1653 1724 9740 1653 1724 9741 274 1723 9742 1665 1725 9743 1653 1724 9744 1665 1725 9745 1651 1726 9746 1653 1724 9747 1651 1726 9748 1652 1727 9749 1653 1724 9750 1652 1727 9751 1655 1719 9752 1653 1724 9753 1655 1719 9754 47 1718 9755 1630 1728 9756 1643 1729 9757 1631 1730 9758 1631 1730 9759 1643 1729 9760 1644 1731 9761 1644 1731 9762 1643 1729 9763 1648 1732 9764 1648 1732 9765 1643 1729 9766 1645 1722 9767 1648 1732 9768 1645 1722 9769 1659 1721 9770 1648 1732 9771 1659 1721 9772 1646 1733 9773 1648 1732 9774 1646 1733 9775 1650 1734 9776 1650 1734 9777 1646 1733 9778 1652 1727 9779 1652 1727 9780 1646 1733 9781 1659 1721 9782 1652 1727 9783 1659 1721 9784 1656 1720 9785 1652 1727 9786 1656 1720 9787 1655 1719 9788 1642 242 9789 1645 1722 9790 1643 1729 9791 1642 242 9792 1643 1729 9793 1641 243 9794 1641 243 9795 1643 1729 9796 1640 244 9797 1640 244 9798 1643 1729 9799 1630 1728 9800 1640 244 9801 1630 1728 9802 1637 1510 9803 1637 1510 9804 1630 1728 9805 1639 1735 9806 1639 1735 9807 1630 1728 9808 1632 1736 9809 1632 1736 9810 1630 1728 9811 1631 1730 9812 1632 1736 9813 1631 1730 9814 1626 1737 9815 1626 1737 9816 1631 1730 9817 1644 1731 9818 1626 1737 9819 1644 1731 9820 1627 1738 9821 1627 1738 9822 1644 1731 9823 1648 1732 9824 1627 1738 9825 1648 1732 9826 1647 1739 9827 1647 1739 9828 1648 1732 9829 1650 1734 9830 1647 1739 9831 1650 1734 9832 1622 1740 9833 1622 1740 9834 1650 1734 9835 1620 1741 9836 1622 1740 9837 1620 1741 9838 1619 1742 9839 1619 1742 9840 1620 1741 9841 1617 1743 9842 1619 1742 9843 1617 1743 9844 1616 1744 9845 1616 1744 9846 1617 1743 9847 1667 1745 9848 1667 1745 9849 1617 1743 9850 1620 1741 9851 1667 1745 9852 1620 1741 9853 1664 1746 9854 1664 1746 9855 1620 1741 9856 1650 1734 9857 1664 1746 9858 1650 1734 9859 1649 1747 9860 1649 1747 9861 1650 1734 9862 1652 1727 9863 1649 1747 9864 1652 1727 9865 1651 1726 9866 1649 1747 9867 1651 1726 9868 1664 1746 9869 1664 1746 9870 1651 1726 9871 1665 1725 9872 1664 1746 9873 1665 1725 9874 1667 1745 9875 1667 1745 9876 1665 1725 9877 1666 1748 9878 1667 1745 9879 1666 1748 9880 785 1749 9881 785 1749 9882 1666 1748 9883 784 1750 9884 1632 1736 9885 1626 1737 9886 1629 1751 9887 1629 1751 9888 1626 1737 9889 1628 1752 9890 1629 1751 9891 1628 1752 9892 1599 1753 9893 1599 1753 9894 1628 1752 9895 1601 1754 9896 1601 1754 9897 1628 1752 9898 1603 1755 9899 1601 1754 9900 1603 1755 9901 1600 1756 9902 1600 1756 9903 1603 1755 9904 1623 1757 9905 1600 1756 9906 1623 1757 9907 1604 1758 9908 1604 1758 9909 1623 1757 9910 1621 1759 9911 1621 1759 9912 1623 1757 9913 1624 1760 9914 1621 1759 9915 1624 1760 9916 1619 1742 9917 1619 1742 9918 1624 1760 9919 1622 1740 9920 1622 1740 9921 1624 1760 9922 1647 1739 9923 1647 1739 9924 1624 1760 9925 1627 1738 9926 1627 1738 9927 1624 1760 9928 1626 1737 9929 1626 1737 9930 1624 1760 9931 1625 1761 9932 1626 1737 9933 1625 1761 9934 1628 1752 9935 1628 1752 9936 1625 1761 9937 1603 1755 9938 1603 1755 9939 1625 1761 9940 1623 1757 9941 1623 1757 9942 1625 1761 9943 1624 1760 9944 1616 1744 9945 1618 1762 9946 1619 1742 9947 1619 1742 9948 1618 1762 9949 1607 1763 9950 1619 1742 9951 1607 1763 9952 1621 1759 9953 1621 1759 9954 1607 1763 9955 1604 1758 9956 1604 1758 9957 1607 1763 9958 1606 1764 9959 1604 1758 9960 1606 1764 9961 1600 1756 9962 1600 1756 9963 1606 1764 9964 1605 1765 9965 1600 1756 9966 1605 1765 9967 813 1766 9968 813 1766 9969 1605 1765 9970 814 1767 9971 813 1766 9972 814 1767 9973 815 1768 9974 815 1768 9975 814 1767 9976 1323 1769 9977 815 1768 9978 1323 1769 9979 1320 1770 9980 1320 1770 9981 1323 1769 9982 1321 1771 9983 1320 1770 9984 1321 1771 9985 1210 1772 9986 1210 1772 9987 1321 1771 9988 1322 1773 9989 1210 1772 9990 1322 1773 9991 1209 1774 9992 1209 1774 9993 1322 1773 9994 1207 1775 9995 1207 1775 9996 1322 1773 9997 1321 1771 9998 1207 1775 9999 1321 1771 10000 1206 1776 10001 1206 1776 10002 1321 1771 10003 1325 1777 10004 1325 1777 10005 1321 1771 10006 1324 1778 10007 1324 1778 10008 1321 1771 10009 1323 1769 10010 1324 1778 10011 1323 1769 10012 814 1767 10013 1324 1778 10014 814 1767 10015 812 1779 10016 1324 1778 10017 812 1779 10018 1325 1777 10019 1325 1777 10020 812 1779 10021 1326 1780 10022 1326 1780 10023 812 1779 10024 811 1781 10025 1326 1780 10026 811 1781 10027 809 1782 10028 812 1779 10029 814 1767 10030 811 1781 10031 811 1781 10032 814 1767 10033 810 1783 10034 810 1783 10035 814 1767 10036 1605 1765 10037 810 1783 10038 1605 1765 10039 1606 1764 10040 810 1783 10041 1606 1764 10042 1608 1784 10043 1608 1784 10044 1606 1764 10045 1609 1785 10046 1608 1784 10047 1609 1785 10048 805 1786 10049 1608 1784 10050 805 1786 10051 811 1781 10052 1608 1784 10053 811 1781 10054 810 1783 10055 1616 1744 10056 793 1787 10057 1614 1788 10058 1616 1744 10059 1614 1788 10060 1618 1762 10061 1618 1762 10062 1614 1788 10063 1607 1763 10064 1607 1763 10065 1614 1788 10066 1615 1789 10067 1607 1763 10068 1615 1789 10069 1606 1764 10070 1606 1764 10071 1615 1789 10072 1609 1785 10073 1609 1785 10074 1615 1789 10075 1614 1788 10076 1609 1785 10077 1614 1788 10078 1611 1790 10079 1611 1790 10080 1614 1788 10081 793 1787 10082 1611 1790 10083 793 1787 10084 1612 1791 10085 1612 1791 10086 793 1787 10087 791 1792 10088 1612 1791 10089 791 1792 10090 795 1793 10091 1612 1791 10092 795 1793 10093 1611 1790 10094 1611 1790 10095 795 1793 10096 1613 1794 10097 1611 1790 10098 1613 1794 10099 1609 1785 10100 1609 1785 10101 1613 1794 10102 1610 1795 10103 1609 1785 10104 1610 1795 10105 805 1786 10106 805 1786 10107 1610 1795 10108 808 1796 10109 805 1786 10110 808 1796 10111 811 1781 10112 811 1781 10113 808 1796 10114 809 1782 10115 803 1797 10116 806 1798 10117 808 1796 10118 808 1796 10119 806 1798 10120 807 1799 10121 808 1796 10122 807 1799 10123 809 1782 10124 809 1782 10125 807 1799 10126 1327 1800 10127 809 1782 10128 1327 1800 10129 1326 1780 10130 1326 1780 10131 1327 1800 10132 1325 1777 10133 1325 1777 10134 1327 1800 10135 1328 1801 10136 1325 1777 10137 1328 1801 10138 1203 1802 10139 1325 1777 10140 1203 1802 10141 1206 1776 10142 1206 1776 10143 1203 1802 10144 1207 1775 10145 1207 1775 10146 1203 1802 10147 1205 1803 10148 1207 1775 10149 1205 1803 10150 1276 1804 10151 1276 1804 10152 1205 1803 10153 1277 1805 10154 1277 1805 10155 1205 1803 10156 1204 1806 10157 1204 1806 10158 1205 1803 10159 1203 1802 10160 1204 1806 10161 1203 1802 10162 1202 1807 10163 1202 1807 10164 1203 1802 10165 1200 1808 10166 1200 1808 10167 1203 1802 10168 1328 1801 10169 1200 1808 10170 1328 1801 10171 1327 1800 10172 1200 1808 10173 1327 1800 10174 1201 1809 10175 1201 1809 10176 1327 1800 10177 1198 1810 10178 1198 1810 10179 1327 1800 10180 807 1799 10181 1198 1810 10182 807 1799 10183 806 1798 10184 1198 1810 10185 806 1798 10186 1329 1811 10187 1329 1811 10188 806 1798 10189 803 1797 10190 1329 1811 10191 803 1797 10192 804 1812 10193 804 1812 10194 803 1797 10195 800 1813 10196 800 1813 10197 803 1797 10198 802 1814 10199 800 1813 10200 802 1814 10201 797 1815 10202 797 1815 10203 802 1814 10204 345 1816 10205 790 1817 10206 794 1818 10207 791 1792 10208 791 1792 10209 794 1818 10210 796 1819 10211 791 1792 10212 796 1819 10213 795 1793 10214 795 1793 10215 796 1819 10216 798 1820 10217 795 1793 10218 798 1820 10219 1613 1794 10220 1613 1794 10221 798 1820 10222 1675 1821 10223 1613 1794 10224 1675 1821 10225 1610 1795 10226 1610 1795 10227 1675 1821 10228 801 1822 10229 1610 1795 10230 801 1822 10231 808 1796 10232 808 1796 10233 801 1822 10234 803 1797 10235 803 1797 10236 801 1822 10237 1675 1821 10238 803 1797 10239 1675 1821 10240 802 1814 10241 802 1814 10242 1675 1821 10243 798 1820 10244 802 1814 10245 798 1820 10246 345 1816 10247 345 1816 10248 798 1820 10249 796 1819 10250 345 1816 10251 796 1819 10252 797 1815 10253 797 1815 10254 796 1819 10255 794 1818 10256 797 1815 10257 794 1818 10258 1339 1823 10259 1339 1823 10260 794 1818 10261 790 1817 10262 1198 1810 10263 1329 1811 10264 1331 1824 10265 1331 1824 10266 1329 1811 10267 804 1812 10268 1331 1824 10269 804 1812 10270 1330 1825 10271 1330 1825 10272 804 1812 10273 800 1813 10274 1330 1825 10275 800 1813 10276 799 1826 10277 799 1826 10278 800 1813 10279 797 1815 10280 799 1826 10281 797 1815 10282 1336 1827 10283 1336 1827 10284 797 1815 10285 1339 1823 10286 1336 1827 10287 1339 1823 10288 1338 1828 10289 1336 1827 10290 1338 1828 10291 1334 1829 10292 1336 1827 10293 1334 1829 10294 799 1826 10295 799 1826 10296 1334 1829 10297 1333 1830 10298 799 1826 10299 1333 1830 10300 1330 1825 10301 1330 1825 10302 1333 1830 10303 1331 1824 10304 1331 1824 10305 1333 1830 10306 1332 1831 10307 1331 1824 10308 1332 1831 10309 1194 1832 10310 1331 1824 10311 1194 1832 10312 1196 1833 10313 1196 1833 10314 1194 1832 10315 1197 1834 10316 1197 1834 10317 1194 1832 10318 1268 1835 10319 1197 1834 10320 1268 1835 10321 1199 1836 10322 1197 1834 10323 1199 1836 10324 1269 1837 10325 1269 1837 10326 1199 1836 10327 1270 1838 10328 1269 1837 10329 1270 1838 10330 1274 1839 10331 1274 1839 10332 1270 1838 10333 1273 1840 10334 1273 1840 10335 1270 1838 10336 1275 1841 10337 1273 1840 10338 1275 1841 10339 1296 1842 10340 1273 1840 10341 1296 1842 10342 1278 1843 10343 1278 1843 10344 1296 1842 10345 1280 1844 10346 1280 1844 10347 1296 1842 10348 1281 1845 10349 1280 1844 10350 1281 1845 10351 1286 1846 10352 1280 1844 10353 1286 1846 10354 1282 1847 10355 1282 1847 10356 1286 1846 10357 1289 1848 10358 211 1849 10359 1337 1850 10360 1338 1828 10361 1338 1828 10362 1337 1850 10363 1334 1829 10364 1334 1829 10365 1337 1850 10366 1335 1851 10367 1334 1829 10368 1335 1851 10369 1333 1830 10370 1333 1830 10371 1335 1851 10372 1191 1852 10373 1333 1830 10374 1191 1852 10375 1193 1853 10376 1333 1830 10377 1193 1853 10378 1332 1831 10379 1332 1831 10380 1193 1853 10381 1194 1832 10382 1194 1832 10383 1193 1853 10384 1195 1854 10385 1194 1832 10386 1195 1854 10387 1266 1855 10388 1194 1832 10389 1266 1855 10390 1268 1835 10391 1268 1835 10392 1266 1855 10393 1267 1856 10394 1268 1835 10395 1267 1856 10396 1199 1836 10397 1199 1836 10398 1267 1856 10399 1270 1838 10400 1270 1838 10401 1267 1856 10402 1271 1857 10403 1270 1838 10404 1271 1857 10405 1272 1858 10406 1270 1838 10407 1272 1858 10408 1275 1841 10409 1275 1841 10410 1272 1858 10411 1295 1859 10412 1275 1841 10413 1295 1859 10414 1296 1842 10415 1296 1842 10416 1295 1859 10417 1294 1860 10418 1296 1842 10419 1294 1860 10420 1281 1845 10421 1281 1845 10422 1294 1860 10423 1288 1861 10424 1281 1845 10425 1288 1861 10426 1286 1846 10427 1286 1846 10428 1288 1861 10429 1289 1848 10430 1289 1848 10431 1288 1861 10432 1290 1862 10433 1289 1848 10434 1290 1862 10435 1300 1863 10436 1289 1848 10437 1300 1863 10438 1297 1864 10439 1297 1864 10440 1300 1863 10441 1298 1865 10442 1298 1865 10443 1300 1863 10444 1236 1866 10445 1298 1865 10446 1236 1866 10447 1302 1867 10448 1298 1865 10449 1302 1867 10450 1301 1868 10451 1301 1868 10452 1302 1867 10453 1230 1869 10454 785 1749 10455 784 1750 10456 789 1870 10457 789 1870 10458 784 1750 10459 787 1871 10460 789 1870 10461 787 1871 10462 788 1872 10463 788 1872 10464 787 1871 10465 1341 1873 10466 788 1872 10467 1341 1873 10468 1340 1874 10469 1340 1874 10470 1341 1873 10471 1342 1875 10472 1340 1874 10473 1342 1875 10474 211 1849 10475 211 1849 10476 1342 1875 10477 213 1030 10478 211 1849 10479 213 1030 10480 1337 1850 10481 1337 1850 10482 213 1030 10483 1185 1028 10484 1337 1850 10485 1185 1028 10486 1335 1851 10487 1335 1851 10488 1185 1028 10489 1386 1027 10490 1335 1851 10491 1386 1027 10492 1190 1024 10493 1335 1851 10494 1190 1024 10495 1191 1852 10496 1191 1852 10497 1190 1024 10498 1193 1853 10499 1193 1853 10500 1190 1024 10501 1264 1022 10502 1193 1853 10503 1264 1022 10504 1260 1020 10505 1193 1853 10506 1260 1020 10507 1195 1854 10508 1195 1854 10509 1260 1020 10510 1259 1019 10511 1195 1854 10512 1259 1019 10513 1266 1855 10514 1266 1855 10515 1259 1019 10516 1267 1856 10517 1267 1856 10518 1259 1019 10519 1258 1018 10520 1267 1856 10521 1258 1018 10522 1312 1017 10523 1267 1856 10524 1312 1017 10525 1271 1857 10526 1271 1857 10527 1312 1017 10528 1272 1858 10529 1272 1858 10530 1312 1017 10531 1252 1016 10532 1272 1858 10533 1252 1016 10534 1295 1859 10535 1295 1859 10536 1252 1016 10537 1249 990 10538 1295 1859 10539 1249 990 10540 1294 1860 10541 1294 1860 10542 1249 990 10543 1292 991 10544 1294 1860 10545 1292 991 10546 1288 1861 10547 1288 1861 10548 1292 991 10549 1293 1876 10550 1351 1703 10551 213 1030 10552 212 1701 10553 212 1701 10554 213 1030 10555 1342 1875 10556 212 1701 10557 1342 1875 10558 1343 1704 10559 1343 1704 10560 1342 1875 10561 1341 1873 10562 1343 1704 10563 1341 1873 10564 786 1877 10565 786 1877 10566 1341 1873 10567 787 1871 10568 786 1877 10569 787 1871 10570 784 1750 10571 786 1877 10572 784 1750 10573 782 1878 10574 786 1877 10575 782 1878 10576 1343 1704 10577 1343 1704 10578 782 1878 10579 781 1879 10580 1343 1704 10581 781 1879 10582 1367 1705 10583 1367 1705 10584 781 1879 10585 1368 1880 10586 1367 1705 10587 1368 1880 10588 1366 1707 10589 1366 1707 10590 1368 1880 10591 1369 1881 10592 1369 1881 10593 1368 1880 10594 781 1879 10595 1369 1881 10596 781 1879 10597 780 1882 10598 780 1882 10599 781 1879 10600 782 1878 10601 780 1882 10602 782 1878 10603 784 1750 10604 780 1882 10605 784 1750 10606 783 1883 10607 783 1883 10608 784 1750 10609 1666 1748 10610 783 1883 10611 1666 1748 10612 276 1884 10613 276 1884 10614 1666 1748 10615 1665 1725 10616 276 1884 10617 1665 1725 10618 275 1885 10619 275 1885 10620 1665 1725 10621 274 1723 10622 275 1885 10623 274 1723 10624 776 1716 10625 275 1885 10626 776 1716 10627 773 1715 10628 275 1885 10629 773 1715 10630 775 1886 10631 275 1885 10632 775 1886 10633 276 1884 10634 276 1884 10635 775 1886 10636 783 1883 10637 783 1883 10638 775 1886 10639 779 1887 10640 783 1883 10641 779 1887 10642 780 1882 10643 780 1882 10644 779 1887 10645 1369 1881 10646 779 1887 10647 778 1888 10648 1369 1881 10649 1369 1881 10650 778 1888 10651 1366 1707 10652 1366 1707 10653 778 1888 10654 1365 1708 10655 1365 1708 10656 778 1888 10657 777 1713 10658 777 1713 10659 778 1888 10660 779 1887 10661 777 1713 10662 779 1887 10663 774 1714 10664 774 1714 10665 779 1887 10666 773 1715 10667 773 1715 10668 779 1887 10669 775 1886 10670 1884 1550 10671 1883 1547 10672 1882 1551 10673 1915 323 10674 1914 1889 10675 1913 325 10676 278 1890 10677 279 1891 10678 277 175 10679 277 175 10680 279 1891 10681 1916 1892 10682 277 175 10683 1916 1892 10684 1915 323 10685 1915 323 10686 1916 1892 10687 1914 1889 10688 1914 1889 10689 1916 1892 10690 279 1891 10691 1919 336 10692 1910 1893 10693 1909 338 10694 1909 338 10695 1910 1893 10696 1911 1894 10697 1909 338 10698 1911 1894 10699 170 1895 10700 170 1895 10701 1911 1894 10702 171 1896 10703 170 1895 10704 171 1896 10705 172 1897 10706 172 1897 10707 171 1896 10708 173 1898 10709 172 1897 10710 173 1898 10711 585 197 10712 585 197 10713 173 1898 10714 586 1899 10715 585 197 10716 586 1899 10717 582 184 10718 582 184 10719 586 1899 10720 583 1900 10721 582 184 10722 583 1900 10723 579 183 10724 579 183 10725 583 1900 10726 1931 177 10727 1931 177 10728 583 1900 10729 277 175 10730 277 175 10731 583 1900 10732 586 1899 10733 277 175 10734 586 1899 10735 278 1890 10736 278 1890 10737 586 1899 10738 173 1898 10739 278 1890 10740 173 1898 10741 279 1891 10742 279 1891 10743 173 1898 10744 171 1896 10745 279 1891 10746 171 1896 10747 1914 1889 10748 1914 1889 10749 171 1896 10750 1911 1894 10751 1914 1889 10752 1911 1894 10753 1913 325 10754 1913 325 10755 1911 1894 10756 1910 1893 10757 1913 325 10758 1910 1893 10759 1920 327 10760 1920 327 10761 1910 1893 10762 1919 336 10763 585 197 10764 174 196 10765 172 1897 10766 172 1897 10767 174 196 10768 170 1895 10769 170 1895 10770 174 196 10771 590 1901 10772 170 1895 10773 590 1901 10774 1909 338 10775 1909 338 10776 590 1901 10777 593 340 10778 593 340 10779 590 1901 10780 592 195 10781 592 195 10782 590 1901 10783 174 196 10784 2038 1350 10785 2034 1345 10786 2035 1344 10787 1409 954 10788 877 968 10789 875 953 10790 875 953 10791 877 968 10792 132 964 10793 1015 612 10794 300 615 10795 1013 609 10796 1013 609 10797 300 615 10798 1011 616 10799 1432 1902 10800 897 1903 10801 890 1904 10802 890 1904 10803 897 1903 10804 893 1905 10805 150 508 10806 2218 486 10807 900 1906 10808 900 1906 10809 2218 486 10810 2191 1907 10811 2191 1907 10812 2218 486 10813 152 477 10814 2191 1907 10815 152 477 10816 2081 1908 10817 2081 1908 10818 152 477 10819 2079 475 10820 2081 1908 10821 2079 475 10822 2078 474 10823 2081 1908 10824 2078 474 10825 2192 1909 10826 2192 1909 10827 2078 474 10828 37 1910 10829 37 1910 10830 2078 474 10831 2080 472 10832 37 1910 10833 2080 472 10834 2202 422 10835 37 1910 10836 2202 422 10837 2210 1911 10838 2210 1911 10839 2202 422 10840 2209 1912 10841 2210 1911 10842 2209 1912 10843 32 1913 10844 32 1913 10845 2209 1912 10846 28 1914 10847 32 1913 10848 28 1914 10849 27 1915 10850 27 1915 10851 28 1914 10852 137 1916 10853 27 1915 10854 137 1916 10855 29 1917 10856 29 1917 10857 137 1916 10858 898 1918 10859 29 1917 10860 898 1918 10861 896 1919 10862 896 1919 10863 898 1918 10864 897 1903 10865 896 1919 10866 897 1903 10867 895 1920 10868 895 1920 10869 897 1903 10870 1432 1902 10871 895 1920 10872 1432 1902 10873 1428 1921 10874 1428 1921 10875 1432 1902 10876 889 1922 10877 889 1922 10878 1432 1902 10879 891 1923 10880 891 1923 10881 1432 1902 10882 890 1904 10883 891 1923 10884 890 1904 10885 892 1924 10886 892 1924 10887 890 1904 10888 136 1925 10889 136 1925 10890 890 1904 10891 893 1905 10892 136 1925 10893 893 1905 10894 894 1926 10895 894 1926 10896 893 1905 10897 138 1927 10898 894 1926 10899 138 1927 10900 2209 1912 10901 905 1928 10902 904 1929 10903 903 1930 10904 905 1928 10905 903 1930 10906 1431 1931 10907 1431 1931 10908 903 1930 10909 899 1932 10910 899 1932 10911 903 1930 10912 901 1933 10913 899 1932 10914 901 1933 10915 902 1934 10916 899 1932 10917 902 1934 10918 29 1917 10919 29 1917 10920 902 1934 10921 27 1915 10922 27 1915 10923 902 1934 10924 30 1935 10925 27 1915 10926 30 1935 10927 31 1936 10928 27 1915 10929 31 1936 10930 32 1913 10931 32 1913 10932 31 1936 10933 2210 1911 10934 2210 1911 10935 31 1936 10936 37 1910 10937 37 1910 10938 31 1936 10939 2192 1909 10940 2192 1909 10941 31 1936 10942 30 1935 10943 2192 1909 10944 30 1935 10945 2081 1908 10946 2081 1908 10947 30 1935 10948 902 1934 10949 2081 1908 10950 902 1934 10951 901 1933 10952 2081 1908 10953 901 1933 10954 2191 1907 10955 2191 1907 10956 901 1933 10957 900 1906 10958 900 1906 10959 901 1933 10960 903 1930 10961 900 1906 10962 903 1930 10963 2220 1937 10964 2220 1937 10965 903 1930 10966 904 1929 10967 2220 1937 10968 904 1929 10969 907 1938 10970 907 1938 10971 904 1929 10972 908 1939 10973 908 1939 10974 904 1929 10975 906 1940 10976 906 1940 10977 904 1929 10978 905 1928 10979 906 1940 10980 905 1928 10981 1429 1941 10982 1429 1941 10983 905 1928 10984 1428 1921 10985 1429 1941 10986 1428 1921 10987 889 1922 10988 2181 423 10989 2203 975 10990 2202 422 10991 2202 422 10992 2203 975 10993 2201 1942 10994 2202 422 10995 2201 1942 10996 2209 1912 10997 2209 1912 10998 2201 1942 10999 894 1926 11000 894 1926 11001 2201 1942 11002 2203 975 11003 894 1926 11004 2203 975 11005 71 974 11006 894 1926 11007 71 974 11008 136 1925 11009 136 1925 11010 71 974 11011 2194 973 11012 136 1925 11013 2194 973 11014 391 972 11015 136 1925 11016 391 972 11017 892 1924 11018 892 1924 11019 391 972 11020 390 1943 11021 892 1924 11022 390 1943 11023 891 1923 11024 891 1923 11025 390 1943 11026 886 1944 11027 891 1923 11028 886 1944 11029 889 1922 11030 889 1922 11031 886 1944 11032 1430 1945 11033 889 1922 11034 1430 1945 11035 1429 1941 11036 1429 1941 11037 1430 1945 11038 1424 1946 11039 1429 1941 11040 1424 1946 11041 906 1940 11042 906 1940 11043 1424 1946 11044 1434 1947 11045 906 1940 11046 1434 1947 11047 908 1939 11048 908 1939 11049 1434 1947 11050 1433 1948 11051 908 1939 11052 1433 1948 11053 907 1938 11054 907 1938 11055 1433 1948 11056 909 1949 11057 907 1938 11058 909 1949 11059 912 1950 11060 912 1950 11061 909 1949 11062 1437 1951 11063 912 1950 11064 1437 1951 11065 1581 1952 11066 1581 1952 11067 1437 1951 11068 387 1953 11069 1581 1952 11070 387 1953 11071 1580 1954 11072 1580 1954 11073 387 1953 11074 1582 1955 11075 1580 1954 11076 1582 1955 11077 917 1956 11078 917 1956 11079 1582 1955 11080 389 1957 11081 389 1957 11082 1582 1955 11083 388 1958 11084 912 1950 11085 911 1959 11086 907 1938 11087 907 1938 11088 911 1959 11089 910 1960 11090 907 1938 11091 910 1960 11092 2220 1937 11093 2220 1937 11094 910 1960 11095 900 1906 11096 900 1906 11097 910 1960 11098 2219 1961 11099 900 1906 11100 2219 1961 11101 150 508 11102 150 508 11103 2219 1961 11104 910 1960 11105 150 508 11106 910 1960 11107 2221 1962 11108 2221 1962 11109 910 1960 11110 911 1959 11111 2221 1962 11112 911 1959 11113 914 1963 11114 914 1963 11115 911 1959 11116 913 1964 11117 913 1964 11118 911 1959 11119 912 1950 11120 913 1964 11121 912 1950 11122 1581 1952 11123 913 1964 11124 1581 1952 11125 1580 1954 11126 913 1964 11127 1580 1954 11128 917 1956 11129 913 1964 11130 917 1956 11131 915 1965 11132 913 1964 11133 915 1965 11134 914 1963 11135 914 1963 11136 915 1965 11137 2163 511 11138 914 1963 11139 2163 511 11140 916 510 11141 914 1963 11142 916 510 11143 2221 1962 11144 2221 1962 11145 916 510 11146 150 508 11147 150 508 11148 916 510 11149 148 509 11150 234 512 11151 2163 511 11152 233 514 11153 233 514 11154 2163 511 11155 915 1965 11156 233 514 11157 915 1965 11158 917 1956 11159 233 514 11160 917 1956 11161 920 515 11162 920 515 11163 917 1956 11164 921 518 11165 921 518 11166 917 1956 11167 389 1957 11168 921 518 11169 389 1957 11170 1579 519 11171 1579 519 11172 389 1957 11173 1578 1966 11174 1579 519 11175 1578 1966 11176 1577 548 11177 1577 548 11178 1578 1966 11179 386 1967 11180 1577 548 11181 386 1967 11182 1573 549 11183 1573 549 11184 386 1967 11185 1576 1968 11186 1573 549 11187 1576 1968 11188 1570 550 11189 1570 550 11190 1576 1968 11191 1574 1969 11192 1570 550 11193 1574 1969 11194 35 1970 11195 1570 550 11196 35 1970 11197 1575 577 11198 1575 577 11199 35 1970 11200 91 929 11201 1575 577 11202 91 929 11203 88 930 11204 389 1957 11205 388 1958 11206 1578 1966 11207 1578 1966 11208 388 1958 11209 386 1967 11210 386 1967 11211 388 1958 11212 385 1971 11213 386 1967 11214 385 1971 11215 1576 1968 11216 1576 1968 11217 385 1971 11218 2092 1972 11219 1576 1968 11220 2092 1972 11221 34 1973 11222 1576 1968 11223 34 1973 11224 1574 1969 11225 1574 1969 11226 34 1973 11227 35 1970 11228 35 1970 11229 34 1973 11230 1531 1974 11231 35 1970 11232 1531 1974 11233 1530 928 11234 35 1970 11235 1530 928 11236 91 929 11237 34 1973 11238 2092 1972 11239 1446 1975 11240 1446 1975 11241 2092 1972 11242 2093 1976 11243 2093 1976 11244 2092 1972 11245 385 1971 11246 2093 1976 11247 385 1971 11248 388 1958 11249 2093 1976 11250 388 1958 11251 1444 1977 11252 2093 1976 11253 1444 1977 11254 1447 1978 11255 2093 1976 11256 1447 1978 11257 1446 1975 11258 1531 1974 11259 34 1973 11260 1536 1979 11261 1536 1979 11262 34 1973 11263 1533 1980 11264 1536 1979 11265 1533 1980 11266 1532 1981 11267 1536 1979 11268 1532 1981 11269 1535 1982 11270 1535 1982 11271 1532 1981 11272 1525 1983 11273 1525 1983 11274 1532 1981 11275 1524 1984 11276 1525 1983 11277 1524 1984 11278 1523 1985 11279 1523 1985 11280 1524 1984 11281 146 1986 11282 1523 1985 11283 146 1986 11284 145 1987 11285 145 1987 11286 146 1986 11287 142 1988 11288 145 1987 11289 142 1988 11290 144 1989 11291 144 1989 11292 142 1988 11293 1449 1990 11294 144 1989 11295 1449 1990 11296 1451 1991 11297 1451 1991 11298 1449 1990 11299 1445 1992 11300 1445 1992 11301 1449 1990 11302 1448 1993 11303 1445 1992 11304 1448 1993 11305 1447 1978 11306 1447 1978 11307 1448 1993 11308 33 1994 11309 1447 1978 11310 33 1994 11311 1446 1975 11312 1446 1975 11313 33 1994 11314 34 1973 11315 34 1973 11316 33 1994 11317 1533 1980 11318 1533 1980 11319 33 1994 11320 1532 1981 11321 1532 1981 11322 33 1994 11323 1534 1995 11324 1534 1995 11325 33 1994 11326 1448 1993 11327 1534 1995 11328 1448 1993 11329 143 1996 11330 143 1996 11331 1448 1993 11332 1449 1990 11333 143 1996 11334 1449 1990 11335 142 1988 11336 143 1996 11337 142 1988 11338 1534 1995 11339 1534 1995 11340 142 1988 11341 146 1986 11342 1534 1995 11343 146 1986 11344 1532 1981 11345 1532 1981 11346 146 1986 11347 1524 1984 11348 1582 1955 11349 387 1953 11350 388 1958 11351 388 1958 11352 387 1953 11353 1439 1997 11354 388 1958 11355 1439 1997 11356 1444 1977 11357 1444 1977 11358 1439 1997 11359 1440 1998 11360 1444 1977 11361 1440 1998 11362 1442 1999 11363 1442 1999 11364 1440 1998 11365 1443 2000 11366 1442 1999 11367 1443 2000 11368 1457 2001 11369 1457 2001 11370 1443 2000 11371 1468 2002 11372 1457 2001 11373 1468 2002 11374 1458 2003 11375 1458 2003 11376 1468 2002 11377 1461 2004 11378 1458 2003 11379 1461 2004 11380 1454 2005 11381 1458 2003 11382 1454 2005 11383 1457 2001 11384 1457 2001 11385 1454 2005 11386 1456 2006 11387 1457 2001 11388 1456 2006 11389 1445 1992 11390 1445 1992 11391 1456 2006 11392 1451 1991 11393 1451 1991 11394 1456 2006 11395 1454 2005 11396 1451 1991 11397 1454 2005 11398 1453 2007 11399 1453 2007 11400 1454 2005 11401 1537 2008 11402 1453 2007 11403 1537 2008 11404 141 2009 11405 1453 2007 11406 141 2009 11407 1451 1991 11408 1451 1991 11409 141 2009 11410 1452 2010 11411 1451 1991 11412 1452 2010 11413 144 1989 11414 144 1989 11415 1452 2010 11416 1520 2011 11417 144 1989 11418 1520 2011 11419 145 1987 11420 145 1987 11421 1520 2011 11422 1521 2012 11423 145 1987 11424 1521 2012 11425 1523 1985 11426 1523 1985 11427 1521 2012 11428 1507 2013 11429 1523 1985 11430 1507 2013 11431 1525 1983 11432 1525 1983 11433 1507 2013 11434 1506 924 11435 1506 924 11436 1507 2013 11437 1508 923 11438 1508 923 11439 1507 2013 11440 1522 2014 11441 1522 2014 11442 1507 2013 11443 1521 2012 11444 1461 2004 11445 1468 2002 11446 1462 2015 11447 1462 2015 11448 1468 2002 11449 1466 2016 11450 1466 2016 11451 1468 2002 11452 1469 2017 11453 1469 2017 11454 1468 2002 11455 1443 2000 11456 1469 2017 11457 1443 2000 11458 1441 2018 11459 1441 2018 11460 1443 2000 11461 1440 1998 11462 1441 2018 11463 1440 1998 11464 1438 2019 11465 1438 2019 11466 1440 1998 11467 1439 1997 11468 1438 2019 11469 1439 1997 11470 387 1953 11471 1438 2019 11472 387 1953 11473 1437 1951 11474 1438 2019 11475 1437 1951 11476 1435 2020 11477 1435 2020 11478 1437 1951 11479 909 1949 11480 1435 2020 11481 909 1949 11482 1433 1948 11483 1435 2020 11484 1433 1948 11485 1434 1947 11486 1435 2020 11487 1434 1947 11488 1426 2021 11489 1426 2021 11490 1434 1947 11491 1424 1946 11492 1426 2021 11493 1424 1946 11494 1425 2022 11495 1426 2021 11496 1425 2022 11497 1538 2023 11498 1538 2023 11499 1425 2022 11500 1539 2024 11501 1538 2023 11502 1539 2024 11503 1466 2016 11504 1538 2023 11505 1466 2016 11506 1469 2017 11507 1538 2023 11508 1469 2017 11509 1436 2025 11510 1436 2025 11511 1469 2017 11512 1441 2018 11513 1436 2025 11514 1441 2018 11515 1438 2019 11516 1436 2025 11517 1438 2019 11518 1435 2020 11519 1436 2025 11520 1435 2020 11521 1538 2023 11522 1538 2023 11523 1435 2020 11524 1426 2021 11525 1454 2005 11526 1461 2004 11527 1455 2026 11528 1454 2005 11529 1455 2026 11530 1537 2008 11531 1537 2008 11532 1455 2026 11533 1460 2027 11534 1460 2027 11535 1455 2026 11536 1461 2004 11537 1460 2027 11538 1461 2004 11539 1459 2028 11540 1459 2028 11541 1461 2004 11542 1464 2029 11543 1464 2029 11544 1461 2004 11545 1462 2015 11546 1464 2029 11547 1462 2015 11548 1466 2016 11549 1464 2029 11550 1466 2016 11551 1465 2030 11552 1465 2030 11553 1466 2016 11554 1467 2031 11555 1467 2031 11556 1466 2016 11557 1539 2024 11558 1467 2031 11559 1539 2024 11560 1423 2032 11561 1423 2032 11562 1539 2024 11563 1425 2022 11564 1423 2032 11565 1425 2022 11566 1424 1946 11567 1423 2032 11568 1424 1946 11569 1427 2033 11570 1427 2033 11571 1424 1946 11572 1430 1945 11573 1427 2033 11574 1430 1945 11575 886 1944 11576 1427 2033 11577 886 1944 11578 888 2034 11579 1427 2033 11580 888 2034 11581 1423 2032 11582 1423 2032 11583 888 2034 11584 1422 2035 11585 1423 2032 11586 1422 2035 11587 1421 2036 11588 1423 2032 11589 1421 2036 11590 1467 2031 11591 1467 2031 11592 1421 2036 11593 1465 2030 11594 1465 2030 11595 1421 2036 11596 1474 2037 11597 1465 2030 11598 1474 2037 11599 1464 2029 11600 1464 2029 11601 1474 2037 11602 1473 2038 11603 1464 2029 11604 1473 2038 11605 1463 2039 11606 1464 2029 11607 1463 2039 11608 1459 2028 11609 1459 2028 11610 1463 2039 11611 1460 2027 11612 1460 2027 11613 1463 2039 11614 1470 2040 11615 390 1943 11616 887 2041 11617 886 1944 11618 886 1944 11619 887 2041 11620 885 2042 11621 886 1944 11622 885 2042 11623 888 2034 11624 888 2034 11625 885 2042 11626 1422 2035 11627 1422 2035 11628 885 2042 11629 884 2043 11630 1422 2035 11631 884 2043 11632 1420 2044 11633 1422 2035 11634 1420 2044 11635 1421 2036 11636 1421 2036 11637 1420 2044 11638 1474 2037 11639 1474 2037 11640 1420 2044 11641 1475 2045 11642 1474 2037 11643 1475 2045 11644 1472 2046 11645 1474 2037 11646 1472 2046 11647 1473 2038 11648 1473 2038 11649 1472 2046 11650 1463 2039 11651 1463 2039 11652 1472 2046 11653 1479 2047 11654 1463 2039 11655 1479 2047 11656 1516 2048 11657 1463 2039 11658 1516 2048 11659 1470 2040 11660 1470 2040 11661 1516 2048 11662 1519 2049 11663 1515 2050 11664 1517 2051 11665 1519 2049 11666 1519 2049 11667 1517 2051 11668 1518 2052 11669 1519 2049 11670 1518 2052 11671 1470 2040 11672 1470 2040 11673 1518 2052 11674 1460 2027 11675 1460 2027 11676 1518 2052 11677 140 2053 11678 1460 2027 11679 140 2053 11680 1537 2008 11681 1537 2008 11682 140 2053 11683 141 2009 11684 141 2009 11685 140 2053 11686 1518 2052 11687 141 2009 11688 1518 2052 11689 1517 2051 11690 141 2009 11691 1517 2051 11692 1452 2010 11693 1452 2010 11694 1517 2051 11695 1520 2011 11696 1520 2011 11697 1517 2051 11698 1521 2012 11699 1521 2012 11700 1517 2051 11701 1515 2050 11702 1521 2012 11703 1515 2050 11704 1514 2054 11705 1514 2054 11706 1515 2050 11707 1512 2055 11708 1512 2055 11709 1515 2050 11710 1519 2049 11711 1512 2055 11712 1519 2049 11713 1516 2048 11714 1512 2055 11715 1516 2048 11716 1478 2056 11717 1478 2056 11718 1516 2048 11719 1480 2057 11720 1480 2057 11721 1516 2048 11722 1479 2047 11723 1480 2057 11724 1479 2047 11725 1472 2046 11726 1480 2057 11727 1472 2046 11728 1471 2058 11729 1471 2058 11730 1472 2046 11731 1476 2059 11732 1476 2059 11733 1472 2046 11734 1475 2045 11735 1476 2059 11736 1475 2045 11737 1419 2060 11738 1419 2060 11739 1475 2045 11740 1420 2044 11741 1419 2060 11742 1420 2044 11743 884 2043 11744 1419 2060 11745 884 2043 11746 1418 2061 11747 1418 2061 11748 884 2043 11749 883 2062 11750 883 2062 11751 884 2043 11752 885 2042 11753 883 2062 11754 885 2042 11755 887 2041 11756 883 2062 11757 887 2041 11758 393 2063 11759 393 2063 11760 887 2041 11761 134 2064 11762 134 2064 11763 887 2041 11764 390 1943 11765 134 2064 11766 390 1943 11767 391 972 11768 134 2064 11769 391 972 11770 392 971 11771 134 2064 11772 392 971 11773 393 2063 11774 393 2063 11775 392 971 11776 880 911 11777 393 2063 11778 880 911 11779 883 2062 11780 883 2062 11781 880 911 11782 1418 2061 11783 1418 2061 11784 880 911 11785 882 914 11786 1418 2061 11787 882 914 11788 1417 916 11789 1418 2061 11790 1417 916 11791 1419 2060 11792 1419 2060 11793 1417 916 11794 1476 2059 11795 1476 2059 11796 1417 916 11797 1482 917 11798 1476 2059 11799 1482 917 11800 1481 918 11801 1476 2059 11802 1481 918 11803 1471 2058 11804 1471 2058 11805 1481 918 11806 1480 2057 11807 1480 2057 11808 1481 918 11809 1477 919 11810 1480 2057 11811 1477 919 11812 1483 920 11813 1480 2057 11814 1483 920 11815 1478 2056 11816 1478 2056 11817 1483 920 11818 1510 921 11819 1478 2056 11820 1510 921 11821 1512 2055 11822 1512 2055 11823 1510 921 11824 1509 922 11825 1512 2055 11826 1509 922 11827 1514 2054 11828 1514 2054 11829 1509 922 11830 1508 923 11831 1514 2054 11832 1508 923 11833 1522 2014 11834 1514 2054 11835 1522 2014 11836 1521 2012 11837 1500 890 11838 1495 862 11839 1494 876 11840 1494 876 11841 1495 862 11842 1496 879 11843 114 1134 11844 123 575 11845 125 1132 11846 125 1132 11847 123 575 11848 124 576 11849 125 1132 11850 124 576 11851 1575 577 11852 125 1132 11853 1575 577 11854 88 930 11855 832 2065 11856 829 2066 11857 831 2067 11858 831 2067 11859 829 2066 11860 830 2068 11861 831 2067 11862 830 2068 11863 1594 2069 11864 1298 1865 11865 1301 1868 11866 1219 2070 11867 1219 2070 11868 1301 1868 11869 1223 2071 11870 1223 2071 11871 1301 1868 11872 1313 2072 11873 1223 2071 11874 1313 2072 11875 1221 2073 11876 1221 2073 11877 1313 2072 11878 1224 2074 11879 1221 2073 11880 1224 2074 11881 1225 2075 11882 1221 2073 11883 1225 2075 11884 362 2076 11885 362 2076 11886 1225 2075 11887 363 2077 11888 363 2077 11889 1225 2075 11890 1226 2078 11891 363 2077 11892 1226 2078 11893 360 2079 11894 360 2079 11895 1226 2078 11896 836 2080 11897 360 2079 11898 836 2080 11899 833 2081 11900 360 2079 11901 833 2081 11902 835 2082 11903 835 2082 11904 833 2081 11905 829 2066 11906 829 2066 11907 833 2081 11908 834 2083 11909 829 2066 11910 834 2083 11911 828 2084 11912 829 2066 11913 828 2084 11914 830 2068 11915 830 2068 11916 828 2084 11917 1592 2085 11918 830 2068 11919 1592 2085 11920 1594 2069 11921 1594 2069 11922 1592 2085 11923 1638 2086 11924 1638 2086 11925 1592 2085 11926 1593 2087 11927 1638 2086 11928 1593 2087 11929 1635 2088 11930 1638 2086 11931 1635 2088 11932 1634 2089 11933 1638 2086 11934 1634 2089 11935 1596 2090 11936 1638 2086 11937 1596 2090 11938 1594 2069 11939 1594 2069 11940 1596 2090 11941 1595 2091 11942 1594 2069 11943 1595 2091 11944 831 2067 11945 831 2067 11946 1595 2091 11947 823 2092 11948 831 2067 11949 823 2092 11950 822 2093 11951 831 2067 11952 822 2093 11953 832 2065 11954 832 2065 11955 822 2093 11956 827 2094 11957 832 2065 11958 827 2094 11959 829 2066 11960 1301 1868 11961 1230 1869 11962 1313 2072 11963 1313 2072 11964 1230 1869 11965 1224 2074 11966 1224 2074 11967 1230 1869 11968 1229 2095 11969 1224 2074 11970 1229 2095 11971 1225 2075 11972 1225 2075 11973 1229 2095 11974 1228 2096 11975 1225 2075 11976 1228 2096 11977 838 2097 11978 1225 2075 11979 838 2097 11980 1226 2078 11981 1226 2078 11982 838 2097 11983 840 2098 11984 1226 2078 11985 840 2098 11986 836 2080 11987 836 2080 11988 840 2098 11989 833 2081 11990 833 2081 11991 840 2098 11992 837 1502 11993 833 2081 11994 837 1502 11995 841 1503 11996 833 2081 11997 841 1503 11998 834 2083 11999 834 2083 12000 841 1503 12001 1590 1504 12002 834 2083 12003 1590 1504 12004 828 2084 12005 828 2084 12006 1590 1504 12007 1592 2085 12008 1592 2085 12009 1590 1504 12010 1589 1505 12011 1592 2085 12012 1589 1505 12013 1591 1506 12014 1592 2085 12015 1591 1506 12016 1593 2087 12017 1593 2087 12018 1591 1506 12019 1635 2088 12020 1635 2088 12021 1591 1506 12022 1636 1508 12023 1635 2088 12024 1636 1508 12025 1637 1510 12026 1635 2088 12027 1637 1510 12028 1639 1735 12029 1635 2088 12030 1639 1735 12031 1632 1736 12032 1635 2088 12033 1632 1736 12034 1634 2089 12035 1634 2089 12036 1632 1736 12037 1633 2099 12038 1634 2089 12039 1633 2099 12040 1596 2090 12041 1596 2090 12042 1633 2099 12043 1597 2100 12044 1596 2090 12045 1597 2100 12046 1595 2091 12047 1595 2091 12048 1597 2100 12049 1598 2101 12050 1595 2091 12051 1598 2101 12052 823 2092 12053 823 2092 12054 1598 2101 12055 821 2102 12056 1632 1736 12057 1629 1751 12058 1633 2099 12059 1633 2099 12060 1629 1751 12061 1599 1753 12062 1633 2099 12063 1599 1753 12064 1597 2100 12065 1597 2100 12066 1599 1753 12067 1601 1754 12068 1597 2100 12069 1601 1754 12070 1602 2103 12071 1602 2103 12072 1601 1754 12073 816 2104 12074 1602 2103 12075 816 2104 12076 818 2105 12077 818 2105 12078 816 2104 12079 815 1768 12080 818 2105 12081 815 1768 12082 1319 2106 12083 1319 2106 12084 815 1768 12085 1320 1770 12086 1319 2106 12087 1320 1770 12088 1210 1772 12089 1319 2106 12090 1210 1772 12091 1317 2107 12092 1317 2107 12093 1210 1772 12094 1212 2108 12095 1317 2107 12096 1212 2108 12097 819 2109 12098 819 2109 12099 1212 2108 12100 1316 2110 12101 1316 2110 12102 1212 2108 12103 1215 2111 12104 1316 2110 12105 1215 2111 12106 824 2112 12107 1316 2110 12108 824 2112 12109 821 2102 12110 1316 2110 12111 821 2102 12112 819 2109 12113 819 2109 12114 821 2102 12115 818 2105 12116 819 2109 12117 818 2105 12118 1317 2107 12119 1317 2107 12120 818 2105 12121 1319 2106 12122 1602 2103 12123 818 2105 12124 820 2113 12125 820 2113 12126 818 2105 12127 821 2102 12128 820 2113 12129 821 2102 12130 1598 2101 12131 820 2113 12132 1598 2101 12133 1597 2100 12134 820 2113 12135 1597 2100 12136 1602 2103 12137 823 2092 12138 821 2102 12139 822 2093 12140 822 2093 12141 821 2102 12142 824 2112 12143 822 2093 12144 824 2112 12145 825 2114 12146 825 2114 12147 824 2112 12148 1215 2111 12149 825 2114 12150 1215 2111 12151 1314 2115 12152 1314 2115 12153 1215 2111 12154 1218 2116 12155 1314 2115 12156 1218 2116 12157 1217 2117 12158 1217 2117 12159 1218 2116 12160 1214 2118 12161 1214 2118 12162 1218 2116 12163 1215 2111 12164 1214 2118 12165 1215 2111 12166 1216 2119 12167 1216 2119 12168 1215 2111 12169 1212 2108 12170 1216 2119 12171 1212 2108 12172 1211 2120 12173 1216 2119 12174 1211 2120 12175 1214 2118 12176 1214 2118 12177 1211 2120 12178 1213 2121 12179 1214 2118 12180 1213 2121 12181 1311 2122 12182 1311 2122 12183 1213 2121 12184 1303 2123 12185 1311 2122 12186 1303 2123 12187 1287 2124 12188 1287 2124 12189 1303 2123 12190 1284 2125 12191 1287 2124 12192 1284 2125 12193 1283 2126 12194 1283 2126 12195 1284 2125 12196 1282 1847 12197 1283 2126 12198 1282 1847 12199 1289 1848 12200 1283 2126 12201 1289 1848 12202 1287 2124 12203 1287 2124 12204 1289 1848 12205 1297 1864 12206 1287 2124 12207 1297 1864 12208 1298 1865 12209 1287 2124 12210 1298 1865 12211 1299 2127 12212 1287 2124 12213 1299 2127 12214 1311 2122 12215 1311 2122 12216 1299 2127 12217 1310 2128 12218 1311 2122 12219 1310 2128 12220 1214 2118 12221 1214 2118 12222 1310 2128 12223 1217 2117 12224 1217 2117 12225 1310 2128 12226 1219 2070 12227 1219 2070 12228 1310 2128 12229 1299 2127 12230 1219 2070 12231 1299 2127 12232 1298 1865 12233 1331 1824 12234 1196 1833 12235 1198 1810 12236 1198 1810 12237 1196 1833 12238 1197 1834 12239 1198 1810 12240 1197 1834 12241 1201 1809 12242 1201 1809 12243 1197 1834 12244 1200 1808 12245 1200 1808 12246 1197 1834 12247 1269 1837 12248 1200 1808 12249 1269 1837 12250 1274 1839 12251 1200 1808 12252 1274 1839 12253 1202 1807 12254 1202 1807 12255 1274 1839 12256 1273 1840 12257 1202 1807 12258 1273 1840 12259 1204 1806 12260 1204 1806 12261 1273 1840 12262 1277 1805 12263 1277 1805 12264 1273 1840 12265 1278 1843 12266 1277 1805 12267 1278 1843 12268 1280 1844 12269 1277 1805 12270 1280 1844 12271 1279 2129 12272 1279 2129 12273 1280 1844 12274 1285 2130 12275 1285 2130 12276 1280 1844 12277 1282 1847 12278 1285 2130 12279 1282 1847 12280 1284 2125 12281 1285 2130 12282 1284 2125 12283 1308 2131 12284 1308 2131 12285 1284 2125 12286 1303 2123 12287 1308 2131 12288 1303 2123 12289 1304 2132 12290 1304 2132 12291 1303 2123 12292 1213 2121 12293 1304 2132 12294 1213 2121 12295 1211 2120 12296 1304 2132 12297 1211 2120 12298 1305 2133 12299 1304 2132 12300 1305 2133 12301 1308 2131 12302 1308 2131 12303 1305 2133 12304 1306 2134 12305 1308 2131 12306 1306 2134 12307 1307 2135 12308 1307 2135 12309 1306 2134 12310 1276 1804 12311 1307 2135 12312 1276 1804 12313 1277 1805 12314 1307 2135 12315 1277 1805 12316 1279 2129 12317 1307 2135 12318 1279 2129 12319 1309 2136 12320 1309 2136 12321 1279 2129 12322 1285 2130 12323 1309 2136 12324 1285 2130 12325 1308 2131 12326 1309 2136 12327 1308 2131 12328 1307 2135 12329 1207 1775 12330 1276 1804 12331 1208 2137 12332 1208 2137 12333 1276 1804 12334 1306 2134 12335 1208 2137 12336 1306 2134 12337 1209 1774 12338 1208 2137 12339 1209 1774 12340 1207 1775 12341 1306 2134 12342 1305 2133 12343 1209 1774 12344 1209 1774 12345 1305 2133 12346 1211 2120 12347 1209 1774 12348 1211 2120 12349 1318 2138 12350 1318 2138 12351 1211 2120 12352 1212 2108 12353 1318 2138 12354 1212 2108 12355 1210 1772 12356 1318 2138 12357 1210 1772 12358 1209 1774 12359 1219 2070 12360 1223 2071 12361 1217 2117 12362 1217 2117 12363 1223 2071 12364 1221 2073 12365 1217 2117 12366 1221 2073 12367 1220 2139 12368 1220 2139 12369 1221 2073 12370 1222 2140 12371 1222 2140 12372 1221 2073 12373 362 2076 12374 1222 2140 12375 362 2076 12376 361 2141 12377 361 2141 12378 362 2076 12379 363 2077 12380 361 2141 12381 363 2077 12382 360 2079 12383 361 2141 12384 360 2079 12385 359 2142 12386 359 2142 12387 360 2079 12388 827 2094 12389 827 2094 12390 360 2079 12391 835 2082 12392 827 2094 12393 835 2082 12394 829 2066 12395 1217 2117 12396 1220 2139 12397 1314 2115 12398 1314 2115 12399 1220 2139 12400 1222 2140 12401 1314 2115 12402 1222 2140 12403 1315 2143 12404 1315 2143 12405 1222 2140 12406 361 2141 12407 1315 2143 12408 361 2141 12409 359 2142 12410 1315 2143 12411 359 2142 12412 827 2094 12413 1315 2143 12414 827 2094 12415 826 2144 12416 826 2144 12417 827 2094 12418 822 2093 12419 826 2144 12420 822 2093 12421 825 2114 12422 826 2144 12423 825 2114 12424 1314 2115 12425 826 2144 12426 1314 2115 12427 1315 2143 12428 261 1423 12429 263 1420 12430 262 2145 12431 262 2145 12432 263 1420 12433 266 1421 12434 262 2145 12435 266 1421 12436 261 1423 12437 2169 1186 12438 2205 1051 12439 2207 2146 12440 2207 2146 12441 2205 1051 12442 63 1043 12443 2207 2146 12444 63 1043 12445 200 1042 12446 2207 2146 12447 200 1042 12448 2169 1186 12449 257 1446 12450 249 1463 12451 252 2147 12452 252 2147 12453 249 1463 12454 21 1450 12455 252 2147 12456 21 1450 12457 498 1447 12458 252 2147 12459 498 1447 12460 257 1446 12461 2099 1432 12462 16 1434 12463 2098 1430 12464 2098 1430 12465 16 1434 12466 250 2148 12467 2098 1430 12468 250 2148 12469 257 1446 12470 257 1446 12471 250 2148 12472 249 1463 12473 249 1463 12474 250 2148 12475 16 1434 12476 375 1427 12477 2097 1428 12478 374 1442 12479 374 1442 12480 2097 1428 12481 376 2149 12482 374 1442 12483 376 2149 12484 256 1444 12485 256 1444 12486 376 2149 12487 257 1446 12488 257 1446 12489 376 2149 12490 2098 1430 12491 2098 1430 12492 376 2149 12493 2097 1428 12494 29 1917 12495 896 1919 12496 899 1932 12497 899 1932 12498 896 1919 12499 1431 1931 12500 1431 1931 12501 896 1919 12502 895 1920 12503 1431 1931 12504 895 1920 12505 1428 1921 12506 1431 1931 12507 1428 1921 12508 905 1928 12509 578 105 12510 577 107 12511 581 2150 12512 581 2150 12513 577 107 12514 1748 92 12515 581 2150 12516 1748 92 12517 1751 94 12518 581 2150 12519 1751 94 12520 1752 185 12521 581 2150 12522 1752 185 12523 578 105 12524 764 1178 12525 1384 1180 12526 1376 2151 12527 1376 2151 12528 1384 1180 12529 1378 1177 12530 1376 2151 12531 1378 1177 12532 1359 1175 12533 1376 2151 12534 1359 1175 12535 767 1220 12536 1376 2151 12537 767 1220 12538 764 1178 12539 815 1768 12540 816 2104 12541 817 2152 12542 817 2152 12543 816 2104 12544 1601 1754 12545 817 2152 12546 1601 1754 12547 1600 1756 12548 817 2152 12549 1600 1756 12550 813 1766 12551 817 2152 12552 813 1766 12553 815 1768 12554 952 639 12555 1032 640 12556 955 2153 12557 955 2153 12558 1032 640 12559 1036 641 12560 955 2153 12561 1036 641 12562 1034 659 12563 955 2153 12564 1034 659 12565 956 653 12566 955 2153 12567 956 653 12568 952 639 12569 1399 947 12570 1401 2154 12571 1402 2155 12572 1402 2155 12573 1401 2154 12574 1489 870 12575 1402 2155 12576 1489 870 12577 1403 867 12578 1402 2155 12579 1403 867 12580 1406 865 12581 1402 2155 12582 1406 865 12583 1399 947 12584 1493 874 12585 1485 873 12586 1490 889 12587 1490 889 12588 1485 873 12589 1489 870 12590 1490 889 12591 1489 870 12592 1401 2154 12593 1490 889 12594 1401 2154 12595 1400 2156 12596 1400 2156 12597 1401 2154 12598 1399 947 12599 1400 2156 12600 1399 947 12601 1397 944 12602 1400 2156 12603 1397 944 12604 1398 943 12605 1543 938 12606 1544 934 12607 1542 941 12608 1542 941 12609 1544 934 12610 107 2157 12611 107 2157 12612 1544 934 12613 108 933 12614 107 2157 12615 108 933 12616 105 910 12617 107 2157 12618 105 910 12619 1540 2158 12620 1540 2158 12621 105 910 12622 2216 887 12623 1540 2158 12624 2216 887 12625 1541 2159 12626 1541 2159 12627 2216 887 12628 1490 889 12629 1541 2159 12630 1490 889 12631 1400 2156 12632 1541 2159 12633 1400 2156 12634 1540 2158 12635 1540 2158 12636 1400 2156 12637 1398 943 12638 1540 2158 12639 1398 943 12640 107 2157 12641 107 2157 12642 1398 943 12643 1542 941 12644 1987 1338 12645 1986 1413 12646 2028 2160 12647 2028 2160 12648 1986 1413 12649 2027 1331 12650 2028 2160 12651 2027 1331 12652 2031 1330 12653 2028 2160 12654 2031 1330 12655 1989 1340 12656 2028 2160 12657 1989 1340 12658 1987 1338 12659 1444 1977 12660 1442 1999 12661 1447 1978 12662 1447 1978 12663 1442 1999 12664 1450 2161 12665 1447 1978 12666 1450 2161 12667 1445 1992 12668 1445 1992 12669 1450 2161 12670 1457 2001 12671 1457 2001 12672 1450 2161 12673 1442 1999 12674 1506 924 12675 1526 925 12676 1525 1983 12677 1525 1983 12678 1526 925 12679 1528 926 12680 1525 1983 12681 1528 926 12682 1535 1982 12683 1535 1982 12684 1528 926 12685 1536 1979 12686 1536 1979 12687 1528 926 12688 1527 927 12689 1536 1979 12690 1527 927 12691 1531 1974 12692 1531 1974 12693 1527 927 12694 1530 928 12695 1831 60 12696 1832 53 12697 1827 69 12698 1827 69 12699 1832 53 12700 1772 2162 12701 1827 69 12702 1772 2162 12703 1770 67 12704 1770 67 12705 1772 2162 12706 1771 49 12707 1771 49 12708 1772 2162 12709 1773 51 12710 1773 51 12711 1772 2162 12712 1832 53 12713 1943 1298 12714 1944 1297 12715 1942 1371 12716 1942 1371 12717 1944 1297 12718 1941 1400 12719 1941 1400 12720 1944 1297 12721 1940 1397 12722 1940 1397 12723 1944 1297 12724 1937 1318 12725 1940 1397 12726 1937 1318 12727 528 1396 12728 528 1396 12729 1937 1318 12730 1938 1317 12731 528 1396 12732 1938 1317 12733 529 1395 12734 529 1395 12735 1938 1317 12736 531 1402 12737 138 1927 12738 139 2163 12739 2209 1912 12740 2209 1912 12741 139 2163 12742 28 1914 12743 28 1914 12744 139 2163 12745 137 1916 12746 137 1916 12747 139 2163 12748 898 1918 12749 898 1918 12750 139 2163 12751 897 1903 12752 897 1903 12753 139 2163 12754 893 1905 12755 893 1905 12756 139 2163 12757 138 1927 12758 433 433 12759 429 413 12760 432 447 12761 432 447 12762 429 413 12763 2088 2164 12764 2088 2164 12765 429 413 12766 2089 414 12767 2088 2164 12768 2089 414 12769 2086 416 12770 2088 2164 12771 2086 416 12772 2083 469 12773 2088 2164 12774 2083 469 12775 2090 449 12776 2088 2164 12777 2090 449 12778 432 447 12779 720 675 12780 725 674 12781 724 2165 12782 724 2165 12783 725 674 12784 726 673 12785 724 2165 12786 726 673 12787 727 1607 12788 724 2165 12789 727 1607 12790 728 713 12791 724 2165 12792 728 713 12793 729 711 12794 724 2165 12795 729 711 12796 703 709 12797 724 2165 12798 703 709 12799 722 707 12800 724 2165 12801 722 707 12802 720 675 12803 475 1271 12804 477 1274 12805 478 2166 12806 478 2166 12807 477 1274 12808 2052 1258 12809 478 2166 12810 2052 1258 12811 2048 2167 12812 2048 2167 12813 2052 1258 12814 1977 1252 12815 2048 2167 12816 1977 1252 12817 481 1250 12818 2048 2167 12819 481 1250 12820 479 1248 12821 2048 2167 12822 479 1248 12823 478 2166 12824 478 2166 12825 479 1248 12826 475 1271 12827 856 2168 12828 159 2169 12829 2091 417 12830 2091 417 12831 159 2169 12832 2084 419 12833 2084 419 12834 159 2169 12835 160 420 12836 160 420 12837 159 2169 12838 2179 2170 12839 160 420 12840 2179 2170 12841 2181 423 12842 2181 423 12843 2179 2170 12844 2180 980 12845 2180 980 12846 2179 2170 12847 59 981 12848 59 981 12849 2179 2170 12850 158 2171 12851 59 981 12852 158 2171 12853 867 982 12854 867 982 12855 158 2171 12856 863 2172 12857 863 2172 12858 158 2171 12859 159 2169 12860 159 2169 12861 158 2171 12862 2179 2170 12863 2091 417 12864 2087 415 12865 856 2168 12866 856 2168 12867 2087 415 12868 427 2173 12869 856 2168 12870 427 2173 12871 855 2174 12872 856 2168 12873 855 2174 12874 858 2175 12875 856 2168 12876 858 2175 12877 159 2169 12878 159 2169 12879 858 2175 12880 859 2176 12881 159 2169 12882 859 2176 12883 863 2172 12884 863 2172 12885 859 2176 12886 860 2177 12887 863 2172 12888 860 2177 12889 867 982 12890 867 982 12891 860 2177 12892 862 984 12893 862 984 12894 860 2177 12895 864 987 12896 864 987 12897 860 2177 12898 861 2178 12899 861 2178 12900 860 2177 12901 859 2176 12902 861 2178 12903 859 2176 12904 1241 2179 12905 1241 2179 12906 859 2176 12907 858 2175 12908 1241 2179 12909 858 2175 12910 857 2180 12911 857 2180 12912 858 2175 12913 855 2174 12914 857 2180 12915 855 2174 12916 1243 2181 12917 1243 2181 12918 855 2174 12919 853 2182 12920 853 2182 12921 855 2174 12922 854 2183 12923 853 2182 12924 854 2183 12925 851 2184 12926 851 2184 12927 854 2183 12928 852 2185 12929 851 2184 12930 852 2185 12931 850 2186 12932 850 2186 12933 852 2185 12934 422 2187 12935 850 2186 12936 422 2187 12937 848 2188 12938 848 2188 12939 422 2187 12940 421 2189 12941 848 2188 12942 421 2189 12943 410 2190 12944 848 2188 12945 410 2190 12946 849 2191 12947 849 2191 12948 410 2190 12949 407 2192 12950 849 2191 12951 407 2192 12952 406 2193 12953 406 2193 12954 407 2192 12955 402 1499 12956 406 2193 12957 402 1499 12958 846 1497 12959 2087 415 12960 428 412 12961 427 2173 12962 427 2173 12963 428 412 12964 426 2194 12965 427 2173 12966 426 2194 12967 855 2174 12968 855 2174 12969 426 2194 12970 854 2183 12971 854 2183 12972 426 2194 12973 424 2195 12974 424 2195 12975 426 2194 12976 428 412 12977 424 2195 12978 428 412 12979 431 410 12980 424 2195 12981 431 410 12982 423 2196 12983 423 2196 12984 431 410 12985 425 409 12986 423 2196 12987 425 409 12988 411 2197 12989 411 2197 12990 425 409 12991 412 407 12992 411 2197 12993 412 407 12994 409 2198 12995 409 2198 12996 412 407 12997 413 405 12998 409 2198 12999 413 405 13000 95 404 13001 409 2198 13002 95 404 13003 408 2199 13004 408 2199 13005 95 404 13006 94 403 13007 408 2199 13008 94 403 13009 404 1500 13010 408 2199 13011 404 1500 13012 402 1499 13013 408 2199 13014 402 1499 13015 407 2192 13016 408 2199 13017 407 2192 13018 409 2198 13019 409 2198 13020 407 2192 13021 410 2190 13022 409 2198 13023 410 2190 13024 421 2189 13025 409 2198 13026 421 2189 13027 411 2197 13028 411 2197 13029 421 2189 13030 422 2187 13031 411 2197 13032 422 2187 13033 423 2196 13034 423 2196 13035 422 2187 13036 852 2185 13037 423 2196 13038 852 2185 13039 424 2195 13040 424 2195 13041 852 2185 13042 854 2183 13043 1239 2200 13044 851 2184 13045 1232 2201 13046 1232 2201 13047 851 2184 13048 850 2186 13049 1232 2201 13050 850 2186 13051 1233 2202 13052 1233 2202 13053 850 2186 13054 848 2188 13055 1233 2202 13056 848 2188 13057 1234 2203 13058 1234 2203 13059 848 2188 13060 845 2204 13061 845 2204 13062 848 2188 13063 849 2191 13064 845 2204 13065 849 2191 13066 843 2205 13067 843 2205 13068 849 2191 13069 406 2193 13070 843 2205 13071 406 2193 13072 846 1497 13073 843 2205 13074 846 1497 13075 847 1496 13076 843 2205 13077 847 1496 13078 842 1495 13079 842 1495 13080 839 2206 13081 843 2205 13082 843 2205 13083 839 2206 13084 844 2207 13085 843 2205 13086 844 2207 13087 845 2204 13088 845 2204 13089 844 2207 13090 1227 2208 13091 845 2204 13092 1227 2208 13093 1234 2203 13094 1234 2203 13095 1227 2208 13096 1231 2209 13097 1234 2203 13098 1231 2209 13099 1233 2202 13100 1233 2202 13101 1231 2209 13102 1232 2201 13103 1232 2201 13104 1231 2209 13105 1235 2210 13106 1232 2201 13107 1235 2210 13108 1239 2200 13109 1239 2200 13110 1235 2210 13111 1237 2211 13112 1239 2200 13113 1237 2211 13114 1244 2212 13115 1244 2212 13116 1237 2211 13117 1238 2213 13118 1244 2212 13119 1238 2213 13120 1242 2214 13121 1242 2214 13122 1238 2213 13123 1240 2215 13124 1242 2214 13125 1240 2215 13126 1291 2216 13127 1242 2214 13128 1291 2216 13129 1245 2217 13130 1245 2217 13131 1291 2216 13132 1293 1876 13133 1245 2217 13134 1293 1876 13135 1246 2218 13136 1246 2218 13137 1293 1876 13138 1292 991 13139 1246 2218 13140 1292 991 13141 1247 988 13142 1246 2218 13143 1247 988 13144 864 987 13145 1246 2218 13146 864 987 13147 861 2178 13148 1246 2218 13149 861 2178 13150 1245 2217 13151 1245 2217 13152 861 2178 13153 1241 2179 13154 1245 2217 13155 1241 2179 13156 1242 2214 13157 1242 2214 13158 1241 2179 13159 857 2180 13160 1242 2214 13161 857 2180 13162 1243 2181 13163 1242 2214 13164 1243 2181 13165 1244 2212 13166 1244 2212 13167 1243 2181 13168 853 2182 13169 1244 2212 13170 853 2182 13171 1239 2200 13172 1239 2200 13173 853 2182 13174 851 2184 13175 842 1495 13176 837 1502 13177 840 2098 13178 842 1495 13179 840 2098 13180 839 2206 13181 839 2206 13182 840 2098 13183 844 2207 13184 844 2207 13185 840 2098 13186 838 2097 13187 844 2207 13188 838 2097 13189 1228 2096 13190 844 2207 13191 1228 2096 13192 1227 2208 13193 1227 2208 13194 1228 2096 13195 1231 2209 13196 1231 2209 13197 1228 2096 13198 1229 2095 13199 1231 2209 13200 1229 2095 13201 1230 1869 13202 1231 2209 13203 1230 1869 13204 1235 2210 13205 1235 2210 13206 1230 1869 13207 1302 1867 13208 1235 2210 13209 1302 1867 13210 1237 2211 13211 1237 2211 13212 1302 1867 13213 1236 1866 13214 1237 2211 13215 1236 1866 13216 1238 2213 13217 1238 2213 13218 1236 1866 13219 1300 1863 13220 1238 2213 13221 1300 1863 13222 1240 2215 13223 1240 2215 13224 1300 1863 13225 1290 1862 13226 1240 2215 13227 1290 1862 13228 1291 2216 13229 1291 2216 13230 1290 1862 13231 1293 1876 13232 1293 1876 13233 1290 1862 13234 1288 1861 13235 628 1616 13236 631 1617 13237 629 2219 13238 629 2219 13239 631 1617 13240 1901 1641 13241 629 2219 13242 1901 1641 13243 627 2220 13244 629 2219 13245 627 2220 13246 628 1616 13247 628 1616 13248 627 2220 13249 632 2221 13250 628 1616 13251 632 2221 13252 1896 2222 13253 1896 2222 13254 632 2221 13255 1792 1534 13256 1896 2222 13257 1792 1534 13258 1897 1533 13259 1896 2222 13260 1897 1533 13261 1895 2223 13262 1895 2223 13263 1897 1533 13264 1894 1606 13265 1895 2223 13266 1894 1606 13267 633 1605 13268 1895 2223 13269 633 1605 13270 628 1616 13271 1895 2223 13272 628 1616 13273 1896 2222 13274 1901 1641 13275 626 1647 13276 627 2220 13277 627 2220 13278 626 1647 13279 624 1554 13280 627 2220 13281 624 1554 13282 625 2224 13283 625 2224 13284 624 1554 13285 1788 1555 13286 625 2224 13287 1788 1555 13288 1789 2225 13289 1789 2225 13290 1788 1555 13291 1786 1556 13292 1789 2225 13293 1786 1556 13294 1790 2226 13295 1790 2226 13296 1786 1556 13297 1787 1546 13298 1790 2226 13299 1787 1546 13300 1794 1536 13301 1790 2226 13302 1794 1536 13303 1789 2225 13304 1789 2225 13305 1794 1536 13306 1793 1535 13307 1789 2225 13308 1793 1535 13309 1792 1534 13310 1789 2225 13311 1792 1534 13312 1791 2227 13313 1791 2227 13314 1792 1534 13315 632 2221 13316 1791 2227 13317 632 2221 13318 627 2220 13319 1791 2227 13320 627 2220 13321 625 2224 13322 1791 2227 13323 625 2224 13324 1789 2225 13325 211 1849 13326 1338 1828 13327 1340 1874 13328 1340 1874 13329 1338 1828 13330 1339 1823 13331 1340 1874 13332 1339 1823 13333 788 1872 13334 788 1872 13335 1339 1823 13336 790 1817 13337 788 1872 13338 790 1817 13339 789 1870 13340 789 1870 13341 790 1817 13342 791 1792 13343 789 1870 13344 791 1792 13345 792 2228 13346 792 2228 13347 791 1792 13348 793 1787 13349 792 2228 13350 793 1787 13351 1616 1744 13352 792 2228 13353 1616 1744 13354 1668 2229 13355 1668 2229 13356 1616 1744 13357 1667 1745 13358 1668 2229 13359 1667 1745 13360 785 1749 13361 1668 2229 13362 785 1749 13363 789 1870 13364 1668 2229 13365 789 1870 13366 792 2228 13367</p>
        </triangles>
      </mesh>
    </geometry>
  </library_geometries>
  <library_controllers>
    <controller id="ems060_01_Armature_ems060_01_003_LOD_1-skin" name="ems060_01 Armature">
      <skin source="#ems060_01_003_LOD_1_001-mesh">
        <bind_shape_matrix>1 0 0 0 0 1 -1.42109e-14 0 0 1.42109e-14 1 0 0 0 0 1</bind_shape_matrix>
        <source id="ems060_01_Armature_ems060_01_003_LOD_1-skin-joints">
          <Name_array id="ems060_01_Armature_ems060_01_003_LOD_1-skin-joints-array" count="1">Bone_000</Name_array>
          <technique_common>
            <accessor source="#ems060_01_Armature_ems060_01_003_LOD_1-skin-joints-array" count="1" stride="1">
              <param name="JOINT" type="name"/>
            </accessor>
          </technique_common>
        </source>
        <source id="ems060_01_Armature_ems060_01_003_LOD_1-skin-bind_poses">
          <float_array id="ems060_01_Armature_ems060_01_003_LOD_1-skin-bind_poses-array" count="16">100 0 0 0 0 -1.62921e-5 100 0 0 -100 -1.62921e-5 0 0 0 0 1</float_array>
          <technique_common>
            <accessor source="#ems060_01_Armature_ems060_01_003_LOD_1-skin-bind_poses-array" count="1" stride="16">
              <param name="TRANSFORM" type="float4x4"/>
            </accessor>
          </technique_common>
        </source>
        <source id="ems060_01_Armature_ems060_01_003_LOD_1-skin-weights">
          <float_array id="ems060_01_Armature_ems060_01_003_LOD_1-skin-weights-array" count="2230">1 1 1 1 1 1 1 1 1 1 1 1 1 1 1 1 1 1 1 1 1 1 1 1 1 1 1 1 1 1 1 1 1 1 1 1 1 1 1 1 1 1 1 1 1 1 1 1 1 1 1 1 1 1 1 1 1 1 1 1 1 1 1 1 1 1 1 1 1 1 1 1 1 1 1 1 1 1 1 1 1 1 1 1 1 1 1 1 1 1 1 1 1 1 1 1 1 1 1 1 1 1 1 1 1 1 1 1 1 1 1 1 1 1 1 1 1 1 1 1 1 1 1 1 1 1 1 1 1 1 1 1 1 1 1 1 1 1 1 1 1 1 1 1 1 1 1 1 1 1 1 1 1 1 1 1 1 1 1 1 1 1 1 1 1 1 1 1 1 1 1 1 1 1 1 1 1 1 1 1 1 1 1 1 1 1 1 1 1 1 1 1 1 1 1 1 1 1 1 1 1 1 1 1 1 1 1 1 1 1 1 1 1 1 1 1 1 1 1 1 1 1 1 1 1 1 1 1 1 1 1 1 1 1 1 1 1 1 1 1 1 1 1 1 1 1 1 1 1 1 1 1 1 1 1 1 1 1 1 1 1 1 1 1 1 1 1 1 1 1 1 1 1 1 1 1 1 1 1 1 1 1 1 1 1 1 1 1 1 1 1 1 1 1 1 1 1 1 1 1 1 1 1 1 1 1 1 1 1 1 1 1 1 1 1 1 1 1 1 1 1 1 1 1 1 1 1 1 1 1 1 1 1 1 1 1 1 1 1 1 1 1 1 1 1 1 1 1 1 1 1 1 1 1 1 1 1 1 1 1 1 1 1 1 1 1 1 1 1 1 1 1 1 1 1 1 1 1 1 1 1 1 1 1 1 1 1 1 1 1 1 1 1 1 1 1 1 1 1 1 1 1 1 1 1 1 1 1 1 1 1 1 1 1 1 1 1 1 1 1 1 1 1 1 1 1 1 1 1 1 1 1 1 1 1 1 1 1 1 1 1 1 1 1 1 1 1 1 1 1 1 1 1 1 1 1 1 1 1 1 1 1 1 1 1 1 1 1 1 1 1 1 1 1 1 1 1 1 1 1 1 1 1 1 1 1 1 1 1 1 1 1 1 1 1 1 1 1 1 1 1 1 1 1 1 1 1 1 1 1 1 1 1 1 1 1 1 1 1 1 1 1 1 1 1 1 1 1 1 1 1 1 1 1 1 1 1 1 1 1 1 1 1 1 1 1 1 1 1 1 1 1 1 1 1 1 1 1 1 1 1 1 1 1 1 1 1 1 1 1 1 1 1 1 1 1 1 1 1 1 1 1 1 1 1 1 1 1 1 1 1 1 1 1 1 1 1 1 1 1 1 1 1 1 1 1 1 1 1 1 1 1 1 1 1 1 1 1 1 1 1 1 1 1 1 1 1 1 1 1 1 1 1 1 1 1 1 1 1 1 1 1 1 1 1 1 1 1 1 1 1 1 1 1 1 1 1 1 1 1 1 1 1 1 1 1 1 1 1 1 1 1 1 1 1 1 1 1 1 1 1 1 1 1 1 1 1 1 1 1 1 1 1 1 1 1 1 1 1 1 1 1 1 1 1 1 1 1 1 1 1 1 1 1 1 1 1 1 1 1 1 1 1 1 1 1 1 1 1 1 1 1 1 1 1 1 1 1 1 1 1 1 1 1 1 1 1 1 1 1 1 1 1 1 1 1 1 1 1 1 1 1 1 1 1 1 1 1 1 1 1 1 1 1 1 1 1 1 1 1 1 1 1 1 1 1 1 1 1 1 1 1 1 1 1 1 1 1 1 1 1 1 1 1 1 1 1 1 1 1 1 1 1 1 1 1 1 1 1 1 1 1 1 1 1 1 1 1 1 1 1 1 1 1 1 1 1 1 1 1 1 1 1 1 1 1 1 1 1 1 1 1 1 1 1 1 1 1 1 1 1 1 1 1 1 1 1 1 1 1 1 1 1 1 1 1 1 1 1 1 1 1 1 1 1 1 1 1 1 1 1 1 1 1 1 1 1 1 1 1 1 1 1 1 1 1 1 1 1 1 1 1 1 1 1 1 1 1 1 1 1 1 1 1 1 1 1 1 1 1 1 1 1 1 1 1 1 1 1 1 1 1 1 1 1 1 1 1 1 1 1 1 1 1 1 1 1 1 1 1 1 1 1 1 1 1 1 1 1 1 1 1 1 1 1 1 1 1 1 1 1 1 1 1 1 1 1 1 1 1 1 1 1 1 1 1 1 1 1 1 1 1 1 1 1 1 1 1 1 1 1 1 1 1 1 1 1 1 1 1 1 1 1 1 1 1 1 1 1 1 1 1 1 1 1 1 1 1 1 1 1 1 1 1 1 1 1 1 1 1 1 1 1 1 1 1 1 1 1 1 1 1 1 1 1 1 1 1 1 1 1 1 1 1 1 1 1 1 1 1 1 1 1 1 1 1 1 1 1 1 1 1 1 1 1 1 1 1 1 1 1 1 1 1 1 1 1 1 1 1 1 1 1 1 1 1 1 1 1 1 1 1 1 1 1 1 1 1 1 1 1 1 1 1 1 1 1 1 1 1 1 1 1 1 1 1 1 1 1 1 1 1 1 1 1 1 1 1 1 1 1 1 1 1 1 1 1 1 1 1 1 1 1 1 1 1 1 1 1 1 1 1 1 1 1 1 1 1 1 1 1 1 1 1 1 1 1 1 1 1 1 1 1 1 1 1 1 1 1 1 1 1 1 1 1 1 1 1 1 1 1 1 1 1 1 1 1 1 1 1 1 1 1 1 1 1 1 1 1 1 1 1 1 1 1 1 1 1 1 1 1 1 1 1 1 1 1 1 1 1 1 1 1 1 1 1 1 1 1 1 1 1 1 1 1 1 1 1 1 1 1 1 1 1 1 1 1 1 1 1 1 1 1 1 1 1 1 1 1 1 1 1 1 1 1 1 1 1 1 1 1 1 1 1 1 1 1 1 1 1 1 1 1 1 1 1 1 1 1 1 1 1 1 1 1 1 1 1 1 1 1 1 1 1 1 1 1 1 1 1 1 1 1 1 1 1 1 1 1 1 1 1 1 1 1 1 1 1 1 1 1 1 1 1 1 1 1 1 1 1 1 1 1 1 1 1 1 1 1 1 1 1 1 1 1 1 1 1 1 1 1 1 1 1 1 1 1 1 1 1 1 1 1 1 1 1 1 1 1 1 1 1 1 1 1 1 1 1 1 1 1 1 1 1 1 1 1 1 1 1 1 1 1 1 1 1 1 1 1 1 1 1 1 1 1 1 1 1 1 1 1 1 1 1 1 1 1 1 1 1 1 1 1 1 1 1 1 1 1 1 1 1 1 1 1 1 1 1 1 1 1 1 1 1 1 1 1 1 1 1 1 1 1 1 1 1 1 1 1 1 1 1 1 1 1 1 1 1 1 1 1 1 1 1 1 1 1 1 1 1 1 1 1 1 1 1 1 1 1 1 1 1 1 1 1 1 1 1 1 1 1 1 1 1 1 1 1 1 1 1 1 1 1 1 1 1 1 1 1 1 1 1 1 1 1 1 1 1 1 1 1 1 1 1 1 1 1 1 1 1 1 1 1 1 1 1 1 1 1 1 1 1 1 1 1 1 1 1 1 1 1 1 1 1 1 1 1 1 1 1 1 1 1 1 1 1 1 1 1 1 1 1 1 1 1 1 1 1 1 1 1 1 1 1 1 1 1 1 1 1 1 1 1 1 1 1 1 1 1 1 1 1 1 1 1 1 1 1 1 1 1 1 1 1 1 1 1 1 1 1 1 1 1 1 1 1 1 1 1 1 1 1 1 1 1 1 1 1 1 1 1 1 1 1 1 1 1 1 1 1 1 1 1 1 1 1 1 1 1 1 1 1 1 1 1 1 1 1 1 1 1 1 1 1 1 1 1 1 1 1 1 1 1 1 1 1 1 1 1 1 1 1 1 1 1 1 1 1 1 1 1 1 1 1 1 1 1 1 1 1 1 1 1 1 1 1 1 1 1 1 1 1 1 1 1 1 1 1 1 1 1 1 1 1 1 1 1 1 1 1 1 1 1 1 1 1 1 1 1 1 1 1 1 1 1 1 1 1 1 1 1 1 1 1 1 1 1 1 1 1 1 1 1 1 1 1 1 1 1 1 1 1 1 1 1 1 1 1 1 1 1 1 1 1 1 1 1 1 1 1 1 1 1 1 1 1 1 1 1 1 1 1 1 1 1 1 1 1 1 1 1 1 1 1 1 1 1 1 1 1 1 1 1 1 1 1 1 1 1 1 1 1 1 1 1 1 1 1 1 1 1 1 1 1 1 1 1 1 1 1 1 1 1 1 1 1 1 1 1 1 1 1 1 1 1 1 1 1 1 1 1 1 1 1 1 1 1 1 1 1 1 1 1 1 1 1 1 1 1 1 1 1 1 1 1 1 1 1 1 1 1 1 1 1 1 1 1 1 1 1 1 1 1 1 1 1 1 1 1 1 1 1 1 1 1 1 1 1 1 1 1 1 1 1 1 1 1 1 1 1 1 1 1 1 1 1 1 1 1 1 1 1 1 1 1 1 1 1 1 1 1 1 1 1 1 1 1 1 1 1 1 1 1 1 1 1 1 1 1 1 1 1 1 1 1 1 1 1 1 1 1 1 1 1 1 1 1 1 1 1 1 1 1 1 1 1 1 1 1 1 1 1 1 1 1 1 1 1 1 1 1 1 1 1 1 1 1 1 1 1 1 1 1 1 1 1 1 1 1 1 1 1 1 1 1 1 1 1 1 1 1 1 1 1 1 1 1 1 1 1 1 1 1 1 1 1 1 1 1 1 1 1 1 1 1 1 1 1 1 1 1 1 1 1 1 1 1 1 1 1 1 1 1 1 1 1 1 1 1 1 1 1 1 1 1 1 1 1 1 1 1 1 1 1 1 1 1 1 1 1 1 1 1 1 1 1 1 1 1 1 1 1 1 1 1 1 1 1 1 1 1 1 1 1 1 1 1 1 1 1 1 1 1 1 1 1 1 1 1 1</float_array>
          <technique_common>
            <accessor source="#ems060_01_Armature_ems060_01_003_LOD_1-skin-weights-array" count="2230" stride="1">
              <param name="WEIGHT" type="float"/>
            </accessor>
          </technique_common>
        </source>
        <joints>
          <input semantic="JOINT" source="#ems060_01_Armature_ems060_01_003_LOD_1-skin-joints"/>
          <input semantic="INV_BIND_MATRIX" source="#ems060_01_Armature_ems060_01_003_LOD_1-skin-bind_poses"/>
        </joints>
        <vertex_weights count="2230">
          <input semantic="JOINT" source="#ems060_01_Armature_ems060_01_003_LOD_1-skin-joints" offset="0"/>
          <input semantic="WEIGHT" source="#ems060_01_Armature_ems060_01_003_LOD_1-skin-weights" offset="1"/>
          <vcount>1 1 1 1 1 1 1 1 1 1 1 1 1 1 1 1 1 1 1 1 1 1 1 1 1 1 1 1 1 1 1 1 1 1 1 1 1 1 1 1 1 1 1 1 1 1 1 1 1 1 1 1 1 1 1 1 1 1 1 1 1 1 1 1 1 1 1 1 1 1 1 1 1 1 1 1 1 1 1 1 1 1 1 1 1 1 1 1 1 1 1 1 1 1 1 1 1 1 1 1 1 1 1 1 1 1 1 1 1 1 1 1 1 1 1 1 1 1 1 1 1 1 1 1 1 1 1 1 1 1 1 1 1 1 1 1 1 1 1 1 1 1 1 1 1 1 1 1 1 1 1 1 1 1 1 1 1 1 1 1 1 1 1 1 1 1 1 1 1 1 1 1 1 1 1 1 1 1 1 1 1 1 1 1 1 1 1 1 1 1 1 1 1 1 1 1 1 1 1 1 1 1 1 1 1 1 1 1 1 1 1 1 1 1 1 1 1 1 1 1 1 1 1 1 1 1 1 1 1 1 1 1 1 1 1 1 1 1 1 1 1 1 1 1 1 1 1 1 1 1 1 1 1 1 1 1 1 1 1 1 1 1 1 1 1 1 1 1 1 1 1 1 1 1 1 1 1 1 1 1 1 1 1 1 1 1 1 1 1 1 1 1 1 1 1 1 1 1 1 1 1 1 1 1 1 1 1 1 1 1 1 1 1 1 1 1 1 1 1 1 1 1 1 1 1 1 1 1 1 1 1 1 1 1 1 1 1 1 1 1 1 1 1 1 1 1 1 1 1 1 1 1 1 1 1 1 1 1 1 1 1 1 1 1 1 1 1 1 1 1 1 1 1 1 1 1 1 1 1 1 1 1 1 1 1 1 1 1 1 1 1 1 1 1 1 1 1 1 1 1 1 1 1 1 1 1 1 1 1 1 1 1 1 1 1 1 1 1 1 1 1 1 1 1 1 1 1 1 1 1 1 1 1 1 1 1 1 1 1 1 1 1 1 1 1 1 1 1 1 1 1 1 1 1 1 1 1 1 1 1 1 1 1 1 1 1 1 1 1 1 1 1 1 1 1 1 1 1 1 1 1 1 1 1 1 1 1 1 1 1 1 1 1 1 1 1 1 1 1 1 1 1 1 1 1 1 1 1 1 1 1 1 1 1 1 1 1 1 1 1 1 1 1 1 1 1 1 1 1 1 1 1 1 1 1 1 1 1 1 1 1 1 1 1 1 1 1 1 1 1 1 1 1 1 1 1 1 1 1 1 1 1 1 1 1 1 1 1 1 1 1 1 1 1 1 1 1 1 1 1 1 1 1 1 1 1 1 1 1 1 1 1 1 1 1 1 1 1 1 1 1 1 1 1 1 1 1 1 1 1 1 1 1 1 1 1 1 1 1 1 1 1 1 1 1 1 1 1 1 1 1 1 1 1 1 1 1 1 1 1 1 1 1 1 1 1 1 1 1 1 1 1 1 1 1 1 1 1 1 1 1 1 1 1 1 1 1 1 1 1 1 1 1 1 1 1 1 1 1 1 1 1 1 1 1 1 1 1 1 1 1 1 1 1 1 1 1 1 1 1 1 1 1 1 1 1 1 1 1 1 1 1 1 1 1 1 1 1 1 1 1 1 1 1 1 1 1 1 1 1 1 1 1 1 1 1 1 1 1 1 1 1 1 1 1 1 1 1 1 1 1 1 1 1 1 1 1 1 1 1 1 1 1 1 1 1 1 1 1 1 1 1 1 1 1 1 1 1 1 1 1 1 1 1 1 1 1 1 1 1 1 1 1 1 1 1 1 1 1 1 1 1 1 1 1 1 1 1 1 1 1 1 1 1 1 1 1 1 1 1 1 1 1 1 1 1 1 1 1 1 1 1 1 1 1 1 1 1 1 1 1 1 1 1 1 1 1 1 1 1 1 1 1 1 1 1 1 1 1 1 1 1 1 1 1 1 1 1 1 1 1 1 1 1 1 1 1 1 1 1 1 1 1 1 1 1 1 1 1 1 1 1 1 1 1 1 1 1 1 1 1 1 1 1 1 1 1 1 1 1 1 1 1 1 1 1 1 1 1 1 1 1 1 1 1 1 1 1 1 1 1 1 1 1 1 1 1 1 1 1 1 1 1 1 1 1 1 1 1 1 1 1 1 1 1 1 1 1 1 1 1 1 1 1 1 1 1 1 1 1 1 1 1 1 1 1 1 1 1 1 1 1 1 1 1 1 1 1 1 1 1 1 1 1 1 1 1 1 1 1 1 1 1 1 1 1 1 1 1 1 1 1 1 1 1 1 1 1 1 1 1 1 1 1 1 1 1 1 1 1 1 1 1 1 1 1 1 1 1 1 1 1 1 1 1 1 1 1 1 1 1 1 1 1 1 1 1 1 1 1 1 1 1 1 1 1 1 1 1 1 1 1 1 1 1 1 1 1 1 1 1 1 1 1 1 1 1 1 1 1 1 1 1 1 1 1 1 1 1 1 1 1 1 1 1 1 1 1 1 1 1 1 1 1 1 1 1 1 1 1 1 1 1 1 1 1 1 1 1 1 1 1 1 1 1 1 1 1 1 1 1 1 1 1 1 1 1 1 1 1 1 1 1 1 1 1 1 1 1 1 1 1 1 1 1 1 1 1 1 1 1 1 1 1 1 1 1 1 1 1 1 1 1 1 1 1 1 1 1 1 1 1 1 1 1 1 1 1 1 1 1 1 1 1 1 1 1 1 1 1 1 1 1 1 1 1 1 1 1 1 1 1 1 1 1 1 1 1 1 1 1 1 1 1 1 1 1 1 1 1 1 1 1 1 1 1 1 1 1 1 1 1 1 1 1 1 1 1 1 1 1 1 1 1 1 1 1 1 1 1 1 1 1 1 1 1 1 1 1 1 1 1 1 1 1 1 1 1 1 1 1 1 1 1 1 1 1 1 1 1 1 1 1 1 1 1 1 1 1 1 1 1 1 1 1 1 1 1 1 1 1 1 1 1 1 1 1 1 1 1 1 1 1 1 1 1 1 1 1 1 1 1 1 1 1 1 1 1 1 1 1 1 1 1 1 1 1 1 1 1 1 1 1 1 1 1 1 1 1 1 1 1 1 1 1 1 1 1 1 1 1 1 1 1 1 1 1 1 1 1 1 1 1 1 1 1 1 1 1 1 1 1 1 1 1 1 1 1 1 1 1 1 1 1 1 1 1 1 1 1 1 1 1 1 1 1 1 1 1 1 1 1 1 1 1 1 1 1 1 1 1 1 1 1 1 1 1 1 1 1 1 1 1 1 1 1 1 1 1 1 1 1 1 1 1 1 1 1 1 1 1 1 1 1 1 1 1 1 1 1 1 1 1 1 1 1 1 1 1 1 1 1 1 1 1 1 1 1 1 1 1 1 1 1 1 1 1 1 1 1 1 1 1 1 1 1 1 1 1 1 1 1 1 1 1 1 1 1 1 1 1 1 1 1 1 1 1 1 1 1 1 1 1 1 1 1 1 1 1 1 1 1 1 1 1 1 1 1 1 1 1 1 1 1 1 1 1 1 1 1 1 1 1 1 1 1 1 1 1 1 1 1 1 1 1 1 1 1 1 1 1 1 1 1 1 1 1 1 1 1 1 1 1 1 1 1 1 1 1 1 1 1 1 1 1 1 1 1 1 1 1 1 1 1 1 1 1 1 1 1 1 1 1 1 1 1 1 1 1 1 1 1 1 1 1 1 1 1 1 1 1 1 1 1 1 1 1 1 1 1 1 1 1 1 1 1 1 1 1 1 1 1 1 1 1 1 1 1 1 1 1 1 1 1 1 1 1 1 1 1 1 1 1 1 1 1 1 1 1 1 1 1 1 1 1 1 1 1 1 1 1 1 1 1 1 1 1 1 1 1 1 1 1 1 1 1 1 1 1 1 1 1 1 1 1 1 1 1 1 1 1 1 1 1 1 1 1 1 1 1 1 1 1 1 1 1 1 1 1 1 1 1 1 1 1 1 1 1 1 1 1 1 1 1 1 1 1 1 1 1 1 1 1 1 1 1 1 1 1 1 1 1 1 1 1 1 1 1 1 1 1 1 1 1 1 1 1 1 1 1 1 1 1 1 1 1 1 1 1 1 1 1 1 1 1 1 1 1 1 1 1 1 1 1 1 1 1 1 1 1 1 1 1 1 1 1 1 1 1 1 1 1 1 1 1 1 1 1 1 1 1 1 1 1 1 1 1 1 1 1 1 1 1 1 1 1 1 1 1 1 1 1 1 1 1 1 1 1 1 1 1 1 1 1 1 1 1 1 1 1 1 1 1 1 1 1 1 1 1 1 1 1 1 1 1 1 1 1 1 1 1 1 1 1 1 1 1 1 1 1 1 1 1 1 1 1 1 1 1 1 1 1 1 1 1 1 1 1 1 1 1 1 1 1 1 1 1 1 1 1 1 1 1 1 1 1 1 1 1 1 1 1 1 1 1 1 1 1 1 1 1 1 1 1 1 1 1 1 1 1 1 1 1 1 1 1 1 1 1 1 1 1 1 1 1 1 1 1 1 1 1 1 1 1 1 1 1 1 1 1 1 1 1 1 1 1 1 1 1 1 1 1 1 1 1 1 1 1 1 1 1 1 1 1 1 1 1 1 1 1 1 1 1 1 1 1 1 1 1 1 1 1 1 1 1 1 1 1 1 1 1 1 1 1 1 1 1 1 1 1 1 1 1 1 1 1 1 1 1 1 1 1 1 1 1 1 1 1 1 1 1 1 1 1 1 1 1 1 1 1 1 1 1 1 1 1 1 1 1 1 1 1 1 1 1 1 1 1 1 1 1 1 1 1 1 1 1 1 1 1 1 1 1 1 1 1 1 1 1 1 1 1 1 1 1 1 1 1 1 1 1 1 1 1 1 1 1 1 1 1 1 1 1 1 1 1 1 1 1 1 1 1 1 1 1 1 1 1 1 1 1 1 1 1 1 1 1 1 1 1 1 1 1 1 1 1 1 1 1 1 1 1 1 1 1 1 1 1 1 1 1 1 1 1 1 1 1 1 1 1 </vcount>
          <v>0 0 0 1 0 2 0 3 0 4 0 5 0 6 0 7 0 8 0 9 0 10 0 11 0 12 0 13 0 14 0 15 0 16 0 17 0 18 0 19 0 20 0 21 0 22 0 23 0 24 0 25 0 26 0 27 0 28 0 29 0 30 0 31 0 32 0 33 0 34 0 35 0 36 0 37 0 38 0 39 0 40 0 41 0 42 0 43 0 44 0 45 0 46 0 47 0 48 0 49 0 50 0 51 0 52 0 53 0 54 0 55 0 56 0 57 0 58 0 59 0 60 0 61 0 62 0 63 0 64 0 65 0 66 0 67 0 68 0 69 0 70 0 71 0 72 0 73 0 74 0 75 0 76 0 77 0 78 0 79 0 80 0 81 0 82 0 83 0 84 0 85 0 86 0 87 0 88 0 89 0 90 0 91 0 92 0 93 0 94 0 95 0 96 0 97 0 98 0 99 0 100 0 101 0 102 0 103 0 104 0 105 0 106 0 107 0 108 0 109 0 110 0 111 0 112 0 113 0 114 0 115 0 116 0 117 0 118 0 119 0 120 0 121 0 122 0 123 0 124 0 125 0 126 0 127 0 128 0 129 0 130 0 131 0 132 0 133 0 134 0 135 0 136 0 137 0 138 0 139 0 140 0 141 0 142 0 143 0 144 0 145 0 146 0 147 0 148 0 149 0 150 0 151 0 152 0 153 0 154 0 155 0 156 0 157 0 158 0 159 0 160 0 161 0 162 0 163 0 164 0 165 0 166 0 167 0 168 0 169 0 170 0 171 0 172 0 173 0 174 0 175 0 176 0 177 0 178 0 179 0 180 0 181 0 182 0 183 0 184 0 185 0 186 0 187 0 188 0 189 0 190 0 191 0 192 0 193 0 194 0 195 0 196 0 197 0 198 0 199 0 200 0 201 0 202 0 203 0 204 0 205 0 206 0 207 0 208 0 209 0 210 0 211 0 212 0 213 0 214 0 215 0 216 0 217 0 218 0 219 0 220 0 221 0 222 0 223 0 224 0 225 0 226 0 227 0 228 0 229 0 230 0 231 0 232 0 233 0 234 0 235 0 236 0 237 0 238 0 239 0 240 0 241 0 242 0 243 0 244 0 245 0 246 0 247 0 248 0 249 0 250 0 251 0 252 0 253 0 254 0 255 0 256 0 257 0 258 0 259 0 260 0 261 0 262 0 263 0 264 0 265 0 266 0 267 0 268 0 269 0 270 0 271 0 272 0 273 0 274 0 275 0 276 0 277 0 278 0 279 0 280 0 281 0 282 0 283 0 284 0 285 0 286 0 287 0 288 0 289 0 290 0 291 0 292 0 293 0 294 0 295 0 296 0 297 0 298 0 299 0 300 0 301 0 302 0 303 0 304 0 305 0 306 0 307 0 308 0 309 0 310 0 311 0 312 0 313 0 314 0 315 0 316 0 317 0 318 0 319 0 320 0 321 0 322 0 323 0 324 0 325 0 326 0 327 0 328 0 329 0 330 0 331 0 332 0 333 0 334 0 335 0 336 0 337 0 338 0 339 0 340 0 341 0 342 0 343 0 344 0 345 0 346 0 347 0 348 0 349 0 350 0 351 0 352 0 353 0 354 0 355 0 356 0 357 0 358 0 359 0 360 0 361 0 362 0 363 0 364 0 365 0 366 0 367 0 368 0 369 0 370 0 371 0 372 0 373 0 374 0 375 0 376 0 377 0 378 0 379 0 380 0 381 0 382 0 383 0 384 0 385 0 386 0 387 0 388 0 389 0 390 0 391 0 392 0 393 0 394 0 395 0 396 0 397 0 398 0 399 0 400 0 401 0 402 0 403 0 404 0 405 0 406 0 407 0 408 0 409 0 410 0 411 0 412 0 413 0 414 0 415 0 416 0 417 0 418 0 419 0 420 0 421 0 422 0 423 0 424 0 425 0 426 0 427 0 428 0 429 0 430 0 431 0 432 0 433 0 434 0 435 0 436 0 437 0 438 0 439 0 440 0 441 0 442 0 443 0 444 0 445 0 446 0 447 0 448 0 449 0 450 0 451 0 452 0 453 0 454 0 455 0 456 0 457 0 458 0 459 0 460 0 461 0 462 0 463 0 464 0 465 0 466 0 467 0 468 0 469 0 470 0 471 0 472 0 473 0 474 0 475 0 476 0 477 0 478 0 479 0 480 0 481 0 482 0 483 0 484 0 485 0 486 0 487 0 488 0 489 0 490 0 491 0 492 0 493 0 494 0 495 0 496 0 497 0 498 0 499 0 500 0 501 0 502 0 503 0 504 0 505 0 506 0 507 0 508 0 509 0 510 0 511 0 512 0 513 0 514 0 515 0 516 0 517 0 518 0 519 0 520 0 521 0 522 0 523 0 524 0 525 0 526 0 527 0 528 0 529 0 530 0 531 0 532 0 533 0 534 0 535 0 536 0 537 0 538 0 539 0 540 0 541 0 542 0 543 0 544 0 545 0 546 0 547 0 548 0 549 0 550 0 551 0 552 0 553 0 554 0 555 0 556 0 557 0 558 0 559 0 560 0 561 0 562 0 563 0 564 0 565 0 566 0 567 0 568 0 569 0 570 0 571 0 572 0 573 0 574 0 575 0 576 0 577 0 578 0 579 0 580 0 581 0 582 0 583 0 584 0 585 0 586 0 587 0 588 0 589 0 590 0 591 0 592 0 593 0 594 0 595 0 596 0 597 0 598 0 599 0 600 0 601 0 602 0 603 0 604 0 605 0 606 0 607 0 608 0 609 0 610 0 611 0 612 0 613 0 614 0 615 0 616 0 617 0 618 0 619 0 620 0 621 0 622 0 623 0 624 0 625 0 626 0 627 0 628 0 629 0 630 0 631 0 632 0 633 0 634 0 635 0 636 0 637 0 638 0 639 0 640 0 641 0 642 0 643 0 644 0 645 0 646 0 647 0 648 0 649 0 650 0 651 0 652 0 653 0 654 0 655 0 656 0 657 0 658 0 659 0 660 0 661 0 662 0 663 0 664 0 665 0 666 0 667 0 668 0 669 0 670 0 671 0 672 0 673 0 674 0 675 0 676 0 677 0 678 0 679 0 680 0 681 0 682 0 683 0 684 0 685 0 686 0 687 0 688 0 689 0 690 0 691 0 692 0 693 0 694 0 695 0 696 0 697 0 698 0 699 0 700 0 701 0 702 0 703 0 704 0 705 0 706 0 707 0 708 0 709 0 710 0 711 0 712 0 713 0 714 0 715 0 716 0 717 0 718 0 719 0 720 0 721 0 722 0 723 0 724 0 725 0 726 0 727 0 728 0 729 0 730 0 731 0 732 0 733 0 734 0 735 0 736 0 737 0 738 0 739 0 740 0 741 0 742 0 743 0 744 0 745 0 746 0 747 0 748 0 749 0 750 0 751 0 752 0 753 0 754 0 755 0 756 0 757 0 758 0 759 0 760 0 761 0 762 0 763 0 764 0 765 0 766 0 767 0 768 0 769 0 770 0 771 0 772 0 773 0 774 0 775 0 776 0 777 0 778 0 779 0 780 0 781 0 782 0 783 0 784 0 785 0 786 0 787 0 788 0 789 0 790 0 791 0 792 0 793 0 794 0 795 0 796 0 797 0 798 0 799 0 800 0 801 0 802 0 803 0 804 0 805 0 806 0 807 0 808 0 809 0 810 0 811 0 812 0 813 0 814 0 815 0 816 0 817 0 818 0 819 0 820 0 821 0 822 0 823 0 824 0 825 0 826 0 827 0 828 0 829 0 830 0 831 0 832 0 833 0 834 0 835 0 836 0 837 0 838 0 839 0 840 0 841 0 842 0 843 0 844 0 845 0 846 0 847 0 848 0 849 0 850 0 851 0 852 0 853 0 854 0 855 0 856 0 857 0 858 0 859 0 860 0 861 0 862 0 863 0 864 0 865 0 866 0 867 0 868 0 869 0 870 0 871 0 872 0 873 0 874 0 875 0 876 0 877 0 878 0 879 0 880 0 881 0 882 0 883 0 884 0 885 0 886 0 887 0 888 0 889 0 890 0 891 0 892 0 893 0 894 0 895 0 896 0 897 0 898 0 899 0 900 0 901 0 902 0 903 0 904 0 905 0 906 0 907 0 908 0 909 0 910 0 911 0 912 0 913 0 914 0 915 0 916 0 917 0 918 0 919 0 920 0 921 0 922 0 923 0 924 0 925 0 926 0 927 0 928 0 929 0 930 0 931 0 932 0 933 0 934 0 935 0 936 0 937 0 938 0 939 0 940 0 941 0 942 0 943 0 944 0 945 0 946 0 947 0 948 0 949 0 950 0 951 0 952 0 953 0 954 0 955 0 956 0 957 0 958 0 959 0 960 0 961 0 962 0 963 0 964 0 965 0 966 0 967 0 968 0 969 0 970 0 971 0 972 0 973 0 974 0 975 0 976 0 977 0 978 0 979 0 980 0 981 0 982 0 983 0 984 0 985 0 986 0 987 0 988 0 989 0 990 0 991 0 992 0 993 0 994 0 995 0 996 0 997 0 998 0 999 0 1000 0 1001 0 1002 0 1003 0 1004 0 1005 0 1006 0 1007 0 1008 0 1009 0 1010 0 1011 0 1012 0 1013 0 1014 0 1015 0 1016 0 1017 0 1018 0 1019 0 1020 0 1021 0 1022 0 1023 0 1024 0 1025 0 1026 0 1027 0 1028 0 1029 0 1030 0 1031 0 1032 0 1033 0 1034 0 1035 0 1036 0 1037 0 1038 0 1039 0 1040 0 1041 0 1042 0 1043 0 1044 0 1045 0 1046 0 1047 0 1048 0 1049 0 1050 0 1051 0 1052 0 1053 0 1054 0 1055 0 1056 0 1057 0 1058 0 1059 0 1060 0 1061 0 1062 0 1063 0 1064 0 1065 0 1066 0 1067 0 1068 0 1069 0 1070 0 1071 0 1072 0 1073 0 1074 0 1075 0 1076 0 1077 0 1078 0 1079 0 1080 0 1081 0 1082 0 1083 0 1084 0 1085 0 1086 0 1087 0 1088 0 1089 0 1090 0 1091 0 1092 0 1093 0 1094 0 1095 0 1096 0 1097 0 1098 0 1099 0 1100 0 1101 0 1102 0 1103 0 1104 0 1105 0 1106 0 1107 0 1108 0 1109 0 1110 0 1111 0 1112 0 1113 0 1114 0 1115 0 1116 0 1117 0 1118 0 1119 0 1120 0 1121 0 1122 0 1123 0 1124 0 1125 0 1126 0 1127 0 1128 0 1129 0 1130 0 1131 0 1132 0 1133 0 1134 0 1135 0 1136 0 1137 0 1138 0 1139 0 1140 0 1141 0 1142 0 1143 0 1144 0 1145 0 1146 0 1147 0 1148 0 1149 0 1150 0 1151 0 1152 0 1153 0 1154 0 1155 0 1156 0 1157 0 1158 0 1159 0 1160 0 1161 0 1162 0 1163 0 1164 0 1165 0 1166 0 1167 0 1168 0 1169 0 1170 0 1171 0 1172 0 1173 0 1174 0 1175 0 1176 0 1177 0 1178 0 1179 0 1180 0 1181 0 1182 0 1183 0 1184 0 1185 0 1186 0 1187 0 1188 0 1189 0 1190 0 1191 0 1192 0 1193 0 1194 0 1195 0 1196 0 1197 0 1198 0 1199 0 1200 0 1201 0 1202 0 1203 0 1204 0 1205 0 1206 0 1207 0 1208 0 1209 0 1210 0 1211 0 1212 0 1213 0 1214 0 1215 0 1216 0 1217 0 1218 0 1219 0 1220 0 1221 0 1222 0 1223 0 1224 0 1225 0 1226 0 1227 0 1228 0 1229 0 1230 0 1231 0 1232 0 1233 0 1234 0 1235 0 1236 0 1237 0 1238 0 1239 0 1240 0 1241 0 1242 0 1243 0 1244 0 1245 0 1246 0 1247 0 1248 0 1249 0 1250 0 1251 0 1252 0 1253 0 1254 0 1255 0 1256 0 1257 0 1258 0 1259 0 1260 0 1261 0 1262 0 1263 0 1264 0 1265 0 1266 0 1267 0 1268 0 1269 0 1270 0 1271 0 1272 0 1273 0 1274 0 1275 0 1276 0 1277 0 1278 0 1279 0 1280 0 1281 0 1282 0 1283 0 1284 0 1285 0 1286 0 1287 0 1288 0 1289 0 1290 0 1291 0 1292 0 1293 0 1294 0 1295 0 1296 0 1297 0 1298 0 1299 0 1300 0 1301 0 1302 0 1303 0 1304 0 1305 0 1306 0 1307 0 1308 0 1309 0 1310 0 1311 0 1312 0 1313 0 1314 0 1315 0 1316 0 1317 0 1318 0 1319 0 1320 0 1321 0 1322 0 1323 0 1324 0 1325 0 1326 0 1327 0 1328 0 1329 0 1330 0 1331 0 1332 0 1333 0 1334 0 1335 0 1336 0 1337 0 1338 0 1339 0 1340 0 1341 0 1342 0 1343 0 1344 0 1345 0 1346 0 1347 0 1348 0 1349 0 1350 0 1351 0 1352 0 1353 0 1354 0 1355 0 1356 0 1357 0 1358 0 1359 0 1360 0 1361 0 1362 0 1363 0 1364 0 1365 0 1366 0 1367 0 1368 0 1369 0 1370 0 1371 0 1372 0 1373 0 1374 0 1375 0 1376 0 1377 0 1378 0 1379 0 1380 0 1381 0 1382 0 1383 0 1384 0 1385 0 1386 0 1387 0 1388 0 1389 0 1390 0 1391 0 1392 0 1393 0 1394 0 1395 0 1396 0 1397 0 1398 0 1399 0 1400 0 1401 0 1402 0 1403 0 1404 0 1405 0 1406 0 1407 0 1408 0 1409 0 1410 0 1411 0 1412 0 1413 0 1414 0 1415 0 1416 0 1417 0 1418 0 1419 0 1420 0 1421 0 1422 0 1423 0 1424 0 1425 0 1426 0 1427 0 1428 0 1429 0 1430 0 1431 0 1432 0 1433 0 1434 0 1435 0 1436 0 1437 0 1438 0 1439 0 1440 0 1441 0 1442 0 1443 0 1444 0 1445 0 1446 0 1447 0 1448 0 1449 0 1450 0 1451 0 1452 0 1453 0 1454 0 1455 0 1456 0 1457 0 1458 0 1459 0 1460 0 1461 0 1462 0 1463 0 1464 0 1465 0 1466 0 1467 0 1468 0 1469 0 1470 0 1471 0 1472 0 1473 0 1474 0 1475 0 1476 0 1477 0 1478 0 1479 0 1480 0 1481 0 1482 0 1483 0 1484 0 1485 0 1486 0 1487 0 1488 0 1489 0 1490 0 1491 0 1492 0 1493 0 1494 0 1495 0 1496 0 1497 0 1498 0 1499 0 1500 0 1501 0 1502 0 1503 0 1504 0 1505 0 1506 0 1507 0 1508 0 1509 0 1510 0 1511 0 1512 0 1513 0 1514 0 1515 0 1516 0 1517 0 1518 0 1519 0 1520 0 1521 0 1522 0 1523 0 1524 0 1525 0 1526 0 1527 0 1528 0 1529 0 1530 0 1531 0 1532 0 1533 0 1534 0 1535 0 1536 0 1537 0 1538 0 1539 0 1540 0 1541 0 1542 0 1543 0 1544 0 1545 0 1546 0 1547 0 1548 0 1549 0 1550 0 1551 0 1552 0 1553 0 1554 0 1555 0 1556 0 1557 0 1558 0 1559 0 1560 0 1561 0 1562 0 1563 0 1564 0 1565 0 1566 0 1567 0 1568 0 1569 0 1570 0 1571 0 1572 0 1573 0 1574 0 1575 0 1576 0 1577 0 1578 0 1579 0 1580 0 1581 0 1582 0 1583 0 1584 0 1585 0 1586 0 1587 0 1588 0 1589 0 1590 0 1591 0 1592 0 1593 0 1594 0 1595 0 1596 0 1597 0 1598 0 1599 0 1600 0 1601 0 1602 0 1603 0 1604 0 1605 0 1606 0 1607 0 1608 0 1609 0 1610 0 1611 0 1612 0 1613 0 1614 0 1615 0 1616 0 1617 0 1618 0 1619 0 1620 0 1621 0 1622 0 1623 0 1624 0 1625 0 1626 0 1627 0 1628 0 1629 0 1630 0 1631 0 1632 0 1633 0 1634 0 1635 0 1636 0 1637 0 1638 0 1639 0 1640 0 1641 0 1642 0 1643 0 1644 0 1645 0 1646 0 1647 0 1648 0 1649 0 1650 0 1651 0 1652 0 1653 0 1654 0 1655 0 1656 0 1657 0 1658 0 1659 0 1660 0 1661 0 1662 0 1663 0 1664 0 1665 0 1666 0 1667 0 1668 0 1669 0 1670 0 1671 0 1672 0 1673 0 1674 0 1675 0 1676 0 1677 0 1678 0 1679 0 1680 0 1681 0 1682 0 1683 0 1684 0 1685 0 1686 0 1687 0 1688 0 1689 0 1690 0 1691 0 1692 0 1693 0 1694 0 1695 0 1696 0 1697 0 1698 0 1699 0 1700 0 1701 0 1702 0 1703 0 1704 0 1705 0 1706 0 1707 0 1708 0 1709 0 1710 0 1711 0 1712 0 1713 0 1714 0 1715 0 1716 0 1717 0 1718 0 1719 0 1720 0 1721 0 1722 0 1723 0 1724 0 1725 0 1726 0 1727 0 1728 0 1729 0 1730 0 1731 0 1732 0 1733 0 1734 0 1735 0 1736 0 1737 0 1738 0 1739 0 1740 0 1741 0 1742 0 1743 0 1744 0 1745 0 1746 0 1747 0 1748 0 1749 0 1750 0 1751 0 1752 0 1753 0 1754 0 1755 0 1756 0 1757 0 1758 0 1759 0 1760 0 1761 0 1762 0 1763 0 1764 0 1765 0 1766 0 1767 0 1768 0 1769 0 1770 0 1771 0 1772 0 1773 0 1774 0 1775 0 1776 0 1777 0 1778 0 1779 0 1780 0 1781 0 1782 0 1783 0 1784 0 1785 0 1786 0 1787 0 1788 0 1789 0 1790 0 1791 0 1792 0 1793 0 1794 0 1795 0 1796 0 1797 0 1798 0 1799 0 1800 0 1801 0 1802 0 1803 0 1804 0 1805 0 1806 0 1807 0 1808 0 1809 0 1810 0 1811 0 1812 0 1813 0 1814 0 1815 0 1816 0 1817 0 1818 0 1819 0 1820 0 1821 0 1822 0 1823 0 1824 0 1825 0 1826 0 1827 0 1828 0 1829 0 1830 0 1831 0 1832 0 1833 0 1834 0 1835 0 1836 0 1837 0 1838 0 1839 0 1840 0 1841 0 1842 0 1843 0 1844 0 1845 0 1846 0 1847 0 1848 0 1849 0 1850 0 1851 0 1852 0 1853 0 1854 0 1855 0 1856 0 1857 0 1858 0 1859 0 1860 0 1861 0 1862 0 1863 0 1864 0 1865 0 1866 0 1867 0 1868 0 1869 0 1870 0 1871 0 1872 0 1873 0 1874 0 1875 0 1876 0 1877 0 1878 0 1879 0 1880 0 1881 0 1882 0 1883 0 1884 0 1885 0 1886 0 1887 0 1888 0 1889 0 1890 0 1891 0 1892 0 1893 0 1894 0 1895 0 1896 0 1897 0 1898 0 1899 0 1900 0 1901 0 1902 0 1903 0 1904 0 1905 0 1906 0 1907 0 1908 0 1909 0 1910 0 1911 0 1912 0 1913 0 1914 0 1915 0 1916 0 1917 0 1918 0 1919 0 1920 0 1921 0 1922 0 1923 0 1924 0 1925 0 1926 0 1927 0 1928 0 1929 0 1930 0 1931 0 1932 0 1933 0 1934 0 1935 0 1936 0 1937 0 1938 0 1939 0 1940 0 1941 0 1942 0 1943 0 1944 0 1945 0 1946 0 1947 0 1948 0 1949 0 1950 0 1951 0 1952 0 1953 0 1954 0 1955 0 1956 0 1957 0 1958 0 1959 0 1960 0 1961 0 1962 0 1963 0 1964 0 1965 0 1966 0 1967 0 1968 0 1969 0 1970 0 1971 0 1972 0 1973 0 1974 0 1975 0 1976 0 1977 0 1978 0 1979 0 1980 0 1981 0 1982 0 1983 0 1984 0 1985 0 1986 0 1987 0 1988 0 1989 0 1990 0 1991 0 1992 0 1993 0 1994 0 1995 0 1996 0 1997 0 1998 0 1999 0 2000 0 2001 0 2002 0 2003 0 2004 0 2005 0 2006 0 2007 0 2008 0 2009 0 2010 0 2011 0 2012 0 2013 0 2014 0 2015 0 2016 0 2017 0 2018 0 2019 0 2020 0 2021 0 2022 0 2023 0 2024 0 2025 0 2026 0 2027 0 2028 0 2029 0 2030 0 2031 0 2032 0 2033 0 2034 0 2035 0 2036 0 2037 0 2038 0 2039 0 2040 0 2041 0 2042 0 2043 0 2044 0 2045 0 2046 0 2047 0 2048 0 2049 0 2050 0 2051 0 2052 0 2053 0 2054 0 2055 0 2056 0 2057 0 2058 0 2059 0 2060 0 2061 0 2062 0 2063 0 2064 0 2065 0 2066 0 2067 0 2068 0 2069 0 2070 0 2071 0 2072 0 2073 0 2074 0 2075 0 2076 0 2077 0 2078 0 2079 0 2080 0 2081 0 2082 0 2083 0 2084 0 2085 0 2086 0 2087 0 2088 0 2089 0 2090 0 2091 0 2092 0 2093 0 2094 0 2095 0 2096 0 2097 0 2098 0 2099 0 2100 0 2101 0 2102 0 2103 0 2104 0 2105 0 2106 0 2107 0 2108 0 2109 0 2110 0 2111 0 2112 0 2113 0 2114 0 2115 0 2116 0 2117 0 2118 0 2119 0 2120 0 2121 0 2122 0 2123 0 2124 0 2125 0 2126 0 2127 0 2128 0 2129 0 2130 0 2131 0 2132 0 2133 0 2134 0 2135 0 2136 0 2137 0 2138 0 2139 0 2140 0 2141 0 2142 0 2143 0 2144 0 2145 0 2146 0 2147 0 2148 0 2149 0 2150 0 2151 0 2152 0 2153 0 2154 0 2155 0 2156 0 2157 0 2158 0 2159 0 2160 0 2161 0 2162 0 2163 0 2164 0 2165 0 2166 0 2167 0 2168 0 2169 0 2170 0 2171 0 2172 0 2173 0 2174 0 2175 0 2176 0 2177 0 2178 0 2179 0 2180 0 2181 0 2182 0 2183 0 2184 0 2185 0 2186 0 2187 0 2188 0 2189 0 2190 0 2191 0 2192 0 2193 0 2194 0 2195 0 2196 0 2197 0 2198 0 2199 0 2200 0 2201 0 2202 0 2203 0 2204 0 2205 0 2206 0 2207 0 2208 0 2209 0 2210 0 2211 0 2212 0 2213 0 2214 0 2215 0 2216 0 2217 0 2218 0 2219 0 2220 0 2221 0 2222 0 2223 0 2224 0 2225 0 2226 0 2227 0 2228 0 2229</v>
        </vertex_weights>
      </skin>
    </controller>
  </library_controllers>
  <library_visual_scenes>
    <visual_scene id="Scene" name="Scene">
      <node id="ems060_01_Armature" name="ems060_01 Armature" type="NODE">
        <matrix sid="transform">0.01 0 0 0 0 -1.62921e-9 -0.01 0 0 0.01 -1.62921e-9 0 0 0 0 1</matrix>
        <node id="ems060_01_Armature_Bone_255" name="Bone.255" sid="Bone_255" type="JOINT">
          <matrix sid="transform">1 0 0 0 0 1 0 0 0 0 1 0 0 0 0 1</matrix>
          <node id="ems060_01_Armature_Bone_000" name="Bone.000" sid="Bone_000" type="JOINT">
            <matrix sid="transform">1 0 0 0 0 1 0 0 0 0 1 0 0 0 0 1</matrix>
            <node id="ems060_01_Armature_Bone_001" name="Bone.001" sid="Bone_001" type="JOINT">
              <matrix sid="transform">1 0 0 25 0 1 0 205 0 0 1 175 0 0 0 1</matrix>
              <extra>
                <technique profile="blender">
                  <layer sid="layer" type="string">0</layer>
                  <tip_x sid="tip_x" type="float">0</tip_x>
                  <tip_y sid="tip_y" type="float">0.00390625</tip_y>
                  <tip_z sid="tip_z" type="float">0</tip_z>
                </technique>
              </extra>
            </node>
            <node id="ems060_01_Armature_Bone_002" name="Bone.002" sid="Bone_002" type="JOINT">
              <matrix sid="transform">1 0 0 0 0 1 0 490 0 0 1 -250 0 0 0 1</matrix>
              <extra>
                <technique profile="blender">
                  <layer sid="layer" type="string">0</layer>
                  <tip_x sid="tip_x" type="float">0</tip_x>
                  <tip_y sid="tip_y" type="float">0.00390625</tip_y>
                  <tip_z sid="tip_z" type="float">0</tip_z>
                </technique>
              </extra>
            </node>
            <node id="ems060_01_Armature_Bone_003" name="Bone.003" sid="Bone_003" type="JOINT">
              <matrix sid="transform">1 0 0 -30 0 1 0 725 0 0 1 -240 0 0 0 1</matrix>
              <extra>
                <technique profile="blender">
                  <layer sid="layer" type="string">0</layer>
                  <tip_x sid="tip_x" type="float">0</tip_x>
                  <tip_y sid="tip_y" type="float">0.00390625</tip_y>
                  <tip_z sid="tip_z" type="float">0</tip_z>
                </technique>
              </extra>
            </node>
            <extra>
              <technique profile="blender">
                <layer sid="layer" type="string">0</layer>
                <tip_x sid="tip_x" type="float">0</tip_x>
                <tip_y sid="tip_y" type="float">0.00390625</tip_y>
                <tip_z sid="tip_z" type="float">0</tip_z>
              </technique>
            </extra>
          </node>
          <extra>
            <technique profile="blender">
              <layer sid="layer" type="string">0</layer>
              <tip_x sid="tip_x" type="float">0</tip_x>
              <tip_y sid="tip_y" type="float">0.00390625</tip_y>
              <tip_z sid="tip_z" type="float">0</tip_z>
            </technique>
          </extra>
        </node>
        <node id="ems060_01_003_LOD_1" name="ems060_01 003 LOD 1" type="NODE">
          <matrix sid="transform">1 0 0 0 0 1 0 0 0 0 1 0 0 0 0 1</matrix>
          <instance_controller url="#ems060_01_Armature_ems060_01_003_LOD_1-skin">
            <skeleton>#ems060_01_Armature_Bone_255</skeleton>
            <bind_material>
              <technique_common>
                <instance_material symbol="ems060_01_Ch_EM106_Mt__head_core_001-material" target="#ems060_01_Ch_EM106_Mt__head_core_001-material">
                  <bind_vertex_input semantic="ems060_01_003_LOD_1-mesh-map-0" input_semantic="TEXCOORD" input_set="0"/>
                </instance_material>
              </technique_common>
            </bind_material>
          </instance_controller>
        </node>
      </node>
    </visual_scene>
  </library_visual_scenes>
  <scene>
    <instance_visual_scene url="#Scene"/>
  </scene>
</COLLADA>